year_month,date,region,company,bev_sales,battery_pack_price_usd_kwh,lithium_carbonate_price_usd_ton,nickel_price_usd_ton,cobalt_price_usd_ton,wti_oil_price_usd,residential_electricity_price_usd_kwh,interest_rate_pct,cpi_index,gdp_growth_index,used_ev_depreciation_rate_pct,semiconductor_lead_time_weeks,public_chargers_per_million_capita,fast_chargers_ratio,applied_tariff_rate_pct,subsidy_intensity_ratio,us_ira_feoc_dummy,eu_co2_target_tightening_dummy,cn_trade_in_scheme_dummy,lfp_battery_mix_pct,average_msrp_usd,bev_lineup_count
2020-01,2020-01-01,US,Tesla,11946,138.43,7897.37,16417.04,45518.15,33.5,0.132,0.25,99.95,2.54,16.88,12.6,316.2,0.22,2.5,0.1,0,0,0,0.5,48360.28,4
2020-01,2020-01-01,US,BYD,159,138.43,7897.37,16417.04,45518.15,33.5,0.132,0.25,99.95,2.54,16.88,12.6,316.2,0.22,27.5,0.1,0,0,0,0.92,21117.34,8
2020-01,2020-01-01,US,Volkswagen Group,1598,138.43,7897.37,16417.04,45518.15,33.5,0.132,0.25,99.95,2.54,16.88,12.6,316.2,0.22,2.5,0.1,0,0,0,0.15,44331.31,3
2020-01,2020-01-01,US,Hyundai-Kia Group,2433,138.43,7897.37,16417.04,45518.15,33.5,0.132,0.25,99.95,2.54,16.88,12.6,316.2,0.22,2.5,0.1,0,0,0,0.2,41594.27,3
2020-01,2020-01-01,US,BMW Group,472,138.43,7897.37,16417.04,45518.15,33.5,0.132,0.25,99.95,2.54,16.88,12.6,316.2,0.22,2.5,0.1,0,0,0,0.1,57935.08,2
2020-01,2020-01-01,US,Mercedes-Benz Group,569,138.43,7897.37,16417.04,45518.15,33.5,0.132,0.25,99.95,2.54,16.88,12.6,316.2,0.22,2.5,0.1,0,0,0,0.08,65887.11,2
2020-01,2020-01-01,US,Toyota,121,138.43,7897.37,16417.04,45518.15,33.5,0.132,0.25,99.95,2.54,16.88,12.6,316.2,0.22,2.5,0.1,0,0,0,0.05,39500.0,1
2020-01,2020-01-01,EU,Tesla,8396,138.43,7897.37,16417.04,45518.15,33.5,0.235,0.25,99.95,2.54,16.01,12.6,502.9,0.2,10.0,0.12,0,0,0,0.5,48154.7,4
2020-01,2020-01-01,EU,BYD,657,138.43,7897.37,16417.04,45518.15,33.5,0.235,0.25,99.95,2.54,16.01,12.6,502.9,0.2,10.0,0.12,0,0,0,0.92,21379.87,8
2020-01,2020-01-01,EU,Volkswagen Group,8547,138.43,7897.37,16417.04,45518.15,33.5,0.235,0.25,99.95,2.54,16.01,12.6,502.9,0.2,10.0,0.12,0,0,0,0.15,44319.49,3
2020-01,2020-01-01,EU,Hyundai-Kia Group,2706,138.43,7897.37,16417.04,45518.15,33.5,0.235,0.25,99.95,2.54,16.01,12.6,502.9,0.2,10.0,0.12,0,0,0,0.2,41495.95,3
2020-01,2020-01-01,EU,BMW Group,1392,138.43,7897.37,16417.04,45518.15,33.5,0.235,0.25,99.95,2.54,16.01,12.6,502.9,0.2,10.0,0.12,0,0,0,0.1,58829.02,2
2020-01,2020-01-01,EU,Mercedes-Benz Group,1615,138.43,7897.37,16417.04,45518.15,33.5,0.235,0.25,99.95,2.54,16.01,12.6,502.9,0.2,10.0,0.12,0,0,0,0.08,66104.43,2
2020-01,2020-01-01,EU,Toyota,102,138.43,7897.37,16417.04,45518.15,33.5,0.235,0.25,99.95,2.54,16.01,12.6,502.9,0.2,10.0,0.12,0,0,0,0.05,39500.0,1
2020-01,2020-01-01,CN,Tesla,10712,138.43,7897.37,16417.04,45518.15,33.5,0.088,0.25,99.95,2.54,16.61,12.6,1073.4,0.44,15.0,0.14,0,0,0,0.7,48551.41,4
2020-01,2020-01-01,CN,BYD,7476,138.43,7897.37,16417.04,45518.15,33.5,0.088,0.25,99.95,2.54,16.61,12.6,1073.4,0.44,15.0,0.14,0,0,0,0.92,21439.78,8
2020-01,2020-01-01,CN,Volkswagen Group,3954,138.43,7897.37,16417.04,45518.15,33.5,0.088,0.25,99.95,2.54,16.61,12.6,1073.4,0.44,15.0,0.14,0,0,0,0.15,44284.05,3
2020-01,2020-01-01,CN,Hyundai-Kia Group,452,138.43,7897.37,16417.04,45518.15,33.5,0.088,0.25,99.95,2.54,16.61,12.6,1073.4,0.44,15.0,0.14,0,0,0,0.2,41817.14,3
2020-01,2020-01-01,CN,BMW Group,858,138.43,7897.37,16417.04,45518.15,33.5,0.088,0.25,99.95,2.54,16.61,12.6,1073.4,0.44,15.0,0.14,0,0,0,0.1,57794.78,2
2020-01,2020-01-01,CN,Mercedes-Benz Group,899,138.43,7897.37,16417.04,45518.15,33.5,0.088,0.25,99.95,2.54,16.61,12.6,1073.4,0.44,15.0,0.14,0,0,0,0.08,65807.46,2
2020-01,2020-01-01,CN,Toyota,78,138.43,7897.37,16417.04,45518.15,33.5,0.088,0.25,99.95,2.54,16.61,12.6,1073.4,0.44,15.0,0.14,0,0,0,0.05,39500.0,1
2020-02,2020-02-01,US,Tesla,11245,135.19,8189.34,17991.32,45690.07,35.0,0.1327,0.25,100.49,2.63,15.56,11.6,333.7,0.222,2.5,0.099,0,0,0,0.5,48633.76,4
2020-02,2020-02-01,US,BYD,158,135.19,8189.34,17991.32,45690.07,35.0,0.1327,0.25,100.49,2.63,15.56,11.6,333.7,0.222,27.5,0.099,0,0,0,0.92,21530.6,8
2020-02,2020-02-01,US,Volkswagen Group,1667,135.19,8189.34,17991.32,45690.07,35.0,0.1327,0.25,100.49,2.63,15.56,11.6,333.7,0.222,2.5,0.099,0,0,0,0.15,44538.49,3
2020-02,2020-02-01,US,Hyundai-Kia Group,2368,135.19,8189.34,17991.32,45690.07,35.0,0.1327,0.25,100.49,2.63,15.56,11.6,333.7,0.222,2.5,0.099,0,0,0,0.2,41528.42,3
2020-02,2020-02-01,US,BMW Group,488,135.19,8189.34,17991.32,45690.07,35.0,0.1327,0.25,100.49,2.63,15.56,11.6,333.7,0.222,2.5,0.099,0,0,0,0.1,58435.67,2
2020-02,2020-02-01,US,Mercedes-Benz Group,548,135.19,8189.34,17991.32,45690.07,35.0,0.1327,0.25,100.49,2.63,15.56,11.6,333.7,0.222,2.5,0.099,0,0,0,0.08,64650.13,2
2020-02,2020-02-01,US,Toyota,119,135.19,8189.34,17991.32,45690.07,35.0,0.1327,0.25,100.49,2.63,15.56,11.6,333.7,0.222,2.5,0.099,0,0,0,0.05,39500.0,1
2020-02,2020-02-01,EU,Tesla,8006,135.19,8189.34,17991.32,45690.07,35.0,0.2358,0.25,100.49,2.63,16.21,11.6,545.5,0.203,10.0,0.119,0,0,0,0.5,47793.73,4
2020-02,2020-02-01,EU,BYD,616,135.19,8189.34,17991.32,45690.07,35.0,0.2358,0.25,100.49,2.63,16.21,11.6,545.5,0.203,10.0,0.119,0,0,0,0.92,21616.42,8
2020-02,2020-02-01,EU,Volkswagen Group,8574,135.19,8189.34,17991.32,45690.07,35.0,0.2358,0.25,100.49,2.63,16.21,11.6,545.5,0.203,10.0,0.119,0,0,0,0.15,44274.52,3
2020-02,2020-02-01,EU,Hyundai-Kia Group,2393,135.19,8189.34,17991.32,45690.07,35.0,0.2358,0.25,100.49,2.63,16.21,11.6,545.5,0.203,10.0,0.119,0,0,0,0.2,41269.47,3
2020-02,2020-02-01,EU,BMW Group,1407,135.19,8189.34,17991.32,45690.07,35.0,0.2358,0.25,100.49,2.63,16.21,11.6,545.5,0.203,10.0,0.119,0,0,0,0.1,58581.5,2
2020-02,2020-02-01,EU,Mercedes-Benz Group,1573,135.19,8189.34,17991.32,45690.07,35.0,0.2358,0.25,100.49,2.63,16.21,11.6,545.5,0.203,10.0,0.119,0,0,0,0.08,66216.63,2
2020-02,2020-02-01,EU,Toyota,103,135.19,8189.34,17991.32,45690.07,35.0,0.2358,0.25,100.49,2.63,16.21,11.6,545.5,0.203,10.0,0.119,0,0,0,0.05,39500.0,1
2020-02,2020-02-01,CN,Tesla,9970,135.19,8189.34,17991.32,45690.07,35.0,0.0882,0.25,100.49,2.63,15.89,11.6,1167.4,0.443,15.0,0.138,0,0,0,0.7,48272.37,4
2020-02,2020-02-01,CN,BYD,6900,135.19,8189.34,17991.32,45690.07,35.0,0.0882,0.25,100.49,2.63,15.89,11.6,1167.4,0.443,15.0,0.138,0,0,0,0.92,21604.22,8
2020-02,2020-02-01,CN,Volkswagen Group,3986,135.19,8189.34,17991.32,45690.07,35.0,0.0882,0.25,100.49,2.63,15.89,11.6,1167.4,0.443,15.0,0.138,0,0,0,0.15,44431.53,3
2020-02,2020-02-01,CN,Hyundai-Kia Group,436,135.19,8189.34,17991.32,45690.07,35.0,0.0882,0.25,100.49,2.63,15.89,11.6,1167.4,0.443,15.0,0.138,0,0,0,0.2,40995.39,3
2020-02,2020-02-01,CN,BMW Group,805,135.19,8189.34,17991.32,45690.07,35.0,0.0882,0.25,100.49,2.63,15.89,11.6,1167.4,0.443,15.0,0.138,0,0,0,0.1,58312.91,2
2020-02,2020-02-01,CN,Mercedes-Benz Group,835,135.19,8189.34,17991.32,45690.07,35.0,0.0882,0.25,100.49,2.63,15.89,11.6,1167.4,0.443,15.0,0.138,0,0,0,0.08,65879.36,2
2020-02,2020-02-01,CN,Toyota,77,135.19,8189.34,17991.32,45690.07,35.0,0.0882,0.25,100.49,2.63,15.89,11.6,1167.4,0.443,15.0,0.138,0,0,0,0.05,39500.0,1
2020-03,2020-03-01,US,Tesla,17862,135.71,9408.95,18336.57,44986.77,36.5,0.1333,0.25,100.83,2.67,16.69,14.0,348.9,0.224,2.5,0.098,0,0,0,0.5,47929.4,4
2020-03,2020-03-01,US,BYD,242,135.71,9408.95,18336.57,44986.77,36.5,0.1333,0.25,100.83,2.67,16.69,14.0,348.9,0.224,27.5,0.098,0,0,0,0.92,21740.39,8
2020-03,2020-03-01,US,Volkswagen Group,2544,135.71,9408.95,18336.57,44986.77,36.5,0.1333,0.25,100.83,2.67,16.69,14.0,348.9,0.224,2.5,0.098,0,0,0,0.16,44087.18,3
2020-03,2020-03-01,US,Hyundai-Kia Group,3856,135.71,9408.95,18336.57,44986.77,36.5,0.1333,0.25,100.83,2.67,16.69,14.0,348.9,0.224,2.5,0.098,0,0,0,0.21,40919.44,3
2020-03,2020-03-01,US,BMW Group,729,135.71,9408.95,18336.57,44986.77,36.5,0.1333,0.25,100.83,2.67,16.69,14.0,348.9,0.224,2.5,0.098,0,0,0,0.1,59276.18,2
2020-03,2020-03-01,US,Mercedes-Benz Group,781,135.71,9408.95,18336.57,44986.77,36.5,0.1333,0.25,100.83,2.67,16.69,14.0,348.9,0.224,2.5,0.098,0,0,0,0.08,65636.85,2
2020-03,2020-03-01,US,Toyota,179,135.71,9408.95,18336.57,44986.77,36.5,0.1333,0.25,100.83,2.67,16.69,14.0,348.9,0.224,2.5,0.098,0,0,0,0.05,39500.0,1
2020-03,2020-03-01,EU,Tesla,12424,135.71,9408.95,18336.57,44986.77,36.5,0.2366,0.25,100.83,2.67,15.21,14.0,563.0,0.206,10.0,0.118,0,0,0,0.5,47961.31,4
2020-03,2020-03-01,EU,BYD,976,135.71,9408.95,18336.57,44986.77,36.5,0.2366,0.25,100.83,2.67,15.21,14.0,563.0,0.206,10.0,0.118,0,0,0,0.92,21406.12,8
2020-03,2020-03-01,EU,Volkswagen Group,13338,135.71,9408.95,18336.57,44986.77,36.5,0.2366,0.25,100.83,2.67,15.21,14.0,563.0,0.206,10.0,0.118,0,0,0,0.16,44125.02,3
2020-03,2020-03-01,EU,Hyundai-Kia Group,3770,135.71,9408.95,18336.57,44986.77,36.5,0.2366,0.25,100.83,2.67,15.21,14.0,563.0,0.206,10.0,0.118,0,0,0,0.21,41584.06,3
2020-03,2020-03-01,EU,BMW Group,2054,135.71,9408.95,18336.57,44986.77,36.5,0.2366,0.25,100.83,2.67,15.21,14.0,563.0,0.206,10.0,0.118,0,0,0,0.1,58490.98,2
2020-03,2020-03-01,EU,Mercedes-Benz Group,2574,135.71,9408.95,18336.57,44986.77,36.5,0.2366,0.25,100.83,2.67,15.21,14.0,563.0,0.206,10.0,0.118,0,0,0,0.08,65116.26,2
2020-03,2020-03-01,EU,Toyota,161,135.71,9408.95,18336.57,44986.77,36.5,0.2366,0.25,100.83,2.67,15.21,14.0,563.0,0.206,10.0,0.118,0,0,0,0.05,39500.0,1
2020-03,2020-03-01,CN,Tesla,14896,135.71,9408.95,18336.57,44986.77,36.5,0.0884,0.25,100.83,2.67,17.08,14.0,1201.2,0.446,15.0,0.136,0,0,0,0.7,47883.86,4
2020-03,2020-03-01,CN,BYD,11193,135.71,9408.95,18336.57,44986.77,36.5,0.0884,0.25,100.83,2.67,17.08,14.0,1201.2,0.446,15.0,0.136,0,0,0,0.92,21649.4,8
2020-03,2020-03-01,CN,Volkswagen Group,6111,135.71,9408.95,18336.57,44986.77,36.5,0.0884,0.25,100.83,2.67,17.08,14.0,1201.2,0.446,15.0,0.136,0,0,0,0.16,44463.93,3
2020-03,2020-03-01,CN,Hyundai-Kia Group,660,135.71,9408.95,18336.57,44986.77,36.5,0.0884,0.25,100.83,2.67,17.08,14.0,1201.2,0.446,15.0,0.136,0,0,0,0.21,41409.68,3
2020-03,2020-03-01,CN,BMW Group,1260,135.71,9408.95,18336.57,44986.77,36.5,0.0884,0.25,100.83,2.67,17.08,14.0,1201.2,0.446,15.0,0.136,0,0,0,0.1,58114.26,2
2020-03,2020-03-01,CN,Mercedes-Benz Group,1378,135.71,9408.95,18336.57,44986.77,36.5,0.0884,0.25,100.83,2.67,17.08,14.0,1201.2,0.446,15.0,0.136,0,0,0,0.08,66156.92,2
2020-03,2020-03-01,CN,Toyota,113,135.71,9408.95,18336.57,44986.77,36.5,0.0884,0.25,100.83,2.67,17.08,14.0,1201.2,0.446,15.0,0.136,0,0,0,0.05,39500.0,1
2020-04,2020-04-01,US,Tesla,14702,136.79,8625.24,18479.1,45138.37,38.0,0.134,0.25,101.45,2.89,16.25,12.7,380.8,0.227,2.5,0.098,0,0,0,0.5,47903.15,4
2020-04,2020-04-01,US,BYD,192,136.79,8625.24,18479.1,45138.37,38.0,0.134,0.25,101.45,2.89,16.25,12.7,380.8,0.227,27.5,0.098,0,0,0,0.92,21619.58,8
2020-04,2020-04-01,US,Volkswagen Group,2111,136.79,8625.24,18479.1,45138.37,38.0,0.134,0.25,101.45,2.89,16.25,12.7,380.8,0.227,2.5,0.098,0,0,0,0.16,44373.01,3
2020-04,2020-04-01,US,Hyundai-Kia Group,3189,136.79,8625.24,18479.1,45138.37,38.0,0.134,0.25,101.45,2.89,16.25,12.7,380.8,0.227,2.5,0.098,0,0,0,0.21,41263.9,3
2020-04,2020-04-01,US,BMW Group,628,136.79,8625.24,18479.1,45138.37,38.0,0.134,0.25,101.45,2.89,16.25,12.7,380.8,0.227,2.5,0.098,0,0,0,0.1,58244.14,2
2020-04,2020-04-01,US,Mercedes-Benz Group,730,136.79,8625.24,18479.1,45138.37,38.0,0.134,0.25,101.45,2.89,16.25,12.7,380.8,0.227,2.5,0.098,0,0,0,0.08,66192.83,2
2020-04,2020-04-01,US,Toyota,146,136.79,8625.24,18479.1,45138.37,38.0,0.134,0.25,101.45,2.89,16.25,12.7,380.8,0.227,2.5,0.098,0,0,0,0.05,39500.0,1
2020-04,2020-04-01,EU,Tesla,10213,136.79,8625.24,18479.1,45138.37,38.0,0.2374,0.25,101.45,2.89,16.84,12.7,580.6,0.208,10.0,0.116,0,0,0,0.5,48384.2,4
2020-04,2020-04-01,EU,BYD,809,136.79,8625.24,18479.1,45138.37,38.0,0.2374,0.25,101.45,2.89,16.84,12.7,580.6,0.208,10.0,0.116,0,0,0,0.92,21620.43,8
2020-04,2020-04-01,EU,Volkswagen Group,10329,136.79,8625.24,18479.1,45138.37,38.0,0.2374,0.25,101.45,2.89,16.84,12.7,580.6,0.208,10.0,0.116,0,0,0,0.16,43835.55,3
2020-04,2020-04-01,EU,Hyundai-Kia Group,3113,136.79,8625.24,18479.1,45138.37,38.0,0.2374,0.25,101.45,2.89,16.84,12.7,580.6,0.208,10.0,0.116,0,0,0,0.21,41516.92,3
2020-04,2020-04-01,EU,BMW Group,1775,136.79,8625.24,18479.1,45138.37,38.0,0.2374,0.25,101.45,2.89,16.84,12.7,580.6,0.208,10.0,0.116,0,0,0,0.1,57851.7,2
2020-04,2020-04-01,EU,Mercedes-Benz Group,2067,136.79,8625.24,18479.1,45138.37,38.0,0.2374,0.25,101.45,2.89,16.84,12.7,580.6,0.208,10.0,0.116,0,0,0,0.08,66072.66,2
2020-04,2020-04-01,EU,Toyota,129,136.79,8625.24,18479.1,45138.37,38.0,0.2374,0.25,101.45,2.89,16.84,12.7,580.6,0.208,10.0,0.116,0,0,0,0.05,39500.0,1
2020-04,2020-04-01,CN,Tesla,12543,136.79,8625.24,18479.1,45138.37,38.0,0.0885,0.25,101.45,2.89,16.5,12.7,1247.1,0.45,15.0,0.135,0,0,0,0.7,48277.34,4
2020-04,2020-04-01,CN,BYD,9409,136.79,8625.24,18479.1,45138.37,38.0,0.0885,0.25,101.45,2.89,16.5,12.7,1247.1,0.45,15.0,0.135,0,0,0,0.92,21851.61,8
2020-04,2020-04-01,CN,Volkswagen Group,5246,136.79,8625.24,18479.1,45138.37,38.0,0.0885,0.25,101.45,2.89,16.5,12.7,1247.1,0.45,15.0,0.135,0,0,0,0.16,43876.7,3
2020-04,2020-04-01,CN,Hyundai-Kia Group,551,136.79,8625.24,18479.1,45138.37,38.0,0.0885,0.25,101.45,2.89,16.5,12.7,1247.1,0.45,15.0,0.135,0,0,0,0.21,41414.51,3
2020-04,2020-04-01,CN,BMW Group,1065,136.79,8625.24,18479.1,45138.37,38.0,0.0885,0.25,101.45,2.89,16.5,12.7,1247.1,0.45,15.0,0.135,0,0,0,0.1,58556.02,2
2020-04,2020-04-01,CN,Mercedes-Benz Group,1218,136.79,8625.24,18479.1,45138.37,38.0,0.0885,0.25,101.45,2.89,16.5,12.7,1247.1,0.45,15.0,0.135,0,0,0,0.08,66165.45,2
2020-04,2020-04-01,CN,Toyota,101,136.79,8625.24,18479.1,45138.37,38.0,0.0885,0.25,101.45,2.89,16.5,12.7,1247.1,0.45,15.0,0.135,0,0,0,0.05,39500.0,1
2020-05,2020-05-01,US,Tesla,16744,135.91,9063.2,20246.81,43879.46,39.5,0.1346,0.25,101.63,2.91,14.96,12.1,399.3,0.229,2.5,0.097,0,0,0,0.5,47576.19,4
2020-05,2020-05-01,US,BYD,212,135.91,9063.2,20246.81,43879.46,39.5,0.1346,0.25,101.63,2.91,14.96,12.1,399.3,0.229,27.5,0.097,0,0,0,0.92,21897.79,8
2020-05,2020-05-01,US,Volkswagen Group,2287,135.91,9063.2,20246.81,43879.46,39.5,0.1346,0.25,101.63,2.91,14.96,12.1,399.3,0.229,2.5,0.097,0,0,0,0.16,43896.68,3
2020-05,2020-05-01,US,Hyundai-Kia Group,3330,135.91,9063.2,20246.81,43879.46,39.5,0.1346,0.25,101.63,2.91,14.96,12.1,399.3,0.229,2.5,0.097,0,0,0,0.22,41383.88,3
2020-05,2020-05-01,US,BMW Group,644,135.91,9063.2,20246.81,43879.46,39.5,0.1346,0.25,101.63,2.91,14.96,12.1,399.3,0.229,2.5,0.097,0,0,0,0.1,58386.58,2
2020-05,2020-05-01,US,Mercedes-Benz Group,740,135.91,9063.2,20246.81,43879.46,39.5,0.1346,0.25,101.63,2.91,14.96,12.1,399.3,0.229,2.5,0.097,0,0,0,0.08,65514.2,2
2020-05,2020-05-01,US,Toyota,174,135.91,9063.2,20246.81,43879.46,39.5,0.1346,0.25,101.63,2.91,14.96,12.1,399.3,0.229,2.5,0.097,0,0,0,0.05,39500.0,1
2020-05,2020-05-01,EU,Tesla,11342,135.91,9063.2,20246.81,43879.46,39.5,0.2382,0.25,101.63,2.91,14.83,12.1,625.6,0.211,10.0,0.115,0,0,0,0.5,47861.46,4
2020-05,2020-05-01,EU,BYD,897,135.91,9063.2,20246.81,43879.46,39.5,0.2382,0.25,101.63,2.91,14.83,12.1,625.6,0.211,10.0,0.115,0,0,0,0.92,21521.5,8
2020-05,2020-05-01,EU,Volkswagen Group,11584,135.91,9063.2,20246.81,43879.46,39.5,0.2382,0.25,101.63,2.91,14.83,12.1,625.6,0.211,10.0,0.115,0,0,0,0.16,44371.5,3
2020-05,2020-05-01,EU,Hyundai-Kia Group,3547,135.91,9063.2,20246.81,43879.46,39.5,0.2382,0.25,101.63,2.91,14.83,12.1,625.6,0.211,10.0,0.115,0,0,0,0.22,40819.91,3
2020-05,2020-05-01,EU,BMW Group,1918,135.91,9063.2,20246.81,43879.46,39.5,0.2382,0.25,101.63,2.91,14.83,12.1,625.6,0.211,10.0,0.115,0,0,0,0.1,58110.02,2
2020-05,2020-05-01,EU,Mercedes-Benz Group,2216,135.91,9063.2,20246.81,43879.46,39.5,0.2382,0.25,101.63,2.91,14.83,12.1,625.6,0.211,10.0,0.115,0,0,0,0.08,66722.73,2
2020-05,2020-05-01,EU,Toyota,148,135.91,9063.2,20246.81,43879.46,39.5,0.2382,0.25,101.63,2.91,14.83,12.1,625.6,0.211,10.0,0.115,0,0,0,0.05,39500.0,1
2020-05,2020-05-01,CN,Tesla,14805,135.91,9063.2,20246.81,43879.46,39.5,0.0887,0.25,101.63,2.91,17.18,12.1,1266.8,0.453,15.0,0.133,0,0,0,0.7,48369.74,4
2020-05,2020-05-01,CN,BYD,9565,135.91,9063.2,20246.81,43879.46,39.5,0.0887,0.25,101.63,2.91,17.18,12.1,1266.8,0.453,15.0,0.133,0,0,0,0.92,21583.15,8
2020-05,2020-05-01,CN,Volkswagen Group,5691,135.91,9063.2,20246.81,43879.46,39.5,0.0887,0.25,101.63,2.91,17.18,12.1,1266.8,0.453,15.0,0.133,0,0,0,0.16,44007.7,3
2020-05,2020-05-01,CN,Hyundai-Kia Group,617,135.91,9063.2,20246.81,43879.46,39.5,0.0887,0.25,101.63,2.91,17.18,12.1,1266.8,0.453,15.0,0.133,0,0,0,0.22,41412.39,3
2020-05,2020-05-01,CN,BMW Group,1103,135.91,9063.2,20246.81,43879.46,39.5,0.0887,0.25,101.63,2.91,17.18,12.1,1266.8,0.453,15.0,0.133,0,0,0,0.1,58276.19,2
2020-05,2020-05-01,CN,Mercedes-Benz Group,1078,135.91,9063.2,20246.81,43879.46,39.5,0.0887,0.25,101.63,2.91,17.18,12.1,1266.8,0.453,15.0,0.133,0,0,0,0.08,65327.81,2
2020-05,2020-05-01,CN,Toyota,105,135.91,9063.2,20246.81,43879.46,39.5,0.0887,0.25,101.63,2.91,17.18,12.1,1266.8,0.453,15.0,0.133,0,0,0,0.05,39500.0,1
2020-06,2020-06-01,US,Tesla,19623,134.07,7501.77,21575.13,42509.3,41.0,0.1353,0.25,102.39,2.9,15.66,12.9,396.1,0.231,2.5,0.096,0,0,0,0.5,48009.72,4
2020-06,2020-06-01,US,BYD,249,134.07,7501.77,21575.13,42509.3,41.0,0.1353,0.25,102.39,2.9,15.66,12.9,396.1,0.231,27.5,0.096,0,0,0,0.92,21738.96,8
2020-06,2020-06-01,US,Volkswagen Group,2662,134.07,7501.77,21575.13,42509.3,41.0,0.1353,0.25,102.39,2.9,15.66,12.9,396.1,0.231,2.5,0.096,0,0,0,0.16,44184.06,3
2020-06,2020-06-01,US,Hyundai-Kia Group,4088,134.07,7501.77,21575.13,42509.3,41.0,0.1353,0.25,102.39,2.9,15.66,12.9,396.1,0.231,2.5,0.096,0,0,0,0.22,41575.81,3
2020-06,2020-06-01,US,BMW Group,749,134.07,7501.77,21575.13,42509.3,41.0,0.1353,0.25,102.39,2.9,15.66,12.9,396.1,0.231,2.5,0.096,0,0,0,0.1,59103.21,2
2020-06,2020-06-01,US,Mercedes-Benz Group,822,134.07,7501.77,21575.13,42509.3,41.0,0.1353,0.25,102.39,2.9,15.66,12.9,396.1,0.231,2.5,0.096,0,0,0,0.08,65724.11,2
2020-06,2020-06-01,US,Toyota,197,134.07,7501.77,21575.13,42509.3,41.0,0.1353,0.25,102.39,2.9,15.66,12.9,396.1,0.231,2.5,0.096,0,0,0,0.05,39500.0,1
2020-06,2020-06-01,EU,Tesla,13216,134.07,7501.77,21575.13,42509.3,41.0,0.239,0.25,102.39,2.9,15.95,12.9,645.9,0.214,10.0,0.114,0,0,0,0.5,47802.1,4
2020-06,2020-06-01,EU,BYD,1015,134.07,7501.77,21575.13,42509.3,41.0,0.239,0.25,102.39,2.9,15.95,12.9,645.9,0.214,10.0,0.114,0,0,0,0.92,21894.92,8
2020-06,2020-06-01,EU,Volkswagen Group,13833,134.07,7501.77,21575.13,42509.3,41.0,0.239,0.25,102.39,2.9,15.95,12.9,645.9,0.214,10.0,0.114,0,0,0,0.16,43942.13,3
2020-06,2020-06-01,EU,Hyundai-Kia Group,4184,134.07,7501.77,21575.13,42509.3,41.0,0.239,0.25,102.39,2.9,15.95,12.9,645.9,0.214,10.0,0.114,0,0,0,0.22,41192.19,3
2020-06,2020-06-01,EU,BMW Group,2335,134.07,7501.77,21575.13,42509.3,41.0,0.239,0.25,102.39,2.9,15.95,12.9,645.9,0.214,10.0,0.114,0,0,0,0.1,58501.85,2
2020-06,2020-06-01,EU,Mercedes-Benz Group,2598,134.07,7501.77,21575.13,42509.3,41.0,0.239,0.25,102.39,2.9,15.95,12.9,645.9,0.214,10.0,0.114,0,0,0,0.08,65519.91,2
2020-06,2020-06-01,EU,Toyota,176,134.07,7501.77,21575.13,42509.3,41.0,0.239,0.25,102.39,2.9,15.95,12.9,645.9,0.214,10.0,0.114,0,0,0,0.05,39500.0,1
2020-06,2020-06-01,CN,Tesla,16714,134.07,7501.77,21575.13,42509.3,41.0,0.0889,0.25,102.39,2.9,16.43,12.9,1352.2,0.456,15.0,0.131,0,0,0,0.7,48333.3,4
2020-06,2020-06-01,CN,BYD,11715,134.07,7501.77,21575.13,42509.3,41.0,0.0889,0.25,102.39,2.9,16.43,12.9,1352.2,0.456,15.0,0.131,0,0,0,0.92,21834.42,8
2020-06,2020-06-01,CN,Volkswagen Group,6515,134.07,7501.77,21575.13,42509.3,41.0,0.0889,0.25,102.39,2.9,16.43,12.9,1352.2,0.456,15.0,0.131,0,0,0,0.16,44084.7,3
2020-06,2020-06-01,CN,Hyundai-Kia Group,749,134.07,7501.77,21575.13,42509.3,41.0,0.0889,0.25,102.39,2.9,16.43,12.9,1352.2,0.456,15.0,0.131,0,0,0,0.22,41347.62,3
2020-06,2020-06-01,CN,BMW Group,1380,134.07,7501.77,21575.13,42509.3,41.0,0.0889,0.25,102.39,2.9,16.43,12.9,1352.2,0.456,15.0,0.131,0,0,0,0.1,58772.19,2
2020-06,2020-06-01,CN,Mercedes-Benz Group,1415,134.07,7501.77,21575.13,42509.3,41.0,0.0889,0.25,102.39,2.9,16.43,12.9,1352.2,0.456,15.0,0.131,0,0,0,0.08,66140.98,2
2020-06,2020-06-01,CN,Toyota,125,134.07,7501.77,21575.13,42509.3,41.0,0.0889,0.25,102.39,2.9,16.43,12.9,1352.2,0.456,15.0,0.131,0,0,0,0.05,39500.0,1
2020-07,2020-07-01,US,Tesla,15715,134.91,8959.33,21193.39,43156.29,42.5,0.1359,0.25,102.94,3.07,17.08,11.0,420.5,0.233,2.5,0.095,0,0,0,0.5,48028.5,4
2020-07,2020-07-01,US,BYD,202,134.91,8959.33,21193.39,43156.29,42.5,0.1359,0.25,102.94,3.07,17.08,11.0,420.5,0.233,27.5,0.095,0,0,0,0.92,21590.55,8
2020-07,2020-07-01,US,Volkswagen Group,2151,134.91,8959.33,21193.39,43156.29,42.5,0.1359,0.25,102.94,3.07,17.08,11.0,420.5,0.233,2.5,0.095,0,0,0,0.17,43876.85,3
2020-07,2020-07-01,US,Hyundai-Kia Group,3288,134.91,8959.33,21193.39,43156.29,42.5,0.1359,0.25,102.94,3.07,17.08,11.0,420.5,0.233,2.5,0.095,0,0,0,0.22,40975.88,3
2020-07,2020-07-01,US,BMW Group,604,134.91,8959.33,21193.39,43156.29,42.5,0.1359,0.25,102.94,3.07,17.08,11.0,420.5,0.233,2.5,0.095,0,0,0,0.1,58071.45,2
2020-07,2020-07-01,US,Mercedes-Benz Group,703,134.91,8959.33,21193.39,43156.29,42.5,0.1359,0.25,102.94,3.07,17.08,11.0,420.5,0.233,2.5,0.095,0,0,0,0.08,65478.14,2
2020-07,2020-07-01,US,Toyota,150,134.91,8959.33,21193.39,43156.29,42.5,0.1359,0.25,102.94,3.07,17.08,11.0,420.5,0.233,2.5,0.095,0,0,0,0.05,39500.0,1
2020-07,2020-07-01,EU,Tesla,10479,134.91,8959.33,21193.39,43156.29,42.5,0.2398,0.25,102.94,3.07,16.65,11.0,669.9,0.217,10.0,0.113,0,0,0,0.5,47698.69,4
2020-07,2020-07-01,EU,BYD,831,134.91,8959.33,21193.39,43156.29,42.5,0.2398,0.25,102.94,3.07,16.65,11.0,669.9,0.217,10.0,0.113,0,0,0,0.92,21480.38,8
2020-07,2020-07-01,EU,Volkswagen Group,10512,134.91,8959.33,21193.39,43156.29,42.5,0.2398,0.25,102.94,3.07,16.65,11.0,669.9,0.217,10.0,0.113,0,0,0,0.17,43864.47,3
2020-07,2020-07-01,EU,Hyundai-Kia Group,3243,134.91,8959.33,21193.39,43156.29,42.5,0.2398,0.25,102.94,3.07,16.65,11.0,669.9,0.217,10.0,0.113,0,0,0,0.22,41113.27,3
2020-07,2020-07-01,EU,BMW Group,1902,134.91,8959.33,21193.39,43156.29,42.5,0.2398,0.25,102.94,3.07,16.65,11.0,669.9,0.217,10.0,0.113,0,0,0,0.1,58543.06,2
2020-07,2020-07-01,EU,Mercedes-Benz Group,2118,134.91,8959.33,21193.39,43156.29,42.5,0.2398,0.25,102.94,3.07,16.65,11.0,669.9,0.217,10.0,0.113,0,0,0,0.08,65750.49,2
2020-07,2020-07-01,EU,Toyota,133,134.91,8959.33,21193.39,43156.29,42.5,0.2398,0.25,102.94,3.07,16.65,11.0,669.9,0.217,10.0,0.113,0,0,0,0.05,39500.0,1
2020-07,2020-07-01,CN,Tesla,13508,134.91,8959.33,21193.39,43156.29,42.5,0.0891,0.25,102.94,3.07,16.22,11.0,1387.6,0.459,15.0,0.129,0,0,0,0.7,47591.83,4
2020-07,2020-07-01,CN,BYD,9708,134.91,8959.33,21193.39,43156.29,42.5,0.0891,0.25,102.94,3.07,16.22,11.0,1387.6,0.459,15.0,0.129,0,0,0,0.92,22076.55,8
2020-07,2020-07-01,CN,Volkswagen Group,5249,134.91,8959.33,21193.39,43156.29,42.5,0.0891,0.25,102.94,3.07,16.22,11.0,1387.6,0.459,15.0,0.129,0,0,0,0.17,44200.51,3
2020-07,2020-07-01,CN,Hyundai-Kia Group,595,134.91,8959.33,21193.39,43156.29,42.5,0.0891,0.25,102.94,3.07,16.22,11.0,1387.6,0.459,15.0,0.129,0,0,0,0.22,40899.63,3
2020-07,2020-07-01,CN,BMW Group,1091,134.91,8959.33,21193.39,43156.29,42.5,0.0891,0.25,102.94,3.07,16.22,11.0,1387.6,0.459,15.0,0.129,0,0,0,0.1,58205.04,2
2020-07,2020-07-01,CN,Mercedes-Benz Group,1139,134.91,8959.33,21193.39,43156.29,42.5,0.0891,0.25,102.94,3.07,16.22,11.0,1387.6,0.459,15.0,0.129,0,0,0,0.08,65373.5,2
2020-07,2020-07-01,CN,Toyota,101,134.91,8959.33,21193.39,43156.29,42.5,0.0891,0.25,102.94,3.07,16.22,11.0,1387.6,0.459,15.0,0.129,0,0,0,0.05,39500.0,1
2020-08,2020-08-01,US,Tesla,15561,136.38,9298.4,22743.49,43180.68,44.0,0.1366,0.25,103.11,3.34,15.78,13.8,419.9,0.235,2.5,0.094,0,0,0,0.5,47092.83,4
2020-08,2020-08-01,US,BYD,204,136.38,9298.4,22743.49,43180.68,44.0,0.1366,0.25,103.11,3.34,15.78,13.8,419.9,0.235,27.5,0.094,0,0,0,0.92,21663.17,8
2020-08,2020-08-01,US,Volkswagen Group,2211,136.38,9298.4,22743.49,43180.68,44.0,0.1366,0.25,103.11,3.34,15.78,13.8,419.9,0.235,2.5,0.094,0,0,0,0.17,44112.53,3
2020-08,2020-08-01,US,Hyundai-Kia Group,3459,136.38,9298.4,22743.49,43180.68,44.0,0.1366,0.25,103.11,3.34,15.78,13.8,419.9,0.235,2.5,0.094,0,0,0,0.23,41225.13,3
2020-08,2020-08-01,US,BMW Group,624,136.38,9298.4,22743.49,43180.68,44.0,0.1366,0.25,103.11,3.34,15.78,13.8,419.9,0.235,2.5,0.094,0,0,0,0.1,57790.63,2
2020-08,2020-08-01,US,Mercedes-Benz Group,723,136.38,9298.4,22743.49,43180.68,44.0,0.1366,0.25,103.11,3.34,15.78,13.8,419.9,0.235,2.5,0.094,0,0,0,0.08,65059.88,2
2020-08,2020-08-01,US,Toyota,166,136.38,9298.4,22743.49,43180.68,44.0,0.1366,0.25,103.11,3.34,15.78,13.8,419.9,0.235,2.5,0.094,0,0,0,0.05,39500.0,1
2020-08,2020-08-01,EU,Tesla,10355,136.38,9298.4,22743.49,43180.68,44.0,0.2406,0.25,103.11,3.34,16.07,13.8,705.7,0.22,10.0,0.112,0,0,0,0.5,48136.16,4
2020-08,2020-08-01,EU,BYD,842,136.38,9298.4,22743.49,43180.68,44.0,0.2406,0.25,103.11,3.34,16.07,13.8,705.7,0.22,10.0,0.112,0,0,0,0.92,22062.56,8
2020-08,2020-08-01,EU,Volkswagen Group,10704,136.38,9298.4,22743.49,43180.68,44.0,0.2406,0.25,103.11,3.34,16.07,13.8,705.7,0.22,10.0,0.112,0,0,0,0.17,43830.19,3
2020-08,2020-08-01,EU,Hyundai-Kia Group,3341,136.38,9298.4,22743.49,43180.68,44.0,0.2406,0.25,103.11,3.34,16.07,13.8,705.7,0.22,10.0,0.112,0,0,0,0.23,40954.09,3
2020-08,2020-08-01,EU,BMW Group,1845,136.38,9298.4,22743.49,43180.68,44.0,0.2406,0.25,103.11,3.34,16.07,13.8,705.7,0.22,10.0,0.112,0,0,0,0.1,58399.14,2
2020-08,2020-08-01,EU,Mercedes-Benz Group,2112,136.38,9298.4,22743.49,43180.68,44.0,0.2406,0.25,103.11,3.34,16.07,13.8,705.7,0.22,10.0,0.112,0,0,0,0.08,65648.81,2
2020-08,2020-08-01,EU,Toyota,141,136.38,9298.4,22743.49,43180.68,44.0,0.2406,0.25,103.11,3.34,16.07,13.8,705.7,0.22,10.0,0.112,0,0,0,0.05,39500.0,1
2020-08,2020-08-01,CN,Tesla,13170,136.38,9298.4,22743.49,43180.68,44.0,0.0893,0.25,103.11,3.34,17.02,13.8,1446.3,0.462,15.0,0.127,0,0,0,0.7,47269.77,4
2020-08,2020-08-01,CN,BYD,10066,136.38,9298.4,22743.49,43180.68,44.0,0.0893,0.25,103.11,3.34,17.02,13.8,1446.3,0.462,15.0,0.127,0,0,0,0.92,21881.46,8
2020-08,2020-08-01,CN,Volkswagen Group,5235,136.38,9298.4,22743.49,43180.68,44.0,0.0893,0.25,103.11,3.34,17.02,13.8,1446.3,0.462,15.0,0.127,0,0,0,0.17,44475.35,3
2020-08,2020-08-01,CN,Hyundai-Kia Group,595,136.38,9298.4,22743.49,43180.68,44.0,0.0893,0.25,103.11,3.34,17.02,13.8,1446.3,0.462,15.0,0.127,0,0,0,0.23,41293.79,3
2020-08,2020-08-01,CN,BMW Group,1103,136.38,9298.4,22743.49,43180.68,44.0,0.0893,0.25,103.11,3.34,17.02,13.8,1446.3,0.462,15.0,0.127,0,0,0,0.1,58974.3,2
2020-08,2020-08-01,CN,Mercedes-Benz Group,1210,136.38,9298.4,22743.49,43180.68,44.0,0.0893,0.25,103.11,3.34,17.02,13.8,1446.3,0.462,15.0,0.127,0,0,0,0.08,65595.52,2
2020-08,2020-08-01,CN,Toyota,105,136.38,9298.4,22743.49,43180.68,44.0,0.0893,0.25,103.11,3.34,17.02,13.8,1446.3,0.462,15.0,0.127,0,0,0,0.05,39500.0,1
2020-09,2020-09-01,US,Tesla,20649,134.22,9616.3,23211.48,40891.84,45.5,0.1372,0.27,103.01,3.19,17.06,10.4,439.4,0.238,2.5,0.094,0,0,0,0.5,47642.23,4
2020-09,2020-09-01,US,BYD,271,134.22,9616.3,23211.48,40891.84,45.5,0.1372,0.27,103.01,3.19,17.06,10.4,439.4,0.238,27.5,0.094,0,0,0,0.92,21583.98,9
2020-09,2020-09-01,US,Volkswagen Group,2615,134.22,9616.3,23211.48,40891.84,45.5,0.1372,0.27,103.01,3.19,17.06,10.4,439.4,0.238,2.5,0.094,0,0,0,0.17,43923.34,3
2020-09,2020-09-01,US,Hyundai-Kia Group,4144,134.22,9616.3,23211.48,40891.84,45.5,0.1372,0.27,103.01,3.19,17.06,10.4,439.4,0.238,2.5,0.094,0,0,0,0.23,40850.19,3
2020-09,2020-09-01,US,BMW Group,746,134.22,9616.3,23211.48,40891.84,45.5,0.1372,0.27,103.01,3.19,17.06,10.4,439.4,0.238,2.5,0.094,0,0,0,0.1,58064.35,2
2020-09,2020-09-01,US,Mercedes-Benz Group,857,134.22,9616.3,23211.48,40891.84,45.5,0.1372,0.27,103.01,3.19,17.06,10.4,439.4,0.238,2.5,0.094,0,0,0,0.08,66014.84,2
2020-09,2020-09-01,US,Toyota,200,134.22,9616.3,23211.48,40891.84,45.5,0.1372,0.27,103.01,3.19,17.06,10.4,439.4,0.238,2.5,0.094,0,0,0,0.05,39500.0,1
2020-09,2020-09-01,EU,Tesla,13266,134.22,9616.3,23211.48,40891.84,45.5,0.2414,0.27,103.01,3.19,16.07,10.4,704.7,0.222,10.0,0.11,0,0,0,0.5,47601.2,4
2020-09,2020-09-01,EU,BYD,1091,134.22,9616.3,23211.48,40891.84,45.5,0.2414,0.27,103.01,3.19,16.07,10.4,704.7,0.222,10.0,0.11,0,0,0,0.92,21662.85,9
2020-09,2020-09-01,EU,Volkswagen Group,14289,134.22,9616.3,23211.48,40891.84,45.5,0.2414,0.27,103.01,3.19,16.07,10.4,704.7,0.222,10.0,0.11,0,0,0,0.17,43780.92,3
2020-09,2020-09-01,EU,Hyundai-Kia Group,4102,134.22,9616.3,23211.48,40891.84,45.5,0.2414,0.27,103.01,3.19,16.07,10.4,704.7,0.222,10.0,0.11,0,0,0,0.23,40827.89,3
2020-09,2020-09-01,EU,BMW Group,2279,134.22,9616.3,23211.48,40891.84,45.5,0.2414,0.27,103.01,3.19,16.07,10.4,704.7,0.222,10.0,0.11,0,0,0,0.1,57878.54,2
2020-09,2020-09-01,EU,Mercedes-Benz Group,2644,134.22,9616.3,23211.48,40891.84,45.5,0.2414,0.27,103.01,3.19,16.07,10.4,704.7,0.222,10.0,0.11,0,0,0,0.08,66662.36,2
2020-09,2020-09-01,EU,Toyota,177,134.22,9616.3,23211.48,40891.84,45.5,0.2414,0.27,103.01,3.19,16.07,10.4,704.7,0.222,10.0,0.11,0,0,0,0.05,39500.0,1
2020-09,2020-09-01,CN,Tesla,17071,134.22,9616.3,23211.48,40891.84,45.5,0.0894,0.27,103.01,3.19,16.66,10.4,1470.0,0.466,15.0,0.126,0,0,0,0.7,47553.71,4
2020-09,2020-09-01,CN,BYD,12450,134.22,9616.3,23211.48,40891.84,45.5,0.0894,0.27,103.01,3.19,16.66,10.4,1470.0,0.466,15.0,0.126,0,0,0,0.92,22011.5,9
2020-09,2020-09-01,CN,Volkswagen Group,6636,134.22,9616.3,23211.48,40891.84,45.5,0.0894,0.27,103.01,3.19,16.66,10.4,1470.0,0.466,15.0,0.126,0,0,0,0.17,43767.25,3
2020-09,2020-09-01,CN,Hyundai-Kia Group,742,134.22,9616.3,23211.48,40891.84,45.5,0.0894,0.27,103.01,3.19,16.66,10.4,1470.0,0.466,15.0,0.126,0,0,0,0.23,40169.42,3
2020-09,2020-09-01,CN,BMW Group,1329,134.22,9616.3,23211.48,40891.84,45.5,0.0894,0.27,103.01,3.19,16.66,10.4,1470.0,0.466,15.0,0.126,0,0,0,0.1,58646.75,2
2020-09,2020-09-01,CN,Mercedes-Benz Group,1520,134.22,9616.3,23211.48,40891.84,45.5,0.0894,0.27,103.01,3.19,16.66,10.4,1470.0,0.466,15.0,0.126,0,0,0,0.08,65555.48,2
2020-09,2020-09-01,CN,Toyota,131,134.22,9616.3,23211.48,40891.84,45.5,0.0894,0.27,103.01,3.19,16.66,10.4,1470.0,0.466,15.0,0.126,0,0,0,0.05,39500.0,1
2020-10,2020-10-01,US,Tesla,17191,132.85,9549.0,24663.2,41733.37,47.0,0.1379,0.25,103.46,3.43,15.93,11.4,445.4,0.24,2.5,0.093,0,0,0,0.5,48016.14,4
2020-10,2020-10-01,US,BYD,238,132.85,9549.0,24663.2,41733.37,47.0,0.1379,0.25,103.46,3.43,15.93,11.4,445.4,0.24,27.5,0.093,0,0,0,0.92,21903.41,9
2020-10,2020-10-01,US,Volkswagen Group,2572,132.85,9549.0,24663.2,41733.37,47.0,0.1379,0.25,103.46,3.43,15.93,11.4,445.4,0.24,2.5,0.093,0,0,0,0.18,43893.21,3
2020-10,2020-10-01,US,Hyundai-Kia Group,3584,132.85,9549.0,24663.2,41733.37,47.0,0.1379,0.25,103.46,3.43,15.93,11.4,445.4,0.24,2.5,0.093,0,0,0,0.24,41236.94,3
2020-10,2020-10-01,US,BMW Group,722,132.85,9549.0,24663.2,41733.37,47.0,0.1379,0.25,103.46,3.43,15.93,11.4,445.4,0.24,2.5,0.093,0,0,0,0.1,57635.1,2
2020-10,2020-10-01,US,Mercedes-Benz Group,794,132.85,9549.0,24663.2,41733.37,47.0,0.1379,0.25,103.46,3.43,15.93,11.4,445.4,0.24,2.5,0.093,0,0,0,0.08,65202.19,2
2020-10,2020-10-01,US,Toyota,170,132.85,9549.0,24663.2,41733.37,47.0,0.1379,0.25,103.46,3.43,15.93,11.4,445.4,0.24,2.5,0.093,0,0,0,0.05,39500.0,1
2020-10,2020-10-01,EU,Tesla,11594,132.85,9549.0,24663.2,41733.37,47.0,0.2422,0.25,103.46,3.43,17.98,11.4,751.6,0.225,10.0,0.109,0,0,0,0.5,47678.89,4
2020-10,2020-10-01,EU,BYD,920,132.85,9549.0,24663.2,41733.37,47.0,0.2422,0.25,103.46,3.43,17.98,11.4,751.6,0.225,10.0,0.109,0,0,0,0.92,21807.57,9
2020-10,2020-10-01,EU,Volkswagen Group,12228,132.85,9549.0,24663.2,41733.37,47.0,0.2422,0.25,103.46,3.43,17.98,11.4,751.6,0.225,10.0,0.109,0,0,0,0.18,43610.8,3
2020-10,2020-10-01,EU,Hyundai-Kia Group,3710,132.85,9549.0,24663.2,41733.37,47.0,0.2422,0.25,103.46,3.43,17.98,11.4,751.6,0.225,10.0,0.109,0,0,0,0.24,40530.71,3
2020-10,2020-10-01,EU,BMW Group,2089,132.85,9549.0,24663.2,41733.37,47.0,0.2422,0.25,103.46,3.43,17.98,11.4,751.6,0.225,10.0,0.109,0,0,0,0.1,58029.9,2
2020-10,2020-10-01,EU,Mercedes-Benz Group,2400,132.85,9549.0,24663.2,41733.37,47.0,0.2422,0.25,103.46,3.43,17.98,11.4,751.6,0.225,10.0,0.109,0,0,0,0.08,65186.22,2
2020-10,2020-10-01,EU,Toyota,154,132.85,9549.0,24663.2,41733.37,47.0,0.2422,0.25,103.46,3.43,17.98,11.4,751.6,0.225,10.0,0.109,0,0,0,0.05,39500.0,1
2020-10,2020-10-01,CN,Tesla,14847,132.85,9549.0,24663.2,41733.37,47.0,0.0896,0.25,103.46,3.43,16.85,11.4,1547.1,0.469,15.0,0.124,0,0,0,0.7,47539.8,4
2020-10,2020-10-01,CN,BYD,11134,132.85,9549.0,24663.2,41733.37,47.0,0.0896,0.25,103.46,3.43,16.85,11.4,1547.1,0.469,15.0,0.124,0,0,0,0.92,21571.12,9
2020-10,2020-10-01,CN,Volkswagen Group,6091,132.85,9549.0,24663.2,41733.37,47.0,0.0896,0.25,103.46,3.43,16.85,11.4,1547.1,0.469,15.0,0.124,0,0,0,0.18,43671.21,3
2020-10,2020-10-01,CN,Hyundai-Kia Group,676,132.85,9549.0,24663.2,41733.37,47.0,0.0896,0.25,103.46,3.43,16.85,11.4,1547.1,0.469,15.0,0.124,0,0,0,0.24,40551.02,3
2020-10,2020-10-01,CN,BMW Group,1175,132.85,9549.0,24663.2,41733.37,47.0,0.0896,0.25,103.46,3.43,16.85,11.4,1547.1,0.469,15.0,0.124,0,0,0,0.1,57398.98,2
2020-10,2020-10-01,CN,Mercedes-Benz Group,1297,132.85,9549.0,24663.2,41733.37,47.0,0.0896,0.25,103.46,3.43,16.85,11.4,1547.1,0.469,15.0,0.124,0,0,0,0.08,65769.86,2
2020-10,2020-10-01,CN,Toyota,112,132.85,9549.0,24663.2,41733.37,47.0,0.0896,0.25,103.46,3.43,16.85,11.4,1547.1,0.469,15.0,0.124,0,0,0,0.05,39500.0,1
2020-11,2020-11-01,US,Tesla,21160,131.15,10010.87,22145.98,39890.46,48.5,0.1385,0.25,104.21,3.27,15.99,11.7,480.1,0.242,2.5,0.092,0,0,0,0.5,47061.09,4
2020-11,2020-11-01,US,BYD,274,131.15,10010.87,22145.98,39890.46,48.5,0.1385,0.25,104.21,3.27,15.99,11.7,480.1,0.242,27.5,0.092,0,0,0,0.92,22238.31,9
2020-11,2020-11-01,US,Volkswagen Group,2671,131.15,10010.87,22145.98,39890.46,48.5,0.1385,0.25,104.21,3.27,15.99,11.7,480.1,0.242,2.5,0.092,0,0,0,0.18,43560.93,3
2020-11,2020-11-01,US,Hyundai-Kia Group,4351,131.15,10010.87,22145.98,39890.46,48.5,0.1385,0.25,104.21,3.27,15.99,11.7,480.1,0.242,2.5,0.092,0,0,0,0.24,40639.09,4
2020-11,2020-11-01,US,BMW Group,837,131.15,10010.87,22145.98,39890.46,48.5,0.1385,0.25,104.21,3.27,15.99,11.7,480.1,0.242,2.5,0.092,0,0,0,0.1,57758.41,2
2020-11,2020-11-01,US,Mercedes-Benz Group,932,131.15,10010.87,22145.98,39890.46,48.5,0.1385,0.25,104.21,3.27,15.99,11.7,480.1,0.242,2.5,0.092,0,0,0,0.08,65522.16,2
2020-11,2020-11-01,US,Toyota,213,131.15,10010.87,22145.98,39890.46,48.5,0.1385,0.25,104.21,3.27,15.99,11.7,480.1,0.242,2.5,0.092,0,0,0,0.05,39500.0,1
2020-11,2020-11-01,EU,Tesla,13977,131.15,10010.87,22145.98,39890.46,48.5,0.243,0.25,104.21,3.27,16.72,11.7,768.1,0.228,10.0,0.108,0,0,0,0.5,47253.72,4
2020-11,2020-11-01,EU,BYD,1084,131.15,10010.87,22145.98,39890.46,48.5,0.243,0.25,104.21,3.27,16.72,11.7,768.1,0.228,10.0,0.108,0,0,0,0.92,22028.89,9
2020-11,2020-11-01,EU,Volkswagen Group,14394,131.15,10010.87,22145.98,39890.46,48.5,0.243,0.25,104.21,3.27,16.72,11.7,768.1,0.228,10.0,0.108,0,0,0,0.18,43886.93,3
2020-11,2020-11-01,EU,Hyundai-Kia Group,4593,131.15,10010.87,22145.98,39890.46,48.5,0.243,0.25,104.21,3.27,16.72,11.7,768.1,0.228,10.0,0.108,0,0,0,0.24,40961.34,4
2020-11,2020-11-01,EU,BMW Group,2405,131.15,10010.87,22145.98,39890.46,48.5,0.243,0.25,104.21,3.27,16.72,11.7,768.1,0.228,10.0,0.108,0,0,0,0.1,58480.49,2
2020-11,2020-11-01,EU,Mercedes-Benz Group,2797,131.15,10010.87,22145.98,39890.46,48.5,0.243,0.25,104.21,3.27,16.72,11.7,768.1,0.228,10.0,0.108,0,0,0,0.08,64580.94,2
2020-11,2020-11-01,EU,Toyota,178,131.15,10010.87,22145.98,39890.46,48.5,0.243,0.25,104.21,3.27,16.72,11.7,768.1,0.228,10.0,0.108,0,0,0,0.05,39500.0,1
2020-11,2020-11-01,CN,Tesla,17799,131.15,10010.87,22145.98,39890.46,48.5,0.0898,0.25,104.21,3.27,16.17,11.7,1542.6,0.472,15.0,0.122,0,0,0,0.7,47902.93,4
2020-11,2020-11-01,CN,BYD,12831,131.15,10010.87,22145.98,39890.46,48.5,0.0898,0.25,104.21,3.27,16.17,11.7,1542.6,0.472,15.0,0.122,0,0,0,0.92,21906.18,9
2020-11,2020-11-01,CN,Volkswagen Group,7155,131.15,10010.87,22145.98,39890.46,48.5,0.0898,0.25,104.21,3.27,16.17,11.7,1542.6,0.472,15.0,0.122,0,0,0,0.18,43136.66,3
2020-11,2020-11-01,CN,Hyundai-Kia Group,781,131.15,10010.87,22145.98,39890.46,48.5,0.0898,0.25,104.21,3.27,16.17,11.7,1542.6,0.472,15.0,0.122,0,0,0,0.24,40931.26,4
2020-11,2020-11-01,CN,BMW Group,1383,131.15,10010.87,22145.98,39890.46,48.5,0.0898,0.25,104.21,3.27,16.17,11.7,1542.6,0.472,15.0,0.122,0,0,0,0.1,58457.5,2
2020-11,2020-11-01,CN,Mercedes-Benz Group,1524,131.15,10010.87,22145.98,39890.46,48.5,0.0898,0.25,104.21,3.27,16.17,11.7,1542.6,0.472,15.0,0.122,0,0,0,0.08,65392.36,2
2020-11,2020-11-01,CN,Toyota,137,131.15,10010.87,22145.98,39890.46,48.5,0.0898,0.25,104.21,3.27,16.17,11.7,1542.6,0.472,15.0,0.122,0,0,0,0.05,39500.0,1
2020-12,2020-12-01,US,Tesla,25139,131.65,11516.55,23475.37,39188.13,50.0,0.1391,0.25,104.79,3.23,16.83,12.1,483.4,0.244,2.5,0.091,0,0,0,0.5,47601.26,4
2020-12,2020-12-01,US,BYD,321,131.65,11516.55,23475.37,39188.13,50.0,0.1391,0.25,104.79,3.23,16.83,12.1,483.4,0.244,27.5,0.091,0,0,0,0.92,21941.03,9
2020-12,2020-12-01,US,Volkswagen Group,3365,131.65,11516.55,23475.37,39188.13,50.0,0.1391,0.25,104.79,3.23,16.83,12.1,483.4,0.244,2.5,0.091,0,0,0,0.18,43596.71,3
2020-12,2020-12-01,US,Hyundai-Kia Group,5213,131.65,11516.55,23475.37,39188.13,50.0,0.1391,0.25,104.79,3.23,16.83,12.1,483.4,0.244,2.5,0.091,0,0,0,0.24,40847.1,4
2020-12,2020-12-01,US,BMW Group,972,131.65,11516.55,23475.37,39188.13,50.0,0.1391,0.25,104.79,3.23,16.83,12.1,483.4,0.244,2.5,0.091,0,0,0,0.1,58297.84,2
2020-12,2020-12-01,US,Mercedes-Benz Group,1164,131.65,11516.55,23475.37,39188.13,50.0,0.1391,0.25,104.79,3.23,16.83,12.1,483.4,0.244,2.5,0.091,0,0,0,0.08,65766.72,2
2020-12,2020-12-01,US,Toyota,262,131.65,11516.55,23475.37,39188.13,50.0,0.1391,0.25,104.79,3.23,16.83,12.1,483.4,0.244,2.5,0.091,0,0,0,0.05,39500.0,1
2020-12,2020-12-01,EU,Tesla,16391,131.65,11516.55,23475.37,39188.13,50.0,0.2438,0.25,104.79,3.23,15.45,12.1,780.2,0.231,10.0,0.107,0,0,0,0.5,47738.81,4
2020-12,2020-12-01,EU,BYD,1364,131.65,11516.55,23475.37,39188.13,50.0,0.2438,0.25,104.79,3.23,15.45,12.1,780.2,0.231,10.0,0.107,0,0,0,0.92,21983.88,9
2020-12,2020-12-01,EU,Volkswagen Group,17906,131.65,11516.55,23475.37,39188.13,50.0,0.2438,0.25,104.79,3.23,15.45,12.1,780.2,0.231,10.0,0.107,0,0,0,0.18,43392.35,3
2020-12,2020-12-01,EU,Hyundai-Kia Group,5655,131.65,11516.55,23475.37,39188.13,50.0,0.2438,0.25,104.79,3.23,15.45,12.1,780.2,0.231,10.0,0.107,0,0,0,0.24,40658.77,4
2020-12,2020-12-01,EU,BMW Group,2970,131.65,11516.55,23475.37,39188.13,50.0,0.2438,0.25,104.79,3.23,15.45,12.1,780.2,0.231,10.0,0.107,0,0,0,0.1,58240.31,2
2020-12,2020-12-01,EU,Mercedes-Benz Group,3498,131.65,11516.55,23475.37,39188.13,50.0,0.2438,0.25,104.79,3.23,15.45,12.1,780.2,0.231,10.0,0.107,0,0,0,0.08,65671.94,2
2020-12,2020-12-01,EU,Toyota,218,131.65,11516.55,23475.37,39188.13,50.0,0.2438,0.25,104.79,3.23,15.45,12.1,780.2,0.231,10.0,0.107,0,0,0,0.05,39500.0,1
2020-12,2020-12-01,CN,Tesla,22161,131.65,11516.55,23475.37,39188.13,50.0,0.09,0.25,104.79,3.23,17.96,12.1,1637.4,0.475,15.0,0.12,0,0,0,0.7,47767.96,4
2020-12,2020-12-01,CN,BYD,15060,131.65,11516.55,23475.37,39188.13,50.0,0.09,0.25,104.79,3.23,17.96,12.1,1637.4,0.475,15.0,0.12,0,0,0,0.92,21797.08,9
2020-12,2020-12-01,CN,Volkswagen Group,8375,131.65,11516.55,23475.37,39188.13,50.0,0.09,0.25,104.79,3.23,17.96,12.1,1637.4,0.475,15.0,0.12,0,0,0,0.18,43746.72,3
2020-12,2020-12-01,CN,Hyundai-Kia Group,961,131.65,11516.55,23475.37,39188.13,50.0,0.09,0.25,104.79,3.23,17.96,12.1,1637.4,0.475,15.0,0.12,0,0,0,0.24,40112.26,4
2020-12,2020-12-01,CN,BMW Group,1804,131.65,11516.55,23475.37,39188.13,50.0,0.09,0.25,104.79,3.23,17.96,12.1,1637.4,0.475,15.0,0.12,0,0,0,0.1,57886.8,2
2020-12,2020-12-01,CN,Mercedes-Benz Group,1793,131.65,11516.55,23475.37,39188.13,50.0,0.09,0.25,104.79,3.23,17.96,12.1,1637.4,0.475,15.0,0.12,0,0,0,0.08,65053.95,2
2020-12,2020-12-01,CN,Toyota,154,131.65,11516.55,23475.37,39188.13,50.0,0.09,0.25,104.79,3.23,17.96,12.1,1637.4,0.475,15.0,0.12,0,0,0,0.05,39500.0,1
2021-01,2021-01-01,US,Tesla,21840,130.75,10658.54,23526.46,36953.97,54.0,0.1398,0.25,105.37,3.26,16.23,26.8,500.4,0.246,2.5,0.09,0,0,0,0.5,47163.71,4
2021-01,2021-01-01,US,BYD,402,130.75,10658.54,23526.46,36953.97,54.0,0.1398,0.25,105.37,3.26,16.23,26.8,500.4,0.246,27.5,0.09,0,0,0,0.92,22179.24,9
2021-01,2021-01-01,US,Volkswagen Group,3614,130.75,10658.54,23526.46,36953.97,54.0,0.1398,0.25,105.37,3.26,16.23,26.8,500.4,0.246,2.5,0.09,0,0,0,0.19,43997.97,4
2021-01,2021-01-01,US,Hyundai-Kia Group,4094,130.75,10658.54,23526.46,36953.97,54.0,0.1398,0.25,105.37,3.26,16.23,26.8,500.4,0.246,2.5,0.09,0,0,0,0.25,40208.04,4
2021-01,2021-01-01,US,BMW Group,1267,130.75,10658.54,23526.46,36953.97,54.0,0.1398,0.25,105.37,3.26,16.23,26.8,500.4,0.246,2.5,0.09,0,0,0,0.1,57923.69,2
2021-01,2021-01-01,US,Mercedes-Benz Group,1129,130.75,10658.54,23526.46,36953.97,54.0,0.1398,0.25,105.37,3.26,16.23,26.8,500.4,0.246,2.5,0.09,0,0,0,0.08,65507.94,2
2021-01,2021-01-01,US,Toyota,355,130.75,10658.54,23526.46,36953.97,54.0,0.1398,0.25,105.37,3.26,16.23,26.8,500.4,0.246,2.5,0.09,0,0,0,0.05,39500.0,1
2021-01,2021-01-01,EU,Tesla,16036,130.75,10658.54,23526.46,36953.97,54.0,0.2446,0.25,105.37,3.26,15.99,26.8,812.3,0.234,10.0,0.106,0,0,0,0.5,47170.17,4
2021-01,2021-01-01,EU,BYD,1628,130.75,10658.54,23526.46,36953.97,54.0,0.2446,0.25,105.37,3.26,15.99,26.8,812.3,0.234,10.0,0.106,0,0,0,0.92,21897.43,9
2021-01,2021-01-01,EU,Volkswagen Group,17558,130.75,10658.54,23526.46,36953.97,54.0,0.2446,0.25,105.37,3.26,15.99,26.8,812.3,0.234,10.0,0.106,0,0,0,0.19,43583.51,4
2021-01,2021-01-01,EU,Hyundai-Kia Group,4385,130.75,10658.54,23526.46,36953.97,54.0,0.2446,0.25,105.37,3.26,15.99,26.8,812.3,0.234,10.0,0.106,0,0,0,0.25,39744.71,4
2021-01,2021-01-01,EU,BMW Group,3585,130.75,10658.54,23526.46,36953.97,54.0,0.2446,0.25,105.37,3.26,15.99,26.8,812.3,0.234,10.0,0.106,0,0,0,0.1,58398.43,2
2021-01,2021-01-01,EU,Mercedes-Benz Group,3254,130.75,10658.54,23526.46,36953.97,54.0,0.2446,0.25,105.37,3.26,15.99,26.8,812.3,0.234,10.0,0.106,0,0,0,0.08,65348.66,2
2021-01,2021-01-01,EU,Toyota,312,130.75,10658.54,23526.46,36953.97,54.0,0.2446,0.25,105.37,3.26,15.99,26.8,812.3,0.234,10.0,0.106,0,0,0,0.05,39500.0,1
2021-01,2021-01-01,CN,Tesla,19828,130.75,10658.54,23526.46,36953.97,54.0,0.0902,0.25,105.37,3.26,15.83,26.8,1647.8,0.478,15.0,0.118,0,0,0,0.7,47705.68,4
2021-01,2021-01-01,CN,BYD,19594,130.75,10658.54,23526.46,36953.97,54.0,0.0902,0.25,105.37,3.26,15.83,26.8,1647.8,0.478,15.0,0.118,0,0,0,0.92,22294.31,9
2021-01,2021-01-01,CN,Volkswagen Group,8557,130.75,10658.54,23526.46,36953.97,54.0,0.0902,0.25,105.37,3.26,15.83,26.8,1647.8,0.478,15.0,0.118,0,0,0,0.19,43321.28,4
2021-01,2021-01-01,CN,Hyundai-Kia Group,741,130.75,10658.54,23526.46,36953.97,54.0,0.0902,0.25,105.37,3.26,15.83,26.8,1647.8,0.478,15.0,0.118,0,0,0,0.25,40686.81,4
2021-01,2021-01-01,CN,BMW Group,1993,130.75,10658.54,23526.46,36953.97,54.0,0.0902,0.25,105.37,3.26,15.83,26.8,1647.8,0.478,15.0,0.118,0,0,0,0.1,58185.2,2
2021-01,2021-01-01,CN,Mercedes-Benz Group,1828,130.75,10658.54,23526.46,36953.97,54.0,0.0902,0.25,105.37,3.26,15.83,26.8,1647.8,0.478,15.0,0.118,0,0,0,0.08,65332.59,2
2021-01,2021-01-01,CN,Toyota,236,130.75,10658.54,23526.46,36953.97,54.0,0.0902,0.25,105.37,3.26,15.83,26.8,1647.8,0.478,15.0,0.118,0,0,0,0.05,39500.0,1
2021-02,2021-02-01,US,Tesla,22077,131.3,12355.41,23273.14,37869.95,56.0,0.1405,0.26,105.58,3.16,17.21,28.3,507.6,0.249,2.5,0.09,0,0,0,0.5,46913.18,4
2021-02,2021-02-01,US,BYD,391,131.3,12355.41,23273.14,37869.95,56.0,0.1405,0.26,105.58,3.16,17.21,28.3,507.6,0.249,27.5,0.09,0,0,0,0.92,21944.13,9
2021-02,2021-02-01,US,Volkswagen Group,3091,131.3,12355.41,23273.14,37869.95,56.0,0.1405,0.26,105.58,3.16,17.21,28.3,507.6,0.249,2.5,0.09,0,0,0,0.19,43123.01,4
2021-02,2021-02-01,US,Hyundai-Kia Group,3938,131.3,12355.41,23273.14,37869.95,56.0,0.1405,0.26,105.58,3.16,17.21,28.3,507.6,0.249,2.5,0.09,0,0,0,0.25,40075.87,4
2021-02,2021-02-01,US,BMW Group,1163,131.3,12355.41,23273.14,37869.95,56.0,0.1405,0.26,105.58,3.16,17.21,28.3,507.6,0.249,2.5,0.09,0,0,0,0.1,57017.23,2
2021-02,2021-02-01,US,Mercedes-Benz Group,1110,131.3,12355.41,23273.14,37869.95,56.0,0.1405,0.26,105.58,3.16,17.21,28.3,507.6,0.249,2.5,0.09,0,0,0,0.08,65585.51,2
2021-02,2021-02-01,US,Toyota,330,131.3,12355.41,23273.14,37869.95,56.0,0.1405,0.26,105.58,3.16,17.21,28.3,507.6,0.249,2.5,0.09,0,0,0,0.05,39500.0,1
2021-02,2021-02-01,EU,Tesla,15285,131.3,12355.41,23273.14,37869.95,56.0,0.2454,0.26,105.58,3.16,16.79,28.3,832.0,0.236,10.0,0.104,0,0,0,0.5,47400.99,4
2021-02,2021-02-01,EU,BYD,1558,131.3,12355.41,23273.14,37869.95,56.0,0.2454,0.26,105.58,3.16,16.79,28.3,832.0,0.236,10.0,0.104,0,0,0,0.92,22115.06,9
2021-02,2021-02-01,EU,Volkswagen Group,16280,131.3,12355.41,23273.14,37869.95,56.0,0.2454,0.26,105.58,3.16,16.79,28.3,832.0,0.236,10.0,0.104,0,0,0,0.19,43572.92,4
2021-02,2021-02-01,EU,Hyundai-Kia Group,3988,131.3,12355.41,23273.14,37869.95,56.0,0.2454,0.26,105.58,3.16,16.79,28.3,832.0,0.236,10.0,0.104,0,0,0,0.25,39946.95,4
2021-02,2021-02-01,EU,BMW Group,3145,131.3,12355.41,23273.14,37869.95,56.0,0.2454,0.26,105.58,3.16,16.79,28.3,832.0,0.236,10.0,0.104,0,0,0,0.1,58147.31,2
2021-02,2021-02-01,EU,Mercedes-Benz Group,3261,131.3,12355.41,23273.14,37869.95,56.0,0.2454,0.26,105.58,3.16,16.79,28.3,832.0,0.236,10.0,0.104,0,0,0,0.08,65388.01,2
2021-02,2021-02-01,EU,Toyota,296,131.3,12355.41,23273.14,37869.95,56.0,0.2454,0.26,105.58,3.16,16.79,28.3,832.0,0.236,10.0,0.104,0,0,0,0.05,39500.0,1
2021-02,2021-02-01,CN,Tesla,18884,131.3,12355.41,23273.14,37869.95,56.0,0.0903,0.26,105.58,3.16,16.04,28.3,1731.0,0.482,15.0,0.117,0,0,0,0.7,47128.75,4
2021-02,2021-02-01,CN,BYD,17550,131.3,12355.41,23273.14,37869.95,56.0,0.0903,0.26,105.58,3.16,16.04,28.3,1731.0,0.482,15.0,0.117,0,0,0,0.92,22166.65,9
2021-02,2021-02-01,CN,Volkswagen Group,7552,131.3,12355.41,23273.14,37869.95,56.0,0.0903,0.26,105.58,3.16,16.04,28.3,1731.0,0.482,15.0,0.117,0,0,0,0.19,43898.75,4
2021-02,2021-02-01,CN,Hyundai-Kia Group,718,131.3,12355.41,23273.14,37869.95,56.0,0.0903,0.26,105.58,3.16,16.04,28.3,1731.0,0.482,15.0,0.117,0,0,0,0.25,40536.81,4
2021-02,2021-02-01,CN,BMW Group,1997,131.3,12355.41,23273.14,37869.95,56.0,0.0903,0.26,105.58,3.16,16.04,28.3,1731.0,0.482,15.0,0.117,0,0,0,0.1,58516.19,2
2021-02,2021-02-01,CN,Mercedes-Benz Group,1784,131.3,12355.41,23273.14,37869.95,56.0,0.0903,0.26,105.58,3.16,16.04,28.3,1731.0,0.482,15.0,0.117,0,0,0,0.08,64559.56,2
2021-02,2021-02-01,CN,Toyota,210,131.3,12355.41,23273.14,37869.95,56.0,0.0903,0.26,105.58,3.16,16.04,28.3,1731.0,0.482,15.0,0.117,0,0,0,0.05,39500.0,1
2021-03,2021-03-01,US,Tesla,33663,132.03,13500.15,23403.56,36283.77,58.0,0.1411,0.25,105.73,3.0,15.37,26.9,525.4,0.251,2.5,0.089,0,0,0,0.5,47276.09,4
2021-03,2021-03-01,US,BYD,577,132.03,13500.15,23403.56,36283.77,58.0,0.1411,0.25,105.73,3.0,15.37,26.9,525.4,0.251,27.5,0.089,0,0,0,0.92,22656.48,9
2021-03,2021-03-01,US,Volkswagen Group,5094,132.03,13500.15,23403.56,36283.77,58.0,0.1411,0.25,105.73,3.0,15.37,26.9,525.4,0.251,2.5,0.089,0,0,0,0.19,43575.45,4
2021-03,2021-03-01,US,Hyundai-Kia Group,5891,132.03,13500.15,23403.56,36283.77,58.0,0.1411,0.25,105.73,3.0,15.37,26.9,525.4,0.251,2.5,0.089,0,0,0,0.26,40590.09,4
2021-03,2021-03-01,US,BMW Group,1700,132.03,13500.15,23403.56,36283.77,58.0,0.1411,0.25,105.73,3.0,15.37,26.9,525.4,0.251,2.5,0.089,0,0,0,0.1,57848.8,3
2021-03,2021-03-01,US,Mercedes-Benz Group,1772,132.03,13500.15,23403.56,36283.77,58.0,0.1411,0.25,105.73,3.0,15.37,26.9,525.4,0.251,2.5,0.089,0,0,0,0.08,65391.97,2
2021-03,2021-03-01,US,Toyota,534,132.03,13500.15,23403.56,36283.77,58.0,0.1411,0.25,105.73,3.0,15.37,26.9,525.4,0.251,2.5,0.089,0,0,0,0.05,39500.0,1
2021-03,2021-03-01,EU,Tesla,24836,132.03,13500.15,23403.56,36283.77,58.0,0.2462,0.25,105.73,3.0,16.42,26.9,854.6,0.239,10.0,0.103,0,0,0,0.5,46771.91,4
2021-03,2021-03-01,EU,BYD,2524,132.03,13500.15,23403.56,36283.77,58.0,0.2462,0.25,105.73,3.0,16.42,26.9,854.6,0.239,10.0,0.103,0,0,0,0.92,22271.55,9
2021-03,2021-03-01,EU,Volkswagen Group,25034,132.03,13500.15,23403.56,36283.77,58.0,0.2462,0.25,105.73,3.0,16.42,26.9,854.6,0.239,10.0,0.103,0,0,0,0.19,43709.72,4
2021-03,2021-03-01,EU,Hyundai-Kia Group,6280,132.03,13500.15,23403.56,36283.77,58.0,0.2462,0.25,105.73,3.0,16.42,26.9,854.6,0.239,10.0,0.103,0,0,0,0.26,40566.54,4
2021-03,2021-03-01,EU,BMW Group,4832,132.03,13500.15,23403.56,36283.77,58.0,0.2462,0.25,105.73,3.0,16.42,26.9,854.6,0.239,10.0,0.103,0,0,0,0.1,57509.15,3
2021-03,2021-03-01,EU,Mercedes-Benz Group,4984,132.03,13500.15,23403.56,36283.77,58.0,0.2462,0.25,105.73,3.0,16.42,26.9,854.6,0.239,10.0,0.103,0,0,0,0.08,65402.78,2
2021-03,2021-03-01,EU,Toyota,466,132.03,13500.15,23403.56,36283.77,58.0,0.2462,0.25,105.73,3.0,16.42,26.9,854.6,0.239,10.0,0.103,0,0,0,0.05,39500.0,1
2021-03,2021-03-01,CN,Tesla,30187,132.03,13500.15,23403.56,36283.77,58.0,0.0905,0.25,105.73,3.0,15.38,26.9,1775.6,0.485,15.0,0.115,0,0,0,0.7,47143.18,4
2021-03,2021-03-01,CN,BYD,28347,132.03,13500.15,23403.56,36283.77,58.0,0.0905,0.25,105.73,3.0,15.38,26.9,1775.6,0.485,15.0,0.115,0,0,0,0.92,22346.16,9
2021-03,2021-03-01,CN,Volkswagen Group,12541,132.03,13500.15,23403.56,36283.77,58.0,0.0905,0.25,105.73,3.0,15.38,26.9,1775.6,0.485,15.0,0.115,0,0,0,0.19,43657.75,4
2021-03,2021-03-01,CN,Hyundai-Kia Group,1096,132.03,13500.15,23403.56,36283.77,58.0,0.0905,0.25,105.73,3.0,15.38,26.9,1775.6,0.485,15.0,0.115,0,0,0,0.26,39881.71,4
2021-03,2021-03-01,CN,BMW Group,3048,132.03,13500.15,23403.56,36283.77,58.0,0.0905,0.25,105.73,3.0,15.38,26.9,1775.6,0.485,15.0,0.115,0,0,0,0.1,57883.08,3
2021-03,2021-03-01,CN,Mercedes-Benz Group,2708,132.03,13500.15,23403.56,36283.77,58.0,0.0905,0.25,105.73,3.0,15.38,26.9,1775.6,0.485,15.0,0.115,0,0,0,0.08,64801.63,2
2021-03,2021-03-01,CN,Toyota,328,132.03,13500.15,23403.56,36283.77,58.0,0.0905,0.25,105.73,3.0,15.38,26.9,1775.6,0.485,15.0,0.115,0,0,0,0.05,39500.0,1
2021-04,2021-04-01,US,Tesla,28592,133.23,16842.52,23154.87,35323.31,60.0,0.1418,0.25,106.49,2.88,16.1,28.1,544.3,0.253,2.5,0.088,0,0,0,0.5,46916.64,4
2021-04,2021-04-01,US,BYD,487,133.23,16842.52,23154.87,35323.31,60.0,0.1418,0.25,106.49,2.88,16.1,28.1,544.3,0.253,27.5,0.088,0,0,0,0.92,22426.15,9
2021-04,2021-04-01,US,Volkswagen Group,4079,133.23,16842.52,23154.87,35323.31,60.0,0.1418,0.25,106.49,2.88,16.1,28.1,544.3,0.253,2.5,0.088,0,0,0,0.2,43393.94,4
2021-04,2021-04-01,US,Hyundai-Kia Group,4968,133.23,16842.52,23154.87,35323.31,60.0,0.1418,0.25,106.49,2.88,16.1,28.1,544.3,0.253,2.5,0.088,0,0,0,0.26,40734.09,4
2021-04,2021-04-01,US,BMW Group,1448,133.23,16842.52,23154.87,35323.31,60.0,0.1418,0.25,106.49,2.88,16.1,28.1,544.3,0.253,2.5,0.088,0,0,0,0.1,58162.74,3
2021-04,2021-04-01,US,Mercedes-Benz Group,1318,133.23,16842.52,23154.87,35323.31,60.0,0.1418,0.25,106.49,2.88,16.1,28.1,544.3,0.253,2.5,0.088,0,0,0,0.08,65533.53,3
2021-04,2021-04-01,US,Toyota,442,133.23,16842.52,23154.87,35323.31,60.0,0.1418,0.25,106.49,2.88,16.1,28.1,544.3,0.253,2.5,0.088,0,0,0,0.05,39500.0,1
2021-04,2021-04-01,EU,Tesla,19414,133.23,16842.52,23154.87,35323.31,60.0,0.247,0.25,106.49,2.88,17.3,28.1,888.5,0.242,10.0,0.102,0,0,0,0.5,47272.8,4
2021-04,2021-04-01,EU,BYD,2130,133.23,16842.52,23154.87,35323.31,60.0,0.247,0.25,106.49,2.88,17.3,28.1,888.5,0.242,10.0,0.102,0,0,0,0.92,22102.43,9
2021-04,2021-04-01,EU,Volkswagen Group,20913,133.23,16842.52,23154.87,35323.31,60.0,0.247,0.25,106.49,2.88,17.3,28.1,888.5,0.242,10.0,0.102,0,0,0,0.2,43886.02,4
2021-04,2021-04-01,EU,Hyundai-Kia Group,5318,133.23,16842.52,23154.87,35323.31,60.0,0.247,0.25,106.49,2.88,17.3,28.1,888.5,0.242,10.0,0.102,0,0,0,0.26,40143.14,4
2021-04,2021-04-01,EU,BMW Group,4159,133.23,16842.52,23154.87,35323.31,60.0,0.247,0.25,106.49,2.88,17.3,28.1,888.5,0.242,10.0,0.102,0,0,0,0.1,57637.29,3
2021-04,2021-04-01,EU,Mercedes-Benz Group,4020,133.23,16842.52,23154.87,35323.31,60.0,0.247,0.25,106.49,2.88,17.3,28.1,888.5,0.242,10.0,0.102,0,0,0,0.08,64940.67,3
2021-04,2021-04-01,EU,Toyota,371,133.23,16842.52,23154.87,35323.31,60.0,0.247,0.25,106.49,2.88,17.3,28.1,888.5,0.242,10.0,0.102,0,0,0,0.05,39500.0,1
2021-04,2021-04-01,CN,Tesla,25000,133.23,16842.52,23154.87,35323.31,60.0,0.0907,0.25,106.49,2.88,16.42,28.1,1804.6,0.488,15.0,0.113,0,0,0,0.7,47315.15,4
2021-04,2021-04-01,CN,BYD,22581,133.23,16842.52,23154.87,35323.31,60.0,0.0907,0.25,106.49,2.88,16.42,28.1,1804.6,0.488,15.0,0.113,0,0,0,0.92,22371.86,9
2021-04,2021-04-01,CN,Volkswagen Group,10136,133.23,16842.52,23154.87,35323.31,60.0,0.0907,0.25,106.49,2.88,16.42,28.1,1804.6,0.488,15.0,0.113,0,0,0,0.2,43435.16,4
2021-04,2021-04-01,CN,Hyundai-Kia Group,930,133.23,16842.52,23154.87,35323.31,60.0,0.0907,0.25,106.49,2.88,16.42,28.1,1804.6,0.488,15.0,0.113,0,0,0,0.26,39963.18,4
2021-04,2021-04-01,CN,BMW Group,2531,133.23,16842.52,23154.87,35323.31,60.0,0.0907,0.25,106.49,2.88,16.42,28.1,1804.6,0.488,15.0,0.113,0,0,0,0.1,57816.58,3
2021-04,2021-04-01,CN,Mercedes-Benz Group,2265,133.23,16842.52,23154.87,35323.31,60.0,0.0907,0.25,106.49,2.88,16.42,28.1,1804.6,0.488,15.0,0.113,0,0,0,0.08,65544.58,3
2021-04,2021-04-01,CN,Toyota,300,133.23,16842.52,23154.87,35323.31,60.0,0.0907,0.25,106.49,2.88,16.42,28.1,1804.6,0.488,15.0,0.113,0,0,0,0.05,39500.0,1
2021-05,2021-05-01,US,Tesla,30578,132.83,17489.81,22546.48,33180.29,62.0,0.1424,0.25,106.96,3.02,16.83,27.5,556.5,0.255,2.5,0.087,0,0,0,0.5,46929.88,4
2021-05,2021-05-01,US,BYD,535,132.83,17489.81,22546.48,33180.29,62.0,0.1424,0.25,106.96,3.02,16.83,27.5,556.5,0.255,27.5,0.087,0,0,0,0.92,21916.85,10
2021-05,2021-05-01,US,Volkswagen Group,4708,132.83,17489.81,22546.48,33180.29,62.0,0.1424,0.25,106.96,3.02,16.83,27.5,556.5,0.255,2.5,0.087,0,0,0,0.2,43918.76,4
2021-05,2021-05-01,US,Hyundai-Kia Group,5324,132.83,17489.81,22546.48,33180.29,62.0,0.1424,0.25,106.96,3.02,16.83,27.5,556.5,0.255,2.5,0.087,0,0,0,0.26,40103.69,4
2021-05,2021-05-01,US,BMW Group,1563,132.83,17489.81,22546.48,33180.29,62.0,0.1424,0.25,106.96,3.02,16.83,27.5,556.5,0.255,2.5,0.087,0,0,0,0.1,57833.78,3
2021-05,2021-05-01,US,Mercedes-Benz Group,1510,132.83,17489.81,22546.48,33180.29,62.0,0.1424,0.25,106.96,3.02,16.83,27.5,556.5,0.255,2.5,0.087,0,0,0,0.08,66365.1,3
2021-05,2021-05-01,US,Toyota,462,132.83,17489.81,22546.48,33180.29,62.0,0.1424,0.25,106.96,3.02,16.83,27.5,556.5,0.255,2.5,0.087,0,0,0,0.05,39500.0,1
2021-05,2021-05-01,EU,Tesla,21098,132.83,17489.81,22546.48,33180.29,62.0,0.2478,0.25,106.96,3.02,15.35,27.5,902.4,0.245,10.0,0.101,0,0,0,0.5,46730.06,4
2021-05,2021-05-01,EU,BYD,2296,132.83,17489.81,22546.48,33180.29,62.0,0.2478,0.25,106.96,3.02,15.35,27.5,902.4,0.245,10.0,0.101,0,0,0,0.92,22116.48,10
2021-05,2021-05-01,EU,Volkswagen Group,23296,132.83,17489.81,22546.48,33180.29,62.0,0.2478,0.25,106.96,3.02,15.35,27.5,902.4,0.245,10.0,0.101,0,0,0,0.2,43375.07,4
2021-05,2021-05-01,EU,Hyundai-Kia Group,5749,132.83,17489.81,22546.48,33180.29,62.0,0.2478,0.25,106.96,3.02,15.35,27.5,902.4,0.245,10.0,0.101,0,0,0,0.26,40978.08,4
2021-05,2021-05-01,EU,BMW Group,4533,132.83,17489.81,22546.48,33180.29,62.0,0.2478,0.25,106.96,3.02,15.35,27.5,902.4,0.245,10.0,0.101,0,0,0,0.1,57504.22,3
2021-05,2021-05-01,EU,Mercedes-Benz Group,4701,132.83,17489.81,22546.48,33180.29,62.0,0.2478,0.25,106.96,3.02,15.35,27.5,902.4,0.245,10.0,0.101,0,0,0,0.08,65700.95,3
2021-05,2021-05-01,EU,Toyota,438,132.83,17489.81,22546.48,33180.29,62.0,0.2478,0.25,106.96,3.02,15.35,27.5,902.4,0.245,10.0,0.101,0,0,0,0.05,39500.0,1
2021-05,2021-05-01,CN,Tesla,27355,132.83,17489.81,22546.48,33180.29,62.0,0.0909,0.25,106.96,3.02,16.16,27.5,1879.7,0.491,15.0,0.111,0,0,0,0.7,47072.61,4
2021-05,2021-05-01,CN,BYD,25722,132.83,17489.81,22546.48,33180.29,62.0,0.0909,0.25,106.96,3.02,16.16,27.5,1879.7,0.491,15.0,0.111,0,0,0,0.92,22321.45,10
2021-05,2021-05-01,CN,Volkswagen Group,11371,132.83,17489.81,22546.48,33180.29,62.0,0.0909,0.25,106.96,3.02,16.16,27.5,1879.7,0.491,15.0,0.111,0,0,0,0.2,43730.79,4
2021-05,2021-05-01,CN,Hyundai-Kia Group,1027,132.83,17489.81,22546.48,33180.29,62.0,0.0909,0.25,106.96,3.02,16.16,27.5,1879.7,0.491,15.0,0.111,0,0,0,0.26,40414.61,4
2021-05,2021-05-01,CN,BMW Group,2702,132.83,17489.81,22546.48,33180.29,62.0,0.0909,0.25,106.96,3.02,16.16,27.5,1879.7,0.491,15.0,0.111,0,0,0,0.1,57758.69,3
2021-05,2021-05-01,CN,Mercedes-Benz Group,2502,132.83,17489.81,22546.48,33180.29,62.0,0.0909,0.25,106.96,3.02,16.16,27.5,1879.7,0.491,15.0,0.111,0,0,0,0.08,64951.53,3
2021-05,2021-05-01,CN,Toyota,308,132.83,17489.81,22546.48,33180.29,62.0,0.0909,0.25,106.96,3.02,16.16,27.5,1879.7,0.491,15.0,0.111,0,0,0,0.05,39500.0,1
2021-06,2021-06-01,US,Tesla,36975,134.03,19685.33,22469.49,33605.47,64.0,0.1431,0.25,106.87,2.75,16.2,28.5,595.7,0.257,2.5,0.086,0,0,0,0.5,46704.82,4
2021-06,2021-06-01,US,BYD,657,134.03,19685.33,22469.49,33605.47,64.0,0.1431,0.25,106.87,2.75,16.2,28.5,595.7,0.257,27.5,0.086,0,0,0,0.92,22245.94,10
2021-06,2021-06-01,US,Volkswagen Group,5375,134.03,19685.33,22469.49,33605.47,64.0,0.1431,0.25,106.87,2.75,16.2,28.5,595.7,0.257,2.5,0.086,0,0,0,0.2,43492.37,4
2021-06,2021-06-01,US,Hyundai-Kia Group,6443,134.03,19685.33,22469.49,33605.47,64.0,0.1431,0.25,106.87,2.75,16.2,28.5,595.7,0.257,2.5,0.086,0,0,0,0.27,40006.07,4
2021-06,2021-06-01,US,BMW Group,1844,134.03,19685.33,22469.49,33605.47,64.0,0.1431,0.25,106.87,2.75,16.2,28.5,595.7,0.257,2.5,0.086,0,0,0,0.1,58079.45,3
2021-06,2021-06-01,US,Mercedes-Benz Group,1702,134.03,19685.33,22469.49,33605.47,64.0,0.1431,0.25,106.87,2.75,16.2,28.5,595.7,0.257,2.5,0.086,0,0,0,0.08,65386.48,3
2021-06,2021-06-01,US,Toyota,538,134.03,19685.33,22469.49,33605.47,64.0,0.1431,0.25,106.87,2.75,16.2,28.5,595.7,0.257,2.5,0.086,0,0,0,0.05,39500.0,1
2021-06,2021-06-01,EU,Tesla,24986,134.03,19685.33,22469.49,33605.47,64.0,0.2486,0.25,106.87,2.75,15.23,28.5,950.8,0.248,10.0,0.1,0,0,0,0.5,46743.16,4
2021-06,2021-06-01,EU,BYD,2689,134.03,19685.33,22469.49,33605.47,64.0,0.2486,0.25,106.87,2.75,15.23,28.5,950.8,0.248,10.0,0.1,0,0,0,0.92,22251.85,10
2021-06,2021-06-01,EU,Volkswagen Group,26863,134.03,19685.33,22469.49,33605.47,64.0,0.2486,0.25,106.87,2.75,15.23,28.5,950.8,0.248,10.0,0.1,0,0,0,0.2,43874.35,4
2021-06,2021-06-01,EU,Hyundai-Kia Group,6294,134.03,19685.33,22469.49,33605.47,64.0,0.2486,0.25,106.87,2.75,15.23,28.5,950.8,0.248,10.0,0.1,0,0,0,0.27,39480.36,4
2021-06,2021-06-01,EU,BMW Group,5489,134.03,19685.33,22469.49,33605.47,64.0,0.2486,0.25,106.87,2.75,15.23,28.5,950.8,0.248,10.0,0.1,0,0,0,0.1,57449.18,3
2021-06,2021-06-01,EU,Mercedes-Benz Group,5230,134.03,19685.33,22469.49,33605.47,64.0,0.2486,0.25,106.87,2.75,15.23,28.5,950.8,0.248,10.0,0.1,0,0,0,0.08,65674.18,3
2021-06,2021-06-01,EU,Toyota,495,134.03,19685.33,22469.49,33605.47,64.0,0.2486,0.25,106.87,2.75,15.23,28.5,950.8,0.248,10.0,0.1,0,0,0,0.05,39500.0,1
2021-06,2021-06-01,CN,Tesla,32543,134.03,19685.33,22469.49,33605.47,64.0,0.0911,0.25,106.87,2.75,15.43,28.5,1904.7,0.494,15.0,0.109,0,0,0,0.7,46825.06,4
2021-06,2021-06-01,CN,BYD,29628,134.03,19685.33,22469.49,33605.47,64.0,0.0911,0.25,106.87,2.75,15.43,28.5,1904.7,0.494,15.0,0.109,0,0,0,0.92,22634.33,10
2021-06,2021-06-01,CN,Volkswagen Group,12668,134.03,19685.33,22469.49,33605.47,64.0,0.0911,0.25,106.87,2.75,15.43,28.5,1904.7,0.494,15.0,0.109,0,0,0,0.2,42852.34,4
2021-06,2021-06-01,CN,Hyundai-Kia Group,1146,134.03,19685.33,22469.49,33605.47,64.0,0.0911,0.25,106.87,2.75,15.43,28.5,1904.7,0.494,15.0,0.109,0,0,0,0.27,40126.32,4
2021-06,2021-06-01,CN,BMW Group,3227,134.03,19685.33,22469.49,33605.47,64.0,0.0911,0.25,106.87,2.75,15.43,28.5,1904.7,0.494,15.0,0.109,0,0,0,0.1,57553.51,3
2021-06,2021-06-01,CN,Mercedes-Benz Group,2888,134.03,19685.33,22469.49,33605.47,64.0,0.0911,0.25,106.87,2.75,15.43,28.5,1904.7,0.494,15.0,0.109,0,0,0,0.08,64694.23,3
2021-06,2021-06-01,CN,Toyota,374,134.03,19685.33,22469.49,33605.47,64.0,0.0911,0.25,106.87,2.75,15.43,28.5,1904.7,0.494,15.0,0.109,0,0,0,0.05,39500.0,1
2021-07,2021-07-01,US,Tesla,29257,134.65,21934.28,22616.89,31774.96,66.0,0.1437,0.26,107.65,2.55,17.04,29.1,595.2,0.26,2.5,0.086,0,0,0,0.5,46952.04,4
2021-07,2021-07-01,US,BYD,492,134.65,21934.28,22616.89,31774.96,66.0,0.1437,0.26,107.65,2.55,17.04,29.1,595.2,0.26,27.5,0.086,0,0,0,0.92,22670.19,10
2021-07,2021-07-01,US,Volkswagen Group,4252,134.65,21934.28,22616.89,31774.96,66.0,0.1437,0.26,107.65,2.55,17.04,29.1,595.2,0.26,2.5,0.086,0,0,0,0.2,42810.77,4
2021-07,2021-07-01,US,Hyundai-Kia Group,5135,134.65,21934.28,22616.89,31774.96,66.0,0.1437,0.26,107.65,2.55,17.04,29.1,595.2,0.26,2.5,0.086,0,0,0,0.27,39855.68,4
2021-07,2021-07-01,US,BMW Group,1499,134.65,21934.28,22616.89,31774.96,66.0,0.1437,0.26,107.65,2.55,17.04,29.1,595.2,0.26,2.5,0.086,0,0,0,0.1,57338.95,3
2021-07,2021-07-01,US,Mercedes-Benz Group,1382,134.65,21934.28,22616.89,31774.96,66.0,0.1437,0.26,107.65,2.55,17.04,29.1,595.2,0.26,2.5,0.086,0,0,0,0.08,64335.23,3
2021-07,2021-07-01,US,Toyota,432,134.65,21934.28,22616.89,31774.96,66.0,0.1437,0.26,107.65,2.55,17.04,29.1,595.2,0.26,2.5,0.086,0,0,0,0.05,39500.0,1
2021-07,2021-07-01,EU,Tesla,20781,134.65,21934.28,22616.89,31774.96,66.0,0.2494,0.26,107.65,2.55,15.2,29.1,931.9,0.25,10.0,0.098,0,0,0,0.5,46755.74,4
2021-07,2021-07-01,EU,BYD,2090,134.65,21934.28,22616.89,31774.96,66.0,0.2494,0.26,107.65,2.55,15.2,29.1,931.9,0.25,10.0,0.098,0,0,0,0.92,22116.6,10
2021-07,2021-07-01,EU,Volkswagen Group,21846,134.65,21934.28,22616.89,31774.96,66.0,0.2494,0.26,107.65,2.55,15.2,29.1,931.9,0.25,10.0,0.098,0,0,0,0.2,43238.92,4
2021-07,2021-07-01,EU,Hyundai-Kia Group,5088,134.65,21934.28,22616.89,31774.96,66.0,0.2494,0.26,107.65,2.55,15.2,29.1,931.9,0.25,10.0,0.098,0,0,0,0.27,40511.02,4
2021-07,2021-07-01,EU,BMW Group,4454,134.65,21934.28,22616.89,31774.96,66.0,0.2494,0.26,107.65,2.55,15.2,29.1,931.9,0.25,10.0,0.098,0,0,0,0.1,57511.61,3
2021-07,2021-07-01,EU,Mercedes-Benz Group,4319,134.65,21934.28,22616.89,31774.96,66.0,0.2494,0.26,107.65,2.55,15.2,29.1,931.9,0.25,10.0,0.098,0,0,0,0.08,65384.19,3
2021-07,2021-07-01,EU,Toyota,371,134.65,21934.28,22616.89,31774.96,66.0,0.2494,0.26,107.65,2.55,15.2,29.1,931.9,0.25,10.0,0.098,0,0,0,0.05,39500.0,1
2021-07,2021-07-01,CN,Tesla,24763,134.65,21934.28,22616.89,31774.96,66.0,0.0912,0.26,107.65,2.55,15.92,29.1,1959.1,0.498,15.0,0.108,0,0,0,0.7,46435.67,4
2021-07,2021-07-01,CN,BYD,24961,134.65,21934.28,22616.89,31774.96,66.0,0.0912,0.26,107.65,2.55,15.92,29.1,1959.1,0.498,15.0,0.108,0,0,0,0.92,22438.17,10
2021-07,2021-07-01,CN,Volkswagen Group,10287,134.65,21934.28,22616.89,31774.96,66.0,0.0912,0.26,107.65,2.55,15.92,29.1,1959.1,0.498,15.0,0.108,0,0,0,0.2,43411.77,4
2021-07,2021-07-01,CN,Hyundai-Kia Group,971,134.65,21934.28,22616.89,31774.96,66.0,0.0912,0.26,107.65,2.55,15.92,29.1,1959.1,0.498,15.0,0.108,0,0,0,0.27,40337.39,4
2021-07,2021-07-01,CN,BMW Group,2571,134.65,21934.28,22616.89,31774.96,66.0,0.0912,0.26,107.65,2.55,15.92,29.1,1959.1,0.498,15.0,0.108,0,0,0,0.1,57341.23,3
2021-07,2021-07-01,CN,Mercedes-Benz Group,2334,134.65,21934.28,22616.89,31774.96,66.0,0.0912,0.26,107.65,2.55,15.92,29.1,1959.1,0.498,15.0,0.108,0,0,0,0.08,65476.74,3
2021-07,2021-07-01,CN,Toyota,295,134.65,21934.28,22616.89,31774.96,66.0,0.0912,0.26,107.65,2.55,15.92,29.1,1959.1,0.498,15.0,0.108,0,0,0,0.05,39500.0,1
2021-08,2021-08-01,US,Tesla,29692,135.98,24508.14,21985.53,30015.63,68.0,0.1444,0.25,108.4,2.17,15.93,29.4,610.4,0.262,2.5,0.085,0,0,0,0.5,46313.9,4
2021-08,2021-08-01,US,BYD,522,135.98,24508.14,21985.53,30015.63,68.0,0.1444,0.25,108.4,2.17,15.93,29.4,610.4,0.262,27.5,0.085,0,0,0,0.92,22459.57,10
2021-08,2021-08-01,US,Volkswagen Group,4297,135.98,24508.14,21985.53,30015.63,68.0,0.1444,0.25,108.4,2.17,15.93,29.4,610.4,0.262,2.5,0.085,0,0,0,0.21,43162.69,4
2021-08,2021-08-01,US,Hyundai-Kia Group,5573,135.98,24508.14,21985.53,30015.63,68.0,0.1444,0.25,108.4,2.17,15.93,29.4,610.4,0.262,2.5,0.085,0,0,0,0.28,40498.26,4
2021-08,2021-08-01,US,BMW Group,1521,135.98,24508.14,21985.53,30015.63,68.0,0.1444,0.25,108.4,2.17,15.93,29.4,610.4,0.262,2.5,0.085,0,0,0,0.1,57565.2,3
2021-08,2021-08-01,US,Mercedes-Benz Group,1442,135.98,24508.14,21985.53,30015.63,68.0,0.1444,0.25,108.4,2.17,15.93,29.4,610.4,0.262,2.5,0.085,0,0,0,0.08,65546.76,3
2021-08,2021-08-01,US,Toyota,437,135.98,24508.14,21985.53,30015.63,68.0,0.1444,0.25,108.4,2.17,15.93,29.4,610.4,0.262,2.5,0.085,0,0,0,0.05,39500.0,1
2021-08,2021-08-01,EU,Tesla,21018,135.98,24508.14,21985.53,30015.63,68.0,0.2502,0.25,108.4,2.17,15.12,29.4,982.4,0.253,10.0,0.097,0,0,0,0.5,46604.16,4
2021-08,2021-08-01,EU,BYD,2081,135.98,24508.14,21985.53,30015.63,68.0,0.2502,0.25,108.4,2.17,15.12,29.4,982.4,0.253,10.0,0.097,0,0,0,0.92,22669.8,10
2021-08,2021-08-01,EU,Volkswagen Group,21579,135.98,24508.14,21985.53,30015.63,68.0,0.2502,0.25,108.4,2.17,15.12,29.4,982.4,0.253,10.0,0.097,0,0,0,0.21,42730.69,4
2021-08,2021-08-01,EU,Hyundai-Kia Group,5405,135.98,24508.14,21985.53,30015.63,68.0,0.2502,0.25,108.4,2.17,15.12,29.4,982.4,0.253,10.0,0.097,0,0,0,0.28,40294.13,4
2021-08,2021-08-01,EU,BMW Group,4650,135.98,24508.14,21985.53,30015.63,68.0,0.2502,0.25,108.4,2.17,15.12,29.4,982.4,0.253,10.0,0.097,0,0,0,0.1,57366.45,3
2021-08,2021-08-01,EU,Mercedes-Benz Group,4542,135.98,24508.14,21985.53,30015.63,68.0,0.2502,0.25,108.4,2.17,15.12,29.4,982.4,0.253,10.0,0.097,0,0,0,0.08,65220.75,3
2021-08,2021-08-01,EU,Toyota,400,135.98,24508.14,21985.53,30015.63,68.0,0.2502,0.25,108.4,2.17,15.12,29.4,982.4,0.253,10.0,0.097,0,0,0,0.05,39500.0,1
2021-08,2021-08-01,CN,Tesla,24710,135.98,24508.14,21985.53,30015.63,68.0,0.0914,0.25,108.4,2.17,16.97,29.4,2029.7,0.501,15.0,0.106,0,0,0,0.7,46852.96,4
2021-08,2021-08-01,CN,BYD,25056,135.98,24508.14,21985.53,30015.63,68.0,0.0914,0.25,108.4,2.17,16.97,29.4,2029.7,0.501,15.0,0.106,0,0,0,0.92,22229.89,10
2021-08,2021-08-01,CN,Volkswagen Group,10717,135.98,24508.14,21985.53,30015.63,68.0,0.0914,0.25,108.4,2.17,16.97,29.4,2029.7,0.501,15.0,0.106,0,0,0,0.21,43318.21,4
2021-08,2021-08-01,CN,Hyundai-Kia Group,956,135.98,24508.14,21985.53,30015.63,68.0,0.0914,0.25,108.4,2.17,16.97,29.4,2029.7,0.501,15.0,0.106,0,0,0,0.28,39814.91,4
2021-08,2021-08-01,CN,BMW Group,2556,135.98,24508.14,21985.53,30015.63,68.0,0.0914,0.25,108.4,2.17,16.97,29.4,2029.7,0.501,15.0,0.106,0,0,0,0.1,57539.78,3
2021-08,2021-08-01,CN,Mercedes-Benz Group,2399,135.98,24508.14,21985.53,30015.63,68.0,0.0914,0.25,108.4,2.17,16.97,29.4,2029.7,0.501,15.0,0.106,0,0,0,0.08,65511.8,3
2021-08,2021-08-01,CN,Toyota,289,135.98,24508.14,21985.53,30015.63,68.0,0.0914,0.25,108.4,2.17,16.97,29.4,2029.7,0.501,15.0,0.106,0,0,0,0.05,39500.0,1
2021-09,2021-09-01,US,Tesla,37759,132.61,26617.36,18980.18,30341.4,70.0,0.145,0.25,108.18,1.9,16.73,28.9,620.3,0.264,2.5,0.084,0,0,0,0.5,46443.11,4
2021-09,2021-09-01,US,BYD,649,132.61,26617.36,18980.18,30341.4,70.0,0.145,0.25,108.18,1.9,16.73,28.9,620.3,0.264,27.5,0.084,0,0,0,0.92,22143.4,10
2021-09,2021-09-01,US,Volkswagen Group,5642,132.61,26617.36,18980.18,30341.4,70.0,0.145,0.25,108.18,1.9,16.73,28.9,620.3,0.264,2.5,0.084,0,0,0,0.21,42951.87,4
2021-09,2021-09-01,US,Hyundai-Kia Group,6302,132.61,26617.36,18980.18,30341.4,70.0,0.145,0.25,108.18,1.9,16.73,28.9,620.3,0.264,2.5,0.084,0,0,0,0.28,39771.57,5
2021-09,2021-09-01,US,BMW Group,1968,132.61,26617.36,18980.18,30341.4,70.0,0.145,0.25,108.18,1.9,16.73,28.9,620.3,0.264,2.5,0.084,0,0,0,0.1,57840.09,3
2021-09,2021-09-01,US,Mercedes-Benz Group,1786,132.61,26617.36,18980.18,30341.4,70.0,0.145,0.25,108.18,1.9,16.73,28.9,620.3,0.264,2.5,0.084,0,0,0,0.08,65025.37,3
2021-09,2021-09-01,US,Toyota,560,132.61,26617.36,18980.18,30341.4,70.0,0.145,0.25,108.18,1.9,16.73,28.9,620.3,0.264,2.5,0.084,0,0,0,0.05,39500.0,1
2021-09,2021-09-01,EU,Tesla,26325,132.61,26617.36,18980.18,30341.4,70.0,0.251,0.25,108.18,1.9,16.76,28.9,1034.9,0.256,10.0,0.096,0,0,0,0.5,46609.09,4
2021-09,2021-09-01,EU,BYD,2658,132.61,26617.36,18980.18,30341.4,70.0,0.251,0.25,108.18,1.9,16.76,28.9,1034.9,0.256,10.0,0.096,0,0,0,0.92,22348.19,10
2021-09,2021-09-01,EU,Volkswagen Group,27810,132.61,26617.36,18980.18,30341.4,70.0,0.251,0.25,108.18,1.9,16.76,28.9,1034.9,0.256,10.0,0.096,0,0,0,0.21,43078.52,4
2021-09,2021-09-01,EU,Hyundai-Kia Group,6714,132.61,26617.36,18980.18,30341.4,70.0,0.251,0.25,108.18,1.9,16.76,28.9,1034.9,0.256,10.0,0.096,0,0,0,0.28,40118.29,5
2021-09,2021-09-01,EU,BMW Group,5565,132.61,26617.36,18980.18,30341.4,70.0,0.251,0.25,108.18,1.9,16.76,28.9,1034.9,0.256,10.0,0.096,0,0,0,0.1,57793.06,3
2021-09,2021-09-01,EU,Mercedes-Benz Group,5505,132.61,26617.36,18980.18,30341.4,70.0,0.251,0.25,108.18,1.9,16.76,28.9,1034.9,0.256,10.0,0.096,0,0,0,0.08,65239.32,3
2021-09,2021-09-01,EU,Toyota,476,132.61,26617.36,18980.18,30341.4,70.0,0.251,0.25,108.18,1.9,16.76,28.9,1034.9,0.256,10.0,0.096,0,0,0,0.05,39500.0,1
2021-09,2021-09-01,CN,Tesla,33511,132.61,26617.36,18980.18,30341.4,70.0,0.0916,0.25,108.18,1.9,16.73,28.9,2078.3,0.504,15.0,0.104,0,0,0,0.7,45431.12,4
2021-09,2021-09-01,CN,BYD,32222,132.61,26617.36,18980.18,30341.4,70.0,0.0916,0.25,108.18,1.9,16.73,28.9,2078.3,0.504,15.0,0.104,0,0,0,0.92,22372.08,10
2021-09,2021-09-01,CN,Volkswagen Group,13795,132.61,26617.36,18980.18,30341.4,70.0,0.0916,0.25,108.18,1.9,16.73,28.9,2078.3,0.504,15.0,0.104,0,0,0,0.21,42788.03,4
2021-09,2021-09-01,CN,Hyundai-Kia Group,1219,132.61,26617.36,18980.18,30341.4,70.0,0.0916,0.25,108.18,1.9,16.73,28.9,2078.3,0.504,15.0,0.104,0,0,0,0.28,39583.98,5
2021-09,2021-09-01,CN,BMW Group,3234,132.61,26617.36,18980.18,30341.4,70.0,0.0916,0.25,108.18,1.9,16.73,28.9,2078.3,0.504,15.0,0.104,0,0,0,0.1,58265.61,3
2021-09,2021-09-01,CN,Mercedes-Benz Group,2920,132.61,26617.36,18980.18,30341.4,70.0,0.0916,0.25,108.18,1.9,16.73,28.9,2078.3,0.504,15.0,0.104,0,0,0,0.08,65308.72,3
2021-09,2021-09-01,CN,Toyota,378,132.61,26617.36,18980.18,30341.4,70.0,0.0916,0.25,108.18,1.9,16.73,28.9,2078.3,0.504,15.0,0.104,0,0,0,0.05,39500.0,1
2021-10,2021-10-01,US,Tesla,32009,137.88,28396.55,20047.69,28738.66,72.0,0.1457,0.25,108.86,2.07,16.96,28.9,648.7,0.266,2.5,0.083,0,0,0,0.5,46680.03,4
2021-10,2021-10-01,US,BYD,548,137.88,28396.55,20047.69,28738.66,72.0,0.1457,0.25,108.86,2.07,16.96,28.9,648.7,0.266,27.5,0.083,0,0,0,0.92,22505.53,10
2021-10,2021-10-01,US,Volkswagen Group,4699,137.88,28396.55,20047.69,28738.66,72.0,0.1457,0.25,108.86,2.07,16.96,28.9,648.7,0.266,2.5,0.083,0,0,0,0.21,43010.76,4
2021-10,2021-10-01,US,Hyundai-Kia Group,5828,137.88,28396.55,20047.69,28738.66,72.0,0.1457,0.25,108.86,2.07,16.96,28.9,648.7,0.266,2.5,0.083,0,0,0,0.28,39916.41,5
2021-10,2021-10-01,US,BMW Group,1672,137.88,28396.55,20047.69,28738.66,72.0,0.1457,0.25,108.86,2.07,16.96,28.9,648.7,0.266,2.5,0.083,0,0,0,0.1,58095.48,3
2021-10,2021-10-01,US,Mercedes-Benz Group,1600,137.88,28396.55,20047.69,28738.66,72.0,0.1457,0.25,108.86,2.07,16.96,28.9,648.7,0.266,2.5,0.083,0,0,0,0.08,65037.92,3
2021-10,2021-10-01,US,Toyota,508,137.88,28396.55,20047.69,28738.66,72.0,0.1457,0.25,108.86,2.07,16.96,28.9,648.7,0.266,2.5,0.083,0,0,0,0.05,39500.0,1
2021-10,2021-10-01,EU,Tesla,23333,137.88,28396.55,20047.69,28738.66,72.0,0.2518,0.25,108.86,2.07,15.47,28.9,1048.8,0.259,10.0,0.095,0,0,0,0.5,46400.35,4
2021-10,2021-10-01,EU,BYD,2310,137.88,28396.55,20047.69,28738.66,72.0,0.2518,0.25,108.86,2.07,15.47,28.9,1048.8,0.259,10.0,0.095,0,0,0,0.92,22720.14,10
2021-10,2021-10-01,EU,Volkswagen Group,24565,137.88,28396.55,20047.69,28738.66,72.0,0.2518,0.25,108.86,2.07,15.47,28.9,1048.8,0.259,10.0,0.095,0,0,0,0.21,43067.67,4
2021-10,2021-10-01,EU,Hyundai-Kia Group,5901,137.88,28396.55,20047.69,28738.66,72.0,0.2518,0.25,108.86,2.07,15.47,28.9,1048.8,0.259,10.0,0.095,0,0,0,0.28,39824.67,5
2021-10,2021-10-01,EU,BMW Group,4751,137.88,28396.55,20047.69,28738.66,72.0,0.2518,0.25,108.86,2.07,15.47,28.9,1048.8,0.259,10.0,0.095,0,0,0,0.1,56873.98,3
2021-10,2021-10-01,EU,Mercedes-Benz Group,5086,137.88,28396.55,20047.69,28738.66,72.0,0.2518,0.25,108.86,2.07,15.47,28.9,1048.8,0.259,10.0,0.095,0,0,0,0.08,64736.52,3
2021-10,2021-10-01,EU,Toyota,432,137.88,28396.55,20047.69,28738.66,72.0,0.2518,0.25,108.86,2.07,15.47,28.9,1048.8,0.259,10.0,0.095,0,0,0,0.05,39500.0,1
2021-10,2021-10-01,CN,Tesla,27642,137.88,28396.55,20047.69,28738.66,72.0,0.0918,0.25,108.86,2.07,15.94,28.9,2064.9,0.507,15.0,0.102,0,0,0,0.7,46682.6,4
2021-10,2021-10-01,CN,BYD,27551,137.88,28396.55,20047.69,28738.66,72.0,0.0918,0.25,108.86,2.07,15.94,28.9,2064.9,0.507,15.0,0.102,0,0,0,0.92,22307.37,10
2021-10,2021-10-01,CN,Volkswagen Group,12502,137.88,28396.55,20047.69,28738.66,72.0,0.0918,0.25,108.86,2.07,15.94,28.9,2064.9,0.507,15.0,0.102,0,0,0,0.21,43324.53,4
2021-10,2021-10-01,CN,Hyundai-Kia Group,1045,137.88,28396.55,20047.69,28738.66,72.0,0.0918,0.25,108.86,2.07,15.94,28.9,2064.9,0.507,15.0,0.102,0,0,0,0.28,39070.18,5
2021-10,2021-10-01,CN,BMW Group,3074,137.88,28396.55,20047.69,28738.66,72.0,0.0918,0.25,108.86,2.07,15.94,28.9,2064.9,0.507,15.0,0.102,0,0,0,0.1,56894.17,3
2021-10,2021-10-01,CN,Mercedes-Benz Group,2464,137.88,28396.55,20047.69,28738.66,72.0,0.0918,0.25,108.86,2.07,15.94,28.9,2064.9,0.507,15.0,0.102,0,0,0,0.08,65671.29,3
2021-10,2021-10-01,CN,Toyota,346,137.88,28396.55,20047.69,28738.66,72.0,0.0918,0.25,108.86,2.07,15.94,28.9,2064.9,0.507,15.0,0.102,0,0,0,0.05,39500.0,1
2021-11,2021-11-01,US,Tesla,36715,136.32,31107.42,19509.97,28002.29,74.0,0.1463,0.27,109.3,1.76,16.26,27.9,648.4,0.268,2.5,0.082,0,0,0,0.5,46050.5,4
2021-11,2021-11-01,US,BYD,642,136.32,31107.42,19509.97,28002.29,74.0,0.1463,0.27,109.3,1.76,16.26,27.9,648.4,0.268,27.5,0.082,0,0,0,0.92,22269.28,10
2021-11,2021-11-01,US,Volkswagen Group,5628,136.32,31107.42,19509.97,28002.29,74.0,0.1463,0.27,109.3,1.76,16.26,27.9,648.4,0.268,2.5,0.082,0,0,0,0.22,43377.6,4
2021-11,2021-11-01,US,Hyundai-Kia Group,6907,136.32,31107.42,19509.97,28002.29,74.0,0.1463,0.27,109.3,1.76,16.26,27.9,648.4,0.268,2.5,0.082,0,0,0,0.29,39268.85,5
2021-11,2021-11-01,US,BMW Group,1871,136.32,31107.42,19509.97,28002.29,74.0,0.1463,0.27,109.3,1.76,16.26,27.9,648.4,0.268,2.5,0.082,0,0,0,0.1,57776.31,3
2021-11,2021-11-01,US,Mercedes-Benz Group,1789,136.32,31107.42,19509.97,28002.29,74.0,0.1463,0.27,109.3,1.76,16.26,27.9,648.4,0.268,2.5,0.082,0,0,0,0.08,65007.68,3
2021-11,2021-11-01,US,Toyota,586,136.32,31107.42,19509.97,28002.29,74.0,0.1463,0.27,109.3,1.76,16.26,27.9,648.4,0.268,2.5,0.082,0,0,0,0.05,39500.0,1
2021-11,2021-11-01,EU,Tesla,25481,136.32,31107.42,19509.97,28002.29,74.0,0.2526,0.27,109.3,1.76,16.57,27.9,1047.4,0.262,10.0,0.094,0,0,0,0.5,45899.59,4
2021-11,2021-11-01,EU,BYD,2712,136.32,31107.42,19509.97,28002.29,74.0,0.2526,0.27,109.3,1.76,16.57,27.9,1047.4,0.262,10.0,0.094,0,0,0,0.92,22171.4,10
2021-11,2021-11-01,EU,Volkswagen Group,28814,136.32,31107.42,19509.97,28002.29,74.0,0.2526,0.27,109.3,1.76,16.57,27.9,1047.4,0.262,10.0,0.094,0,0,0,0.22,42954.11,4
2021-11,2021-11-01,EU,Hyundai-Kia Group,6948,136.32,31107.42,19509.97,28002.29,74.0,0.2526,0.27,109.3,1.76,16.57,27.9,1047.4,0.262,10.0,0.094,0,0,0,0.29,39807.17,5
2021-11,2021-11-01,EU,BMW Group,5873,136.32,31107.42,19509.97,28002.29,74.0,0.2526,0.27,109.3,1.76,16.57,27.9,1047.4,0.262,10.0,0.094,0,0,0,0.1,57450.09,3
2021-11,2021-11-01,EU,Mercedes-Benz Group,5548,136.32,31107.42,19509.97,28002.29,74.0,0.2526,0.27,109.3,1.76,16.57,27.9,1047.4,0.262,10.0,0.094,0,0,0,0.08,65181.15,3
2021-11,2021-11-01,EU,Toyota,521,136.32,31107.42,19509.97,28002.29,74.0,0.2526,0.27,109.3,1.76,16.57,27.9,1047.4,0.262,10.0,0.094,0,0,0,0.05,39500.0,1
2021-11,2021-11-01,CN,Tesla,32606,136.32,31107.42,19509.97,28002.29,74.0,0.092,0.27,109.3,1.76,16.52,27.9,2157.0,0.51,15.0,0.1,0,0,0,0.7,45881.13,4
2021-11,2021-11-01,CN,BYD,29875,136.32,31107.42,19509.97,28002.29,74.0,0.092,0.27,109.3,1.76,16.52,27.9,2157.0,0.51,15.0,0.1,0,0,0,0.92,22839.92,10
2021-11,2021-11-01,CN,Volkswagen Group,13180,136.32,31107.42,19509.97,28002.29,74.0,0.092,0.27,109.3,1.76,16.52,27.9,2157.0,0.51,15.0,0.1,0,0,0,0.22,42752.13,4
2021-11,2021-11-01,CN,Hyundai-Kia Group,1198,136.32,31107.42,19509.97,28002.29,74.0,0.092,0.27,109.3,1.76,16.52,27.9,2157.0,0.51,15.0,0.1,0,0,0,0.29,40008.48,5
2021-11,2021-11-01,CN,BMW Group,3325,136.32,31107.42,19509.97,28002.29,74.0,0.092,0.27,109.3,1.76,16.52,27.9,2157.0,0.51,15.0,0.1,0,0,0,0.1,57899.1,3
2021-11,2021-11-01,CN,Mercedes-Benz Group,2936,136.32,31107.42,19509.97,28002.29,74.0,0.092,0.27,109.3,1.76,16.52,27.9,2157.0,0.51,15.0,0.1,0,0,0,0.08,65259.5,3
2021-11,2021-11-01,CN,Toyota,368,136.32,31107.42,19509.97,28002.29,74.0,0.092,0.27,109.3,1.76,16.52,27.9,2157.0,0.51,15.0,0.1,0,0,0,0.05,39500.0,1
2021-12,2021-12-01,US,Tesla,49516,136.36,33716.12,17631.56,26918.82,76.0,0.1469,0.26,109.62,1.58,17.24,28.0,668.4,0.271,2.5,0.082,0,0,0,0.5,45802.75,4
2021-12,2021-12-01,US,BYD,766,136.36,33716.12,17631.56,26918.82,76.0,0.1469,0.26,109.62,1.58,17.24,28.0,668.4,0.271,27.5,0.082,0,0,0,0.92,22517.34,10
2021-12,2021-12-01,US,Volkswagen Group,7257,136.36,33716.12,17631.56,26918.82,76.0,0.1469,0.26,109.62,1.58,17.24,28.0,668.4,0.271,2.5,0.082,0,0,0,0.22,42648.9,4
2021-12,2021-12-01,US,Hyundai-Kia Group,8503,136.36,33716.12,17631.56,26918.82,76.0,0.1469,0.26,109.62,1.58,17.24,28.0,668.4,0.271,2.5,0.082,0,0,0,0.29,40163.31,5
2021-12,2021-12-01,US,BMW Group,2287,136.36,33716.12,17631.56,26918.82,76.0,0.1469,0.26,109.62,1.58,17.24,28.0,668.4,0.271,2.5,0.082,0,0,0,0.1,57577.59,3
2021-12,2021-12-01,US,Mercedes-Benz Group,2326,136.36,33716.12,17631.56,26918.82,76.0,0.1469,0.26,109.62,1.58,17.24,28.0,668.4,0.271,2.5,0.082,0,0,0,0.08,64890.44,3
2021-12,2021-12-01,US,Toyota,692,136.36,33716.12,17631.56,26918.82,76.0,0.1469,0.26,109.62,1.58,17.24,28.0,668.4,0.271,2.5,0.082,0,0,0,0.05,39500.0,1
2021-12,2021-12-01,EU,Tesla,31699,136.36,33716.12,17631.56,26918.82,76.0,0.2534,0.26,109.62,1.58,15.66,28.0,1076.5,0.264,10.0,0.092,0,0,0,0.5,45602.82,4
2021-12,2021-12-01,EU,BYD,3281,136.36,33716.12,17631.56,26918.82,76.0,0.2534,0.26,109.62,1.58,15.66,28.0,1076.5,0.264,10.0,0.092,0,0,0,0.92,22381.01,10
2021-12,2021-12-01,EU,Volkswagen Group,34934,136.36,33716.12,17631.56,26918.82,76.0,0.2534,0.26,109.62,1.58,15.66,28.0,1076.5,0.264,10.0,0.092,0,0,0,0.22,42423.23,4
2021-12,2021-12-01,EU,Hyundai-Kia Group,8420,136.36,33716.12,17631.56,26918.82,76.0,0.2534,0.26,109.62,1.58,15.66,28.0,1076.5,0.264,10.0,0.092,0,0,0,0.29,39910.06,5
2021-12,2021-12-01,EU,BMW Group,6512,136.36,33716.12,17631.56,26918.82,76.0,0.2534,0.26,109.62,1.58,15.66,28.0,1076.5,0.264,10.0,0.092,0,0,0,0.1,57499.62,3
2021-12,2021-12-01,EU,Mercedes-Benz Group,7084,136.36,33716.12,17631.56,26918.82,76.0,0.2534,0.26,109.62,1.58,15.66,28.0,1076.5,0.264,10.0,0.092,0,0,0,0.08,64475.18,3
2021-12,2021-12-01,EU,Toyota,655,136.36,33716.12,17631.56,26918.82,76.0,0.2534,0.26,109.62,1.58,15.66,28.0,1076.5,0.264,10.0,0.092,0,0,0,0.05,39500.0,1
2021-12,2021-12-01,CN,Tesla,40406,136.36,33716.12,17631.56,26918.82,76.0,0.0921,0.26,109.62,1.58,15.9,28.0,2212.4,0.514,15.0,0.099,0,0,0,0.7,46137.5,4
2021-12,2021-12-01,CN,BYD,37897,136.36,33716.12,17631.56,26918.82,76.0,0.0921,0.26,109.62,1.58,15.9,28.0,2212.4,0.514,15.0,0.099,0,0,0,0.92,22642.75,10
2021-12,2021-12-01,CN,Volkswagen Group,16193,136.36,33716.12,17631.56,26918.82,76.0,0.0921,0.26,109.62,1.58,15.9,28.0,2212.4,0.514,15.0,0.099,0,0,0,0.22,42940.81,4
2021-12,2021-12-01,CN,Hyundai-Kia Group,1430,136.36,33716.12,17631.56,26918.82,76.0,0.0921,0.26,109.62,1.58,15.9,28.0,2212.4,0.514,15.0,0.099,0,0,0,0.29,39626.63,5
2021-12,2021-12-01,CN,BMW Group,3980,136.36,33716.12,17631.56,26918.82,76.0,0.0921,0.26,109.62,1.58,15.9,28.0,2212.4,0.514,15.0,0.099,0,0,0,0.1,57055.79,3
2021-12,2021-12-01,CN,Mercedes-Benz Group,3764,136.36,33716.12,17631.56,26918.82,76.0,0.0921,0.26,109.62,1.58,15.9,28.0,2212.4,0.514,15.0,0.099,0,0,0,0.08,65625.66,3
2021-12,2021-12-01,CN,Toyota,466,136.36,33716.12,17631.56,26918.82,76.0,0.0921,0.26,109.62,1.58,15.9,28.0,2212.4,0.514,15.0,0.099,0,0,0,0.05,39500.0,1
2022-01,2022-01-01,US,Tesla,31415,147.24,37126.15,17297.99,26859.15,91.47,0.1476,0.85,110.54,1.53,17.64,28.2,682.3,0.273,2.5,0.081,0,0,0,0.5,46072.43,4
2022-01,2022-01-01,US,BYD,1125,147.24,37126.15,17297.99,26859.15,91.47,0.1476,0.85,110.54,1.53,17.64,28.2,682.3,0.273,27.5,0.081,0,0,0,0.92,22422.8,11
2022-01,2022-01-01,US,Volkswagen Group,3958,147.24,37126.15,17297.99,26859.15,91.47,0.1476,0.85,110.54,1.53,17.64,28.2,682.3,0.273,2.5,0.081,0,0,0,0.22,42269.14,5
2022-01,2022-01-01,US,Hyundai-Kia Group,9479,147.24,37126.15,17297.99,26859.15,91.47,0.1476,0.85,110.54,1.53,17.64,28.2,682.3,0.273,2.5,0.081,0,0,0,0.3,39248.99,5
2022-01,2022-01-01,US,BMW Group,2181,147.24,37126.15,17297.99,26859.15,91.47,0.1476,0.85,110.54,1.53,17.64,28.2,682.3,0.273,2.5,0.081,0,0,0,0.1,57455.43,3
2022-01,2022-01-01,US,Mercedes-Benz Group,1733,147.24,37126.15,17297.99,26859.15,91.47,0.1476,0.85,110.54,1.53,17.64,28.2,682.3,0.273,2.5,0.081,0,0,0,0.08,65036.96,3
2022-01,2022-01-01,US,Toyota,590,147.24,37126.15,17297.99,26859.15,91.47,0.1476,0.85,110.54,1.53,17.64,28.2,682.3,0.273,2.5,0.081,0,0,0,0.05,39500.0,1
2022-01,2022-01-01,EU,Tesla,22327,147.24,37126.15,17297.99,26859.15,91.47,0.3442,0.85,110.54,1.53,17.45,28.2,1109.0,0.267,10.0,0.091,0,0,0,0.5,45772.92,4
2022-01,2022-01-01,EU,BYD,4502,147.24,37126.15,17297.99,26859.15,91.47,0.3442,0.85,110.54,1.53,17.45,28.2,1109.0,0.267,10.0,0.091,0,0,0,0.92,22644.34,11
2022-01,2022-01-01,EU,Volkswagen Group,20624,147.24,37126.15,17297.99,26859.15,91.47,0.3442,0.85,110.54,1.53,17.45,28.2,1109.0,0.267,10.0,0.091,0,0,0,0.22,43117.61,5
2022-01,2022-01-01,EU,Hyundai-Kia Group,9479,147.24,37126.15,17297.99,26859.15,91.47,0.3442,0.85,110.54,1.53,17.45,28.2,1109.0,0.267,10.0,0.091,0,0,0,0.3,39353.28,5
2022-01,2022-01-01,EU,BMW Group,6984,147.24,37126.15,17297.99,26859.15,91.47,0.3442,0.85,110.54,1.53,17.45,28.2,1109.0,0.267,10.0,0.091,0,0,0,0.1,56940.61,3
2022-01,2022-01-01,EU,Mercedes-Benz Group,4942,147.24,37126.15,17297.99,26859.15,91.47,0.3442,0.85,110.54,1.53,17.45,28.2,1109.0,0.267,10.0,0.091,0,0,0,0.08,65035.44,3
2022-01,2022-01-01,EU,Toyota,531,147.24,37126.15,17297.99,26859.15,91.47,0.3442,0.85,110.54,1.53,17.45,28.2,1109.0,0.267,10.0,0.091,0,0,0,0.05,39500.0,1
2022-01,2022-01-01,CN,Tesla,27942,147.24,37126.15,17297.99,26859.15,91.47,0.0923,0.85,110.54,1.53,17.51,28.2,2261.5,0.517,15.0,0.097,0,0,0,0.7,46277.06,4
2022-01,2022-01-01,CN,BYD,52464,147.24,37126.15,17297.99,26859.15,91.47,0.0923,0.85,110.54,1.53,17.51,28.2,2261.5,0.517,15.0,0.097,0,0,0,0.92,22582.07,11
2022-01,2022-01-01,CN,Volkswagen Group,9709,147.24,37126.15,17297.99,26859.15,91.47,0.0923,0.85,110.54,1.53,17.51,28.2,2261.5,0.517,15.0,0.097,0,0,0,0.22,42500.47,5
2022-01,2022-01-01,CN,Hyundai-Kia Group,1687,147.24,37126.15,17297.99,26859.15,91.47,0.0923,0.85,110.54,1.53,17.51,28.2,2261.5,0.517,15.0,0.097,0,0,0,0.3,39397.15,5
2022-01,2022-01-01,CN,BMW Group,4054,147.24,37126.15,17297.99,26859.15,91.47,0.0923,0.85,110.54,1.53,17.51,28.2,2261.5,0.517,15.0,0.097,0,0,0,0.1,57322.66,3
2022-01,2022-01-01,CN,Mercedes-Benz Group,2671,147.24,37126.15,17297.99,26859.15,91.47,0.0923,0.85,110.54,1.53,17.51,28.2,2261.5,0.517,15.0,0.097,0,0,0,0.08,65004.75,3
2022-01,2022-01-01,CN,Toyota,383,147.24,37126.15,17297.99,26859.15,91.47,0.0923,0.85,110.54,1.53,17.51,28.2,2261.5,0.517,15.0,0.097,0,0,0,0.05,39500.0,1
2022-02,2022-02-01,US,Tesla,30788,148.83,46592.61,15430.86,24435.95,97.5,0.1482,1.2,110.26,1.45,17.99,29.2,709.8,0.275,2.5,0.08,0,0,0,0.5,45794.6,4
2022-02,2022-02-01,US,BYD,1010,148.83,46592.61,15430.86,24435.95,97.5,0.1482,1.2,110.26,1.45,17.99,29.2,709.8,0.275,27.5,0.08,0,0,0,0.92,22502.32,11
2022-02,2022-02-01,US,Volkswagen Group,3812,148.83,46592.61,15430.86,24435.95,97.5,0.1482,1.2,110.26,1.45,17.99,29.2,709.8,0.275,2.5,0.08,0,0,0,0.22,42633.55,5
2022-02,2022-02-01,US,Hyundai-Kia Group,8759,148.83,46592.61,15430.86,24435.95,97.5,0.1482,1.2,110.26,1.45,17.99,29.2,709.8,0.275,2.5,0.08,0,0,0,0.3,39548.17,5
2022-02,2022-02-01,US,BMW Group,2176,148.83,46592.61,15430.86,24435.95,97.5,0.1482,1.2,110.26,1.45,17.99,29.2,709.8,0.275,2.5,0.08,0,0,0,0.1,57424.78,3
2022-02,2022-02-01,US,Mercedes-Benz Group,1559,148.83,46592.61,15430.86,24435.95,97.5,0.1482,1.2,110.26,1.45,17.99,29.2,709.8,0.275,2.5,0.08,0,0,0,0.08,65474.78,3
2022-02,2022-02-01,US,Toyota,513,148.83,46592.61,15430.86,24435.95,97.5,0.1482,1.2,110.26,1.45,17.99,29.2,709.8,0.275,2.5,0.08,0,0,0,0.05,39500.0,1
2022-02,2022-02-01,EU,Tesla,19301,148.83,46592.61,15430.86,24435.95,97.5,0.345,1.2,110.26,1.45,18.91,29.2,1101.9,0.27,10.0,0.09,0,0,0,0.5,45682.57,4
2022-02,2022-02-01,EU,BYD,3990,148.83,46592.61,15430.86,24435.95,97.5,0.345,1.2,110.26,1.45,18.91,29.2,1101.9,0.27,10.0,0.09,0,0,0,0.92,22264.6,11
2022-02,2022-02-01,EU,Volkswagen Group,19790,148.83,46592.61,15430.86,24435.95,97.5,0.345,1.2,110.26,1.45,18.91,29.2,1101.9,0.27,10.0,0.09,0,0,0,0.22,42977.75,5
2022-02,2022-02-01,EU,Hyundai-Kia Group,8668,148.83,46592.61,15430.86,24435.95,97.5,0.345,1.2,110.26,1.45,18.91,29.2,1101.9,0.27,10.0,0.09,0,0,0,0.3,38722.69,5
2022-02,2022-02-01,EU,BMW Group,6260,148.83,46592.61,15430.86,24435.95,97.5,0.345,1.2,110.26,1.45,18.91,29.2,1101.9,0.27,10.0,0.09,0,0,0,0.1,57406.72,3
2022-02,2022-02-01,EU,Mercedes-Benz Group,4369,148.83,46592.61,15430.86,24435.95,97.5,0.345,1.2,110.26,1.45,18.91,29.2,1101.9,0.27,10.0,0.09,0,0,0,0.08,65091.68,3
2022-02,2022-02-01,EU,Toyota,476,148.83,46592.61,15430.86,24435.95,97.5,0.345,1.2,110.26,1.45,18.91,29.2,1101.9,0.27,10.0,0.09,0,0,0,0.05,39500.0,1
2022-02,2022-02-01,CN,Tesla,24705,148.83,46592.61,15430.86,24435.95,97.5,0.0925,1.2,110.26,1.45,18.26,29.2,2311.6,0.52,15.0,0.095,0,0,0,0.7,46108.97,4
2022-02,2022-02-01,CN,BYD,47860,148.83,46592.61,15430.86,24435.95,97.5,0.0925,1.2,110.26,1.45,18.26,29.2,2311.6,0.52,15.0,0.095,0,0,0,0.92,22619.54,11
2022-02,2022-02-01,CN,Volkswagen Group,9138,148.83,46592.61,15430.86,24435.95,97.5,0.0925,1.2,110.26,1.45,18.26,29.2,2311.6,0.52,15.0,0.095,0,0,0,0.22,42617.02,5
2022-02,2022-02-01,CN,Hyundai-Kia Group,1544,148.83,46592.61,15430.86,24435.95,97.5,0.0925,1.2,110.26,1.45,18.26,29.2,2311.6,0.52,15.0,0.095,0,0,0,0.3,39448.12,5
2022-02,2022-02-01,CN,BMW Group,3983,148.83,46592.61,15430.86,24435.95,97.5,0.0925,1.2,110.26,1.45,18.26,29.2,2311.6,0.52,15.0,0.095,0,0,0,0.1,56701.24,3
2022-02,2022-02-01,CN,Mercedes-Benz Group,2335,148.83,46592.61,15430.86,24435.95,97.5,0.0925,1.2,110.26,1.45,18.26,29.2,2311.6,0.52,15.0,0.095,0,0,0,0.08,65735.59,3
2022-02,2022-02-01,CN,Toyota,349,148.83,46592.61,15430.86,24435.95,97.5,0.0925,1.2,110.26,1.45,18.26,29.2,2311.6,0.52,15.0,0.095,0,0,0,0.05,39500.0,1
2022-03,2022-03-01,US,Tesla,44700,152.85,53964.74,16366.58,24089.73,102.68,0.1489,1.55,111.06,1.2,19.38,29.7,710.4,0.277,2.5,0.079,0,0,0,0.5,46030.52,4
2022-03,2022-03-01,US,BYD,1610,152.85,53964.74,16366.58,24089.73,102.68,0.1489,1.55,111.06,1.2,19.38,29.7,710.4,0.277,27.5,0.079,0,0,0,0.92,22676.4,11
2022-03,2022-03-01,US,Volkswagen Group,5649,152.85,53964.74,16366.58,24089.73,102.68,0.1489,1.55,111.06,1.2,19.38,29.7,710.4,0.277,2.5,0.079,0,0,0,0.23,42817.99,5
2022-03,2022-03-01,US,Hyundai-Kia Group,12825,152.85,53964.74,16366.58,24089.73,102.68,0.1489,1.55,111.06,1.2,19.38,29.7,710.4,0.277,2.5,0.079,0,0,0,0.3,40024.02,5
2022-03,2022-03-01,US,BMW Group,3286,152.85,53964.74,16366.58,24089.73,102.68,0.1489,1.55,111.06,1.2,19.38,29.7,710.4,0.277,2.5,0.079,0,0,0,0.1,57053.87,3
2022-03,2022-03-01,US,Mercedes-Benz Group,2276,152.85,53964.74,16366.58,24089.73,102.68,0.1489,1.55,111.06,1.2,19.38,29.7,710.4,0.277,2.5,0.079,0,0,0,0.08,64286.44,3
2022-03,2022-03-01,US,Toyota,784,152.85,53964.74,16366.58,24089.73,102.68,0.1489,1.55,111.06,1.2,19.38,29.7,710.4,0.277,2.5,0.079,0,0,0,0.05,39500.0,1
2022-03,2022-03-01,EU,Tesla,29748,152.85,53964.74,16366.58,24089.73,102.68,0.3458,1.55,111.06,1.2,18.26,29.7,1171.4,0.273,10.0,0.089,0,0,0,0.5,45801.0,4
2022-03,2022-03-01,EU,BYD,6539,152.85,53964.74,16366.58,24089.73,102.68,0.3458,1.55,111.06,1.2,18.26,29.7,1171.4,0.273,10.0,0.089,0,0,0,0.92,22813.79,11
2022-03,2022-03-01,EU,Volkswagen Group,30626,152.85,53964.74,16366.58,24089.73,102.68,0.3458,1.55,111.06,1.2,18.26,29.7,1171.4,0.273,10.0,0.089,0,0,0,0.23,42452.96,5
2022-03,2022-03-01,EU,Hyundai-Kia Group,12885,152.85,53964.74,16366.58,24089.73,102.68,0.3458,1.55,111.06,1.2,18.26,29.7,1171.4,0.273,10.0,0.089,0,0,0,0.3,39870.4,5
2022-03,2022-03-01,EU,BMW Group,9621,152.85,53964.74,16366.58,24089.73,102.68,0.3458,1.55,111.06,1.2,18.26,29.7,1171.4,0.273,10.0,0.089,0,0,0,0.1,57099.67,3
2022-03,2022-03-01,EU,Mercedes-Benz Group,7260,152.85,53964.74,16366.58,24089.73,102.68,0.3458,1.55,111.06,1.2,18.26,29.7,1171.4,0.273,10.0,0.089,0,0,0,0.08,65238.12,3
2022-03,2022-03-01,EU,Toyota,737,152.85,53964.74,16366.58,24089.73,102.68,0.3458,1.55,111.06,1.2,18.26,29.7,1171.4,0.273,10.0,0.089,0,0,0,0.05,39500.0,1
2022-03,2022-03-01,CN,Tesla,39685,152.85,53964.74,16366.58,24089.73,102.68,0.0927,1.55,111.06,1.2,18.28,29.7,2391.3,0.523,15.0,0.093,0,0,0,0.7,45657.1,4
2022-03,2022-03-01,CN,BYD,73639,152.85,53964.74,16366.58,24089.73,102.68,0.0927,1.55,111.06,1.2,18.28,29.7,2391.3,0.523,15.0,0.093,0,0,0,0.92,22975.69,11
2022-03,2022-03-01,CN,Volkswagen Group,14485,152.85,53964.74,16366.58,24089.73,102.68,0.0927,1.55,111.06,1.2,18.28,29.7,2391.3,0.523,15.0,0.093,0,0,0,0.23,42841.49,5
2022-03,2022-03-01,CN,Hyundai-Kia Group,2485,152.85,53964.74,16366.58,24089.73,102.68,0.0927,1.55,111.06,1.2,18.28,29.7,2391.3,0.523,15.0,0.093,0,0,0,0.3,39310.51,5
2022-03,2022-03-01,CN,BMW Group,5624,152.85,53964.74,16366.58,24089.73,102.68,0.0927,1.55,111.06,1.2,18.28,29.7,2391.3,0.523,15.0,0.093,0,0,0,0.1,56782.08,3
2022-03,2022-03-01,CN,Mercedes-Benz Group,3507,152.85,53964.74,16366.58,24089.73,102.68,0.0927,1.55,111.06,1.2,18.28,29.7,2391.3,0.523,15.0,0.093,0,0,0,0.08,65988.1,3
2022-03,2022-03-01,CN,Toyota,517,152.85,53964.74,16366.58,24089.73,102.68,0.0927,1.55,111.06,1.2,18.28,29.7,2391.3,0.523,15.0,0.093,0,0,0,0.05,39500.0,1
2022-04,2022-04-01,US,Tesla,38784,152.91,61157.52,14714.86,24301.13,106.65,0.1496,1.9,111.51,1.14,19.22,27.9,732.7,0.279,2.5,0.078,0,0,0,0.5,45677.29,4
2022-04,2022-04-01,US,BYD,1309,152.91,61157.52,14714.86,24301.13,106.65,0.1496,1.9,111.51,1.14,19.22,27.9,732.7,0.279,27.5,0.078,0,0,0,0.92,22847.58,11
2022-04,2022-04-01,US,Volkswagen Group,5000,152.91,61157.52,14714.86,24301.13,106.65,0.1496,1.9,111.51,1.14,19.22,27.9,732.7,0.279,2.5,0.078,0,0,0,0.23,42664.31,5
2022-04,2022-04-01,US,Hyundai-Kia Group,10480,152.91,61157.52,14714.86,24301.13,106.65,0.1496,1.9,111.51,1.14,19.22,27.9,732.7,0.279,2.5,0.078,0,0,0,0.31,39459.91,5
2022-04,2022-04-01,US,BMW Group,2673,152.91,61157.52,14714.86,24301.13,106.65,0.1496,1.9,111.51,1.14,19.22,27.9,732.7,0.279,2.5,0.078,0,0,0,0.1,56938.55,3
2022-04,2022-04-01,US,Mercedes-Benz Group,1921,152.91,61157.52,14714.86,24301.13,106.65,0.1496,1.9,111.51,1.14,19.22,27.9,732.7,0.279,2.5,0.078,0,0,0,0.08,65539.14,3
2022-04,2022-04-01,US,Toyota,674,152.91,61157.52,14714.86,24301.13,106.65,0.1496,1.9,111.51,1.14,19.22,27.9,732.7,0.279,2.5,0.078,0,0,0,0.05,39500.0,1
2022-04,2022-04-01,EU,Tesla,25369,152.91,61157.52,14714.86,24301.13,106.65,0.3466,1.9,111.51,1.14,20.78,27.9,1185.2,0.276,10.0,0.088,0,0,0,0.5,46310.5,4
2022-04,2022-04-01,EU,BYD,5265,152.91,61157.52,14714.86,24301.13,106.65,0.3466,1.9,111.51,1.14,20.78,27.9,1185.2,0.276,10.0,0.088,0,0,0,0.92,22362.85,11
2022-04,2022-04-01,EU,Volkswagen Group,24935,152.91,61157.52,14714.86,24301.13,106.65,0.3466,1.9,111.51,1.14,20.78,27.9,1185.2,0.276,10.0,0.088,0,0,0,0.23,42724.35,5
2022-04,2022-04-01,EU,Hyundai-Kia Group,11478,152.91,61157.52,14714.86,24301.13,106.65,0.3466,1.9,111.51,1.14,20.78,27.9,1185.2,0.276,10.0,0.088,0,0,0,0.31,39541.95,5
2022-04,2022-04-01,EU,BMW Group,7930,152.91,61157.52,14714.86,24301.13,106.65,0.3466,1.9,111.51,1.14,20.78,27.9,1185.2,0.276,10.0,0.088,0,0,0,0.1,56660.28,3
2022-04,2022-04-01,EU,Mercedes-Benz Group,5683,152.91,61157.52,14714.86,24301.13,106.65,0.3466,1.9,111.51,1.14,20.78,27.9,1185.2,0.276,10.0,0.088,0,0,0,0.08,64494.74,3
2022-04,2022-04-01,EU,Toyota,585,152.91,61157.52,14714.86,24301.13,106.65,0.3466,1.9,111.51,1.14,20.78,27.9,1185.2,0.276,10.0,0.088,0,0,0,0.05,39500.0,1
2022-04,2022-04-01,CN,Tesla,32059,152.91,61157.52,14714.86,24301.13,106.65,0.0929,1.9,111.51,1.14,20.76,27.9,2407.8,0.526,15.0,0.091,0,0,0,0.7,45171.24,4
2022-04,2022-04-01,CN,BYD,60725,152.91,61157.52,14714.86,24301.13,106.65,0.0929,1.9,111.51,1.14,20.76,27.9,2407.8,0.526,15.0,0.091,0,0,0,0.92,22954.33,11
2022-04,2022-04-01,CN,Volkswagen Group,11490,152.91,61157.52,14714.86,24301.13,106.65,0.0929,1.9,111.51,1.14,20.76,27.9,2407.8,0.526,15.0,0.091,0,0,0,0.23,42569.79,5
2022-04,2022-04-01,CN,Hyundai-Kia Group,1976,152.91,61157.52,14714.86,24301.13,106.65,0.0929,1.9,111.51,1.14,20.76,27.9,2407.8,0.526,15.0,0.091,0,0,0,0.31,39104.53,5
2022-04,2022-04-01,CN,BMW Group,4822,152.91,61157.52,14714.86,24301.13,106.65,0.0929,1.9,111.51,1.14,20.76,27.9,2407.8,0.526,15.0,0.091,0,0,0,0.1,57101.62,3
2022-04,2022-04-01,CN,Mercedes-Benz Group,3091,152.91,61157.52,14714.86,24301.13,106.65,0.0929,1.9,111.51,1.14,20.76,27.9,2407.8,0.526,15.0,0.091,0,0,0,0.08,64476.25,3
2022-04,2022-04-01,CN,Toyota,432,152.91,61157.52,14714.86,24301.13,106.65,0.0929,1.9,111.51,1.14,20.76,27.9,2407.8,0.526,15.0,0.091,0,0,0,0.05,39500.0,1
2022-05,2022-05-01,US,Tesla,41315,152.25,67156.74,13820.82,25017.13,109.15,0.1502,2.25,111.8,1.34,18.83,26.9,731.5,0.282,2.5,0.078,0,0,0,0.5,45254.44,4
2022-05,2022-05-01,US,BYD,1488,152.25,67156.74,13820.82,25017.13,109.15,0.1502,2.25,111.8,1.34,18.83,26.9,731.5,0.282,27.5,0.078,0,0,0,0.92,22647.15,11
2022-05,2022-05-01,US,Volkswagen Group,5221,152.25,67156.74,13820.82,25017.13,109.15,0.1502,2.25,111.8,1.34,18.83,26.9,731.5,0.282,2.5,0.078,0,0,0,0.23,43002.63,5
2022-05,2022-05-01,US,Hyundai-Kia Group,12497,152.25,67156.74,13820.82,25017.13,109.15,0.1502,2.25,111.8,1.34,18.83,26.9,731.5,0.282,2.5,0.078,0,0,0,0.31,39878.45,5
2022-05,2022-05-01,US,BMW Group,3048,152.25,67156.74,13820.82,25017.13,109.15,0.1502,2.25,111.8,1.34,18.83,26.9,731.5,0.282,2.5,0.078,0,0,0,0.1,57509.63,4
2022-05,2022-05-01,US,Mercedes-Benz Group,2068,152.25,67156.74,13820.82,25017.13,109.15,0.1502,2.25,111.8,1.34,18.83,26.9,731.5,0.282,2.5,0.078,0,0,0,0.08,65269.18,3
2022-05,2022-05-01,US,Toyota,713,152.25,67156.74,13820.82,25017.13,109.15,0.1502,2.25,111.8,1.34,18.83,26.9,731.5,0.282,2.5,0.078,0,0,0,0.05,39500.0,1
2022-05,2022-05-01,EU,Tesla,27027,152.25,67156.74,13820.82,25017.13,109.15,0.3474,2.25,111.8,1.34,20.05,26.9,1196.2,0.278,10.0,0.086,0,0,0,0.5,45284.03,4
2022-05,2022-05-01,EU,BYD,5703,152.25,67156.74,13820.82,25017.13,109.15,0.3474,2.25,111.8,1.34,20.05,26.9,1196.2,0.278,10.0,0.086,0,0,0,0.92,22951.06,11
2022-05,2022-05-01,EU,Volkswagen Group,26364,152.25,67156.74,13820.82,25017.13,109.15,0.3474,2.25,111.8,1.34,20.05,26.9,1196.2,0.278,10.0,0.086,0,0,0,0.23,42983.26,5
2022-05,2022-05-01,EU,Hyundai-Kia Group,11487,152.25,67156.74,13820.82,25017.13,109.15,0.3474,2.25,111.8,1.34,20.05,26.9,1196.2,0.278,10.0,0.086,0,0,0,0.31,39201.9,5
2022-05,2022-05-01,EU,BMW Group,8402,152.25,67156.74,13820.82,25017.13,109.15,0.3474,2.25,111.8,1.34,20.05,26.9,1196.2,0.278,10.0,0.086,0,0,0,0.1,56353.39,4
2022-05,2022-05-01,EU,Mercedes-Benz Group,6156,152.25,67156.74,13820.82,25017.13,109.15,0.3474,2.25,111.8,1.34,20.05,26.9,1196.2,0.278,10.0,0.086,0,0,0,0.08,64819.13,3
2022-05,2022-05-01,EU,Toyota,673,152.25,67156.74,13820.82,25017.13,109.15,0.3474,2.25,111.8,1.34,20.05,26.9,1196.2,0.278,10.0,0.086,0,0,0,0.05,39500.0,1
2022-05,2022-05-01,CN,Tesla,36275,152.25,67156.74,13820.82,25017.13,109.15,0.093,2.25,111.8,1.34,19.23,26.9,2456.6,0.53,15.0,0.09,0,0,0,0.7,45786.31,4
2022-05,2022-05-01,CN,BYD,66131,152.25,67156.74,13820.82,25017.13,109.15,0.093,2.25,111.8,1.34,19.23,26.9,2456.6,0.53,15.0,0.09,0,0,0,0.92,22714.7,11
2022-05,2022-05-01,CN,Volkswagen Group,12332,152.25,67156.74,13820.82,25017.13,109.15,0.093,2.25,111.8,1.34,19.23,26.9,2456.6,0.53,15.0,0.09,0,0,0,0.23,42428.34,5
2022-05,2022-05-01,CN,Hyundai-Kia Group,2213,152.25,67156.74,13820.82,25017.13,109.15,0.093,2.25,111.8,1.34,19.23,26.9,2456.6,0.53,15.0,0.09,0,0,0,0.31,39825.38,5
2022-05,2022-05-01,CN,BMW Group,5367,152.25,67156.74,13820.82,25017.13,109.15,0.093,2.25,111.8,1.34,19.23,26.9,2456.6,0.53,15.0,0.09,0,0,0,0.1,56904.46,4
2022-05,2022-05-01,CN,Mercedes-Benz Group,3200,152.25,67156.74,13820.82,25017.13,109.15,0.093,2.25,111.8,1.34,19.23,26.9,2456.6,0.53,15.0,0.09,0,0,0,0.08,64950.44,3
2022-05,2022-05-01,CN,Toyota,450,152.25,67156.74,13820.82,25017.13,109.15,0.093,2.25,111.8,1.34,19.23,26.9,2456.6,0.53,15.0,0.09,0,0,0,0.05,39500.0,1
2022-06,2022-06-01,US,Tesla,48745,151.09,70134.09,13157.85,24000.0,110.0,0.1509,2.6,112.28,1.13,20.66,27.1,737.8,0.284,2.5,0.077,0,0,0,0.5,45808.38,4
2022-06,2022-06-01,US,BYD,1576,151.09,70134.09,13157.85,24000.0,110.0,0.1509,2.6,112.28,1.13,20.66,27.1,737.8,0.284,27.5,0.077,0,0,0,0.92,22684.56,11
2022-06,2022-06-01,US,Volkswagen Group,6117,151.09,70134.09,13157.85,24000.0,110.0,0.1509,2.6,112.28,1.13,20.66,27.1,737.8,0.284,2.5,0.077,0,0,0,0.24,42170.48,5
2022-06,2022-06-01,US,Hyundai-Kia Group,13781,151.09,70134.09,13157.85,24000.0,110.0,0.1509,2.6,112.28,1.13,20.66,27.1,737.8,0.284,2.5,0.077,0,0,0,0.32,39409.82,5
2022-06,2022-06-01,US,BMW Group,3542,151.09,70134.09,13157.85,24000.0,110.0,0.1509,2.6,112.28,1.13,20.66,27.1,737.8,0.284,2.5,0.077,0,0,0,0.1,57009.94,4
2022-06,2022-06-01,US,Mercedes-Benz Group,2342,151.09,70134.09,13157.85,24000.0,110.0,0.1509,2.6,112.28,1.13,20.66,27.1,737.8,0.284,2.5,0.077,0,0,0,0.08,64401.01,3
2022-06,2022-06-01,US,Toyota,820,151.09,70134.09,13157.85,24000.0,110.0,0.1509,2.6,112.28,1.13,20.66,27.1,737.8,0.284,2.5,0.077,0,0,0,0.05,39500.0,1
2022-06,2022-06-01,EU,Tesla,32663,151.09,70134.09,13157.85,24000.0,110.0,0.3482,2.6,112.28,1.13,20.97,27.1,1227.8,0.281,10.0,0.085,0,0,0,0.5,45069.05,4
2022-06,2022-06-01,EU,BYD,6829,151.09,70134.09,13157.85,24000.0,110.0,0.3482,2.6,112.28,1.13,20.97,27.1,1227.8,0.281,10.0,0.085,0,0,0,0.92,22750.78,11
2022-06,2022-06-01,EU,Volkswagen Group,30707,151.09,70134.09,13157.85,24000.0,110.0,0.3482,2.6,112.28,1.13,20.97,27.1,1227.8,0.281,10.0,0.085,0,0,0,0.24,42245.84,5
2022-06,2022-06-01,EU,Hyundai-Kia Group,12863,151.09,70134.09,13157.85,24000.0,110.0,0.3482,2.6,112.28,1.13,20.97,27.1,1227.8,0.281,10.0,0.085,0,0,0,0.32,39445.21,5
2022-06,2022-06-01,EU,BMW Group,10274,151.09,70134.09,13157.85,24000.0,110.0,0.3482,2.6,112.28,1.13,20.97,27.1,1227.8,0.281,10.0,0.085,0,0,0,0.1,56937.47,4
2022-06,2022-06-01,EU,Mercedes-Benz Group,7228,151.09,70134.09,13157.85,24000.0,110.0,0.3482,2.6,112.28,1.13,20.97,27.1,1227.8,0.281,10.0,0.085,0,0,0,0.08,65097.97,3
2022-06,2022-06-01,EU,Toyota,715,151.09,70134.09,13157.85,24000.0,110.0,0.3482,2.6,112.28,1.13,20.97,27.1,1227.8,0.281,10.0,0.085,0,0,0,0.05,39500.0,1
2022-06,2022-06-01,CN,Tesla,38344,151.09,70134.09,13157.85,24000.0,110.0,0.0932,2.6,112.28,1.13,21.32,27.1,2481.4,0.533,15.0,0.088,0,0,0,0.7,45398.07,4
2022-06,2022-06-01,CN,BYD,72286,151.09,70134.09,13157.85,24000.0,110.0,0.0932,2.6,112.28,1.13,21.32,27.1,2481.4,0.533,15.0,0.088,0,0,0,0.92,22898.29,11
2022-06,2022-06-01,CN,Volkswagen Group,14713,151.09,70134.09,13157.85,24000.0,110.0,0.0932,2.6,112.28,1.13,21.32,27.1,2481.4,0.533,15.0,0.088,0,0,0,0.24,41985.46,5
2022-06,2022-06-01,CN,Hyundai-Kia Group,2574,151.09,70134.09,13157.85,24000.0,110.0,0.0932,2.6,112.28,1.13,21.32,27.1,2481.4,0.533,15.0,0.088,0,0,0,0.32,38959.62,5
2022-06,2022-06-01,CN,BMW Group,5804,151.09,70134.09,13157.85,24000.0,110.0,0.0932,2.6,112.28,1.13,21.32,27.1,2481.4,0.533,15.0,0.088,0,0,0,0.1,57130.23,4
2022-06,2022-06-01,CN,Mercedes-Benz Group,3976,151.09,70134.09,13157.85,24000.0,110.0,0.0932,2.6,112.28,1.13,21.32,27.1,2481.4,0.533,15.0,0.088,0,0,0,0.08,64332.09,3
2022-06,2022-06-01,CN,Toyota,552,151.09,70134.09,13157.85,24000.0,110.0,0.0932,2.6,112.28,1.13,21.32,27.1,2481.4,0.533,15.0,0.088,0,0,0,0.05,39500.0,1
2022-07,2022-07-01,US,Tesla,37536,152.29,71343.05,13000.0,24000.0,109.15,0.1515,2.95,112.43,1.26,21.66,27.1,752.6,0.286,2.5,0.076,0,0,0,0.5,44491.12,4
2022-07,2022-07-01,US,BYD,1223,152.29,71343.05,13000.0,24000.0,109.15,0.1515,2.95,112.43,1.26,21.66,27.1,752.6,0.286,27.5,0.076,0,0,0,0.92,22973.83,11
2022-07,2022-07-01,US,Volkswagen Group,5081,152.29,71343.05,13000.0,24000.0,109.15,0.1515,2.95,112.43,1.26,21.66,27.1,752.6,0.286,2.5,0.076,0,0,0,0.24,42406.24,5
2022-07,2022-07-01,US,Hyundai-Kia Group,10534,152.29,71343.05,13000.0,24000.0,109.15,0.1515,2.95,112.43,1.26,21.66,27.1,752.6,0.286,2.5,0.076,0,0,0,0.32,39045.13,6
2022-07,2022-07-01,US,BMW Group,2815,152.29,71343.05,13000.0,24000.0,109.15,0.1515,2.95,112.43,1.26,21.66,27.1,752.6,0.286,2.5,0.076,0,0,0,0.1,56741.61,4
2022-07,2022-07-01,US,Mercedes-Benz Group,1815,152.29,71343.05,13000.0,24000.0,109.15,0.1515,2.95,112.43,1.26,21.66,27.1,752.6,0.286,2.5,0.076,0,0,0,0.08,64558.63,4
2022-07,2022-07-01,US,Toyota,645,152.29,71343.05,13000.0,24000.0,109.15,0.1515,2.95,112.43,1.26,21.66,27.1,752.6,0.286,2.5,0.076,0,0,0,0.05,39500.0,1
2022-07,2022-07-01,EU,Tesla,25267,152.29,71343.05,13000.0,24000.0,109.15,0.349,2.95,112.43,1.26,22.61,27.1,1256.5,0.284,10.0,0.084,0,0,0,0.5,45124.29,4
2022-07,2022-07-01,EU,BYD,5091,152.29,71343.05,13000.0,24000.0,109.15,0.349,2.95,112.43,1.26,22.61,27.1,1256.5,0.284,10.0,0.084,0,0,0,0.92,22537.36,11
2022-07,2022-07-01,EU,Volkswagen Group,24882,152.29,71343.05,13000.0,24000.0,109.15,0.349,2.95,112.43,1.26,22.61,27.1,1256.5,0.284,10.0,0.084,0,0,0,0.24,42376.65,5
2022-07,2022-07-01,EU,Hyundai-Kia Group,10898,152.29,71343.05,13000.0,24000.0,109.15,0.349,2.95,112.43,1.26,22.61,27.1,1256.5,0.284,10.0,0.084,0,0,0,0.32,40057.93,6
2022-07,2022-07-01,EU,BMW Group,7985,152.29,71343.05,13000.0,24000.0,109.15,0.349,2.95,112.43,1.26,22.61,27.1,1256.5,0.284,10.0,0.084,0,0,0,0.1,56699.28,4
2022-07,2022-07-01,EU,Mercedes-Benz Group,5603,152.29,71343.05,13000.0,24000.0,109.15,0.349,2.95,112.43,1.26,22.61,27.1,1256.5,0.284,10.0,0.084,0,0,0,0.08,65374.22,4
2022-07,2022-07-01,EU,Toyota,594,152.29,71343.05,13000.0,24000.0,109.15,0.349,2.95,112.43,1.26,22.61,27.1,1256.5,0.284,10.0,0.084,0,0,0,0.05,39500.0,1
2022-07,2022-07-01,CN,Tesla,30925,152.29,71343.05,13000.0,24000.0,109.15,0.0934,2.95,112.43,1.26,22.05,27.1,2511.2,0.536,15.0,0.086,0,0,0,0.7,45761.99,4
2022-07,2022-07-01,CN,BYD,61715,152.29,71343.05,13000.0,24000.0,109.15,0.0934,2.95,112.43,1.26,22.05,27.1,2511.2,0.536,15.0,0.086,0,0,0,0.92,22760.54,11
2022-07,2022-07-01,CN,Volkswagen Group,12128,152.29,71343.05,13000.0,24000.0,109.15,0.0934,2.95,112.43,1.26,22.05,27.1,2511.2,0.536,15.0,0.086,0,0,0,0.24,42420.36,5
2022-07,2022-07-01,CN,Hyundai-Kia Group,2021,152.29,71343.05,13000.0,24000.0,109.15,0.0934,2.95,112.43,1.26,22.05,27.1,2511.2,0.536,15.0,0.086,0,0,0,0.32,39245.42,6
2022-07,2022-07-01,CN,BMW Group,4590,152.29,71343.05,13000.0,24000.0,109.15,0.0934,2.95,112.43,1.26,22.05,27.1,2511.2,0.536,15.0,0.086,0,0,0,0.1,56742.58,4
2022-07,2022-07-01,CN,Mercedes-Benz Group,3139,152.29,71343.05,13000.0,24000.0,109.15,0.0934,2.95,112.43,1.26,22.05,27.1,2511.2,0.536,15.0,0.086,0,0,0,0.08,64632.61,4
2022-07,2022-07-01,CN,Toyota,431,152.29,71343.05,13000.0,24000.0,109.15,0.0934,2.95,112.43,1.26,22.05,27.1,2511.2,0.536,15.0,0.086,0,0,0,0.05,39500.0,1
2022-08,2022-08-01,US,Tesla,37915,150.65,69111.45,13000.0,24659.53,106.65,0.1522,3.3,113.02,1.52,21.09,27.9,794.8,0.288,2.5,0.075,0,0,0,0.5,45033.86,4
2022-08,2022-08-01,US,BYD,1338,150.65,69111.45,13000.0,24659.53,106.65,0.1522,3.3,113.02,1.52,21.09,27.9,794.8,0.288,27.5,0.075,0,0,0,0.92,23132.48,11
2022-08,2022-08-01,US,Volkswagen Group,5294,150.65,69111.45,13000.0,24659.53,106.65,0.1522,3.3,113.02,1.52,21.09,27.9,794.8,0.288,2.5,0.075,0,0,0,0.24,42503.89,5
2022-08,2022-08-01,US,Hyundai-Kia Group,11180,150.65,69111.45,13000.0,24659.53,106.65,0.1522,3.3,113.02,1.52,21.09,27.9,794.8,0.288,2.5,0.075,0,0,0,0.32,39078.32,6
2022-08,2022-08-01,US,BMW Group,2732,150.65,69111.45,13000.0,24659.53,106.65,0.1522,3.3,113.02,1.52,21.09,27.9,794.8,0.288,2.5,0.075,0,0,0,0.1,57085.39,4
2022-08,2022-08-01,US,Mercedes-Benz Group,1893,150.65,69111.45,13000.0,24659.53,106.65,0.1522,3.3,113.02,1.52,21.09,27.9,794.8,0.288,2.5,0.075,0,0,0,0.08,64844.23,4
2022-08,2022-08-01,US,Toyota,712,150.65,69111.45,13000.0,24659.53,106.65,0.1522,3.3,113.02,1.52,21.09,27.9,794.8,0.288,2.5,0.075,0,0,0,0.05,39500.0,1
2022-08,2022-08-01,EU,Tesla,26538,150.65,69111.45,13000.0,24659.53,106.65,0.3498,3.3,113.02,1.52,22.85,27.9,1267.4,0.287,10.0,0.083,0,0,0,0.5,45054.58,4
2022-08,2022-08-01,EU,BYD,4876,150.65,69111.45,13000.0,24659.53,106.65,0.3498,3.3,113.02,1.52,22.85,27.9,1267.4,0.287,10.0,0.083,0,0,0,0.92,22773.44,11
2022-08,2022-08-01,EU,Volkswagen Group,25664,150.65,69111.45,13000.0,24659.53,106.65,0.3498,3.3,113.02,1.52,22.85,27.9,1267.4,0.287,10.0,0.083,0,0,0,0.24,42323.14,5
2022-08,2022-08-01,EU,Hyundai-Kia Group,10803,150.65,69111.45,13000.0,24659.53,106.65,0.3498,3.3,113.02,1.52,22.85,27.9,1267.4,0.287,10.0,0.083,0,0,0,0.32,38868.57,6
2022-08,2022-08-01,EU,BMW Group,8270,150.65,69111.45,13000.0,24659.53,106.65,0.3498,3.3,113.02,1.52,22.85,27.9,1267.4,0.287,10.0,0.083,0,0,0,0.1,57168.69,4
2022-08,2022-08-01,EU,Mercedes-Benz Group,5740,150.65,69111.45,13000.0,24659.53,106.65,0.3498,3.3,113.02,1.52,22.85,27.9,1267.4,0.287,10.0,0.083,0,0,0,0.08,64576.59,4
2022-08,2022-08-01,EU,Toyota,595,150.65,69111.45,13000.0,24659.53,106.65,0.3498,3.3,113.02,1.52,22.85,27.9,1267.4,0.287,10.0,0.083,0,0,0,0.05,39500.0,1
2022-08,2022-08-01,CN,Tesla,31665,150.65,69111.45,13000.0,24659.53,106.65,0.0936,3.3,113.02,1.52,23.23,27.9,2569.6,0.539,15.0,0.084,0,0,0,0.7,45455.15,4
2022-08,2022-08-01,CN,BYD,63367,150.65,69111.45,13000.0,24659.53,106.65,0.0936,3.3,113.02,1.52,23.23,27.9,2569.6,0.539,15.0,0.084,0,0,0,0.92,23094.66,11
2022-08,2022-08-01,CN,Volkswagen Group,11658,150.65,69111.45,13000.0,24659.53,106.65,0.0936,3.3,113.02,1.52,23.23,27.9,2569.6,0.539,15.0,0.084,0,0,0,0.24,42451.12,5
2022-08,2022-08-01,CN,Hyundai-Kia Group,1993,150.65,69111.45,13000.0,24659.53,106.65,0.0936,3.3,113.02,1.52,23.23,27.9,2569.6,0.539,15.0,0.084,0,0,0,0.32,38748.89,6
2022-08,2022-08-01,CN,BMW Group,4823,150.65,69111.45,13000.0,24659.53,106.65,0.0936,3.3,113.02,1.52,23.23,27.9,2569.6,0.539,15.0,0.084,0,0,0,0.1,56478.38,4
2022-08,2022-08-01,CN,Mercedes-Benz Group,3196,150.65,69111.45,13000.0,24659.53,106.65,0.0936,3.3,113.02,1.52,23.23,27.9,2569.6,0.539,15.0,0.084,0,0,0,0.08,64527.69,4
2022-08,2022-08-01,CN,Toyota,445,150.65,69111.45,13000.0,24659.53,106.65,0.0936,3.3,113.02,1.52,23.23,27.9,2569.6,0.539,15.0,0.084,0,0,0,0.05,39500.0,1
2022-09,2022-09-01,US,Tesla,45308,150.09,66805.47,13000.0,24000.0,102.68,0.1528,3.65,113.61,1.2,21.77,28.1,821.9,0.29,2.5,0.074,0,0,0,0.5,45134.17,4
2022-09,2022-09-01,US,BYD,1615,150.09,66805.47,13000.0,24000.0,102.68,0.1528,3.65,113.61,1.2,21.77,28.1,821.9,0.29,27.5,0.074,0,0,0,0.92,23010.13,12
2022-09,2022-09-01,US,Volkswagen Group,6149,150.09,66805.47,13000.0,24000.0,102.68,0.1528,3.65,113.61,1.2,21.77,28.1,821.9,0.29,2.5,0.074,0,0,0,0.25,42450.42,5
2022-09,2022-09-01,US,Hyundai-Kia Group,14203,150.09,66805.47,13000.0,24000.0,102.68,0.1528,3.65,113.61,1.2,21.77,28.1,821.9,0.29,2.5,0.074,0,0,0,0.33,39062.95,6
2022-09,2022-09-01,US,BMW Group,3396,150.09,66805.47,13000.0,24000.0,102.68,0.1528,3.65,113.61,1.2,21.77,28.1,821.9,0.29,2.5,0.074,0,0,0,0.1,57169.03,4
2022-09,2022-09-01,US,Mercedes-Benz Group,2514,150.09,66805.47,13000.0,24000.0,102.68,0.1528,3.65,113.61,1.2,21.77,28.1,821.9,0.29,2.5,0.074,0,0,0,0.08,64653.68,4
2022-09,2022-09-01,US,Toyota,819,150.09,66805.47,13000.0,24000.0,102.68,0.1528,3.65,113.61,1.2,21.77,28.1,821.9,0.29,2.5,0.074,0,0,0,0.05,39500.0,1
2022-09,2022-09-01,EU,Tesla,29557,150.09,66805.47,13000.0,24000.0,102.68,0.3506,3.65,113.61,1.2,22.47,28.1,1317.3,0.29,10.0,0.082,0,0,0,0.5,45234.23,4
2022-09,2022-09-01,EU,BYD,6416,150.09,66805.47,13000.0,24000.0,102.68,0.3506,3.65,113.61,1.2,22.47,28.1,1317.3,0.29,10.0,0.082,0,0,0,0.92,22921.89,12
2022-09,2022-09-01,EU,Volkswagen Group,31072,150.09,66805.47,13000.0,24000.0,102.68,0.3506,3.65,113.61,1.2,22.47,28.1,1317.3,0.29,10.0,0.082,0,0,0,0.25,42317.15,5
2022-09,2022-09-01,EU,Hyundai-Kia Group,14243,150.09,66805.47,13000.0,24000.0,102.68,0.3506,3.65,113.61,1.2,22.47,28.1,1317.3,0.29,10.0,0.082,0,0,0,0.33,38809.35,6
2022-09,2022-09-01,EU,BMW Group,10214,150.09,66805.47,13000.0,24000.0,102.68,0.3506,3.65,113.61,1.2,22.47,28.1,1317.3,0.29,10.0,0.082,0,0,0,0.1,56796.18,4
2022-09,2022-09-01,EU,Mercedes-Benz Group,7388,150.09,66805.47,13000.0,24000.0,102.68,0.3506,3.65,113.61,1.2,22.47,28.1,1317.3,0.29,10.0,0.082,0,0,0,0.08,65027.68,4
2022-09,2022-09-01,EU,Toyota,729,150.09,66805.47,13000.0,24000.0,102.68,0.3506,3.65,113.61,1.2,22.47,28.1,1317.3,0.29,10.0,0.082,0,0,0,0.05,39500.0,1
2022-09,2022-09-01,CN,Tesla,41089,150.09,66805.47,13000.0,24000.0,102.68,0.0938,3.65,113.61,1.2,22.14,28.1,2657.7,0.542,15.0,0.082,0,0,0,0.7,45090.19,4
2022-09,2022-09-01,CN,BYD,80143,150.09,66805.47,13000.0,24000.0,102.68,0.0938,3.65,113.61,1.2,22.14,28.1,2657.7,0.542,15.0,0.082,0,0,0,0.92,22895.31,12
2022-09,2022-09-01,CN,Volkswagen Group,14648,150.09,66805.47,13000.0,24000.0,102.68,0.0938,3.65,113.61,1.2,22.14,28.1,2657.7,0.542,15.0,0.082,0,0,0,0.25,42254.17,5
2022-09,2022-09-01,CN,Hyundai-Kia Group,2476,150.09,66805.47,13000.0,24000.0,102.68,0.0938,3.65,113.61,1.2,22.14,28.1,2657.7,0.542,15.0,0.082,0,0,0,0.33,39179.98,6
2022-09,2022-09-01,CN,BMW Group,5683,150.09,66805.47,13000.0,24000.0,102.68,0.0938,3.65,113.61,1.2,22.14,28.1,2657.7,0.542,15.0,0.082,0,0,0,0.1,56478.53,4
2022-09,2022-09-01,CN,Mercedes-Benz Group,3734,150.09,66805.47,13000.0,24000.0,102.68,0.0938,3.65,113.61,1.2,22.14,28.1,2657.7,0.542,15.0,0.082,0,0,0,0.08,65195.15,4
2022-09,2022-09-01,CN,Toyota,584,150.09,66805.47,13000.0,24000.0,102.68,0.0938,3.65,113.61,1.2,22.14,28.1,2657.7,0.542,15.0,0.082,0,0,0,0.05,39500.0,1
2022-10,2022-10-01,US,Tesla,41671,150.39,61250.96,13000.0,24000.0,97.5,0.1535,4.0,113.67,1.56,23.35,12.8,825.6,0.293,2.5,0.074,0,0,0,0.5,44059.03,4
2022-10,2022-10-01,US,BYD,1429,150.39,61250.96,13000.0,24000.0,97.5,0.1535,4.0,113.67,1.56,23.35,12.8,825.6,0.293,27.5,0.074,0,0,0,0.92,22854.18,12
2022-10,2022-10-01,US,Volkswagen Group,4947,150.39,61250.96,13000.0,24000.0,97.5,0.1535,4.0,113.67,1.56,23.35,12.8,825.6,0.293,2.5,0.074,0,0,0,0.25,42343.36,5
2022-10,2022-10-01,US,Hyundai-Kia Group,12476,150.39,61250.96,13000.0,24000.0,97.5,0.1535,4.0,113.67,1.56,23.35,12.8,825.6,0.293,2.5,0.074,0,0,0,0.33,38818.77,6
2022-10,2022-10-01,US,BMW Group,3074,150.39,61250.96,13000.0,24000.0,97.5,0.1535,4.0,113.67,1.56,23.35,12.8,825.6,0.293,2.5,0.074,0,0,0,0.1,57494.91,4
2022-10,2022-10-01,US,Mercedes-Benz Group,2151,150.39,61250.96,13000.0,24000.0,97.5,0.1535,4.0,113.67,1.56,23.35,12.8,825.6,0.293,2.5,0.074,0,0,0,0.08,65499.98,4
2022-10,2022-10-01,US,Toyota,754,150.39,61250.96,13000.0,24000.0,97.5,0.1535,4.0,113.67,1.56,23.35,12.8,825.6,0.293,2.5,0.074,0,0,0,0.05,39500.0,1
2022-10,2022-10-01,EU,Tesla,27833,150.39,61250.96,13000.0,24000.0,97.5,0.3514,4.0,113.67,1.56,21.92,12.8,1329.4,0.292,10.0,0.08,0,0,0,0.5,44617.03,4
2022-10,2022-10-01,EU,BYD,6168,150.39,61250.96,13000.0,24000.0,97.5,0.3514,4.0,113.67,1.56,21.92,12.8,1329.4,0.292,10.0,0.08,0,0,0,0.92,22949.82,12
2022-10,2022-10-01,EU,Volkswagen Group,27256,150.39,61250.96,13000.0,24000.0,97.5,0.3514,4.0,113.67,1.56,21.92,12.8,1329.4,0.292,10.0,0.08,0,0,0,0.25,42355.45,5
2022-10,2022-10-01,EU,Hyundai-Kia Group,12314,150.39,61250.96,13000.0,24000.0,97.5,0.3514,4.0,113.67,1.56,21.92,12.8,1329.4,0.292,10.0,0.08,0,0,0,0.33,39368.52,6
2022-10,2022-10-01,EU,BMW Group,8695,150.39,61250.96,13000.0,24000.0,97.5,0.3514,4.0,113.67,1.56,21.92,12.8,1329.4,0.292,10.0,0.08,0,0,0,0.1,56927.84,4
2022-10,2022-10-01,EU,Mercedes-Benz Group,6220,150.39,61250.96,13000.0,24000.0,97.5,0.3514,4.0,113.67,1.56,21.92,12.8,1329.4,0.292,10.0,0.08,0,0,0,0.08,64019.99,4
2022-10,2022-10-01,EU,Toyota,651,150.39,61250.96,13000.0,24000.0,97.5,0.3514,4.0,113.67,1.56,21.92,12.8,1329.4,0.292,10.0,0.08,0,0,0,0.05,39500.0,1
2022-10,2022-10-01,CN,Tesla,34352,150.39,61250.96,13000.0,24000.0,97.5,0.0939,4.0,113.67,1.56,22.86,12.8,2683.3,0.546,15.0,0.081,0,0,0,0.7,44448.1,4
2022-10,2022-10-01,CN,BYD,66246,150.39,61250.96,13000.0,24000.0,97.5,0.0939,4.0,113.67,1.56,22.86,12.8,2683.3,0.546,15.0,0.081,0,0,0,0.92,22684.06,12
2022-10,2022-10-01,CN,Volkswagen Group,13285,150.39,61250.96,13000.0,24000.0,97.5,0.0939,4.0,113.67,1.56,22.86,12.8,2683.3,0.546,15.0,0.081,0,0,0,0.25,42214.73,5
2022-10,2022-10-01,CN,Hyundai-Kia Group,2089,150.39,61250.96,13000.0,24000.0,97.5,0.0939,4.0,113.67,1.56,22.86,12.8,2683.3,0.546,15.0,0.081,0,0,0,0.33,38767.24,6
2022-10,2022-10-01,CN,BMW Group,5118,150.39,61250.96,13000.0,24000.0,97.5,0.0939,4.0,113.67,1.56,22.86,12.8,2683.3,0.546,15.0,0.081,0,0,0,0.1,56977.67,4
2022-10,2022-10-01,CN,Mercedes-Benz Group,3527,150.39,61250.96,13000.0,24000.0,97.5,0.0939,4.0,113.67,1.56,22.86,12.8,2683.3,0.546,15.0,0.081,0,0,0,0.08,63742.41,4
2022-10,2022-10-01,CN,Toyota,487,150.39,61250.96,13000.0,24000.0,97.5,0.0939,4.0,113.67,1.56,22.86,12.8,2683.3,0.546,15.0,0.081,0,0,0,0.05,39500.0,1
2022-11,2022-11-01,US,Tesla,46191,146.17,54371.89,13000.0,24000.0,91.47,0.1541,4.35,114.22,1.54,25.35,12.9,837.0,0.295,2.5,0.073,0,0,0,0.5,44547.48,4
2022-11,2022-11-01,US,BYD,1523,146.17,54371.89,13000.0,24000.0,91.47,0.1541,4.35,114.22,1.54,25.35,12.9,837.0,0.295,27.5,0.073,0,0,0,0.92,22669.37,12
2022-11,2022-11-01,US,Volkswagen Group,5725,146.17,54371.89,13000.0,24000.0,91.47,0.1541,4.35,114.22,1.54,25.35,12.9,837.0,0.295,2.5,0.073,0,0,0,0.25,42200.14,5
2022-11,2022-11-01,US,Hyundai-Kia Group,13926,146.17,54371.89,13000.0,24000.0,91.47,0.1541,4.35,114.22,1.54,25.35,12.9,837.0,0.295,2.5,0.073,0,0,0,0.34,38305.64,6
2022-11,2022-11-01,US,BMW Group,3522,146.17,54371.89,13000.0,24000.0,91.47,0.1541,4.35,114.22,1.54,25.35,12.9,837.0,0.295,2.5,0.073,0,0,0,0.1,56606.78,4
2022-11,2022-11-01,US,Mercedes-Benz Group,2377,146.17,54371.89,13000.0,24000.0,91.47,0.1541,4.35,114.22,1.54,25.35,12.9,837.0,0.295,2.5,0.073,0,0,0,0.08,65446.11,4
2022-11,2022-11-01,US,Toyota,870,146.17,54371.89,13000.0,24000.0,91.47,0.1541,4.35,114.22,1.54,25.35,12.9,837.0,0.295,2.5,0.073,0,0,0,0.05,39500.0,1
2022-11,2022-11-01,EU,Tesla,30124,146.17,54371.89,13000.0,24000.0,91.47,0.3522,4.35,114.22,1.54,23.12,12.9,1349.8,0.295,10.0,0.079,0,0,0,0.5,44544.25,4
2022-11,2022-11-01,EU,BYD,6607,146.17,54371.89,13000.0,24000.0,91.47,0.3522,4.35,114.22,1.54,23.12,12.9,1349.8,0.295,10.0,0.079,0,0,0,0.92,22832.56,12
2022-11,2022-11-01,EU,Volkswagen Group,31195,146.17,54371.89,13000.0,24000.0,91.47,0.3522,4.35,114.22,1.54,23.12,12.9,1349.8,0.295,10.0,0.079,0,0,0,0.25,42143.06,5
2022-11,2022-11-01,EU,Hyundai-Kia Group,14087,146.17,54371.89,13000.0,24000.0,91.47,0.3522,4.35,114.22,1.54,23.12,12.9,1349.8,0.295,10.0,0.079,0,0,0,0.34,38585.0,6
2022-11,2022-11-01,EU,BMW Group,10295,146.17,54371.89,13000.0,24000.0,91.47,0.3522,4.35,114.22,1.54,23.12,12.9,1349.8,0.295,10.0,0.079,0,0,0,0.1,56976.78,4
2022-11,2022-11-01,EU,Mercedes-Benz Group,7095,146.17,54371.89,13000.0,24000.0,91.47,0.3522,4.35,114.22,1.54,23.12,12.9,1349.8,0.295,10.0,0.079,0,0,0,0.08,65345.47,4
2022-11,2022-11-01,EU,Toyota,764,146.17,54371.89,13000.0,24000.0,91.47,0.3522,4.35,114.22,1.54,23.12,12.9,1349.8,0.295,10.0,0.079,0,0,0,0.05,39500.0,1
2022-11,2022-11-01,CN,Tesla,40744,146.17,54371.89,13000.0,24000.0,91.47,0.0941,4.35,114.22,1.54,24.4,12.9,2732.4,0.549,15.0,0.079,0,0,0,0.7,45045.94,4
2022-11,2022-11-01,CN,BYD,77191,146.17,54371.89,13000.0,24000.0,91.47,0.0941,4.35,114.22,1.54,24.4,12.9,2732.4,0.549,15.0,0.079,0,0,0,0.92,22907.51,12
2022-11,2022-11-01,CN,Volkswagen Group,15114,146.17,54371.89,13000.0,24000.0,91.47,0.0941,4.35,114.22,1.54,24.4,12.9,2732.4,0.549,15.0,0.079,0,0,0,0.25,41776.88,5
2022-11,2022-11-01,CN,Hyundai-Kia Group,2531,146.17,54371.89,13000.0,24000.0,91.47,0.0941,4.35,114.22,1.54,24.4,12.9,2732.4,0.549,15.0,0.079,0,0,0,0.34,38770.03,6
2022-11,2022-11-01,CN,BMW Group,5998,146.17,54371.89,13000.0,24000.0,91.47,0.0941,4.35,114.22,1.54,24.4,12.9,2732.4,0.549,15.0,0.079,0,0,0,0.1,56748.58,4
2022-11,2022-11-01,CN,Mercedes-Benz Group,3665,146.17,54371.89,13000.0,24000.0,91.47,0.0941,4.35,114.22,1.54,24.4,12.9,2732.4,0.549,15.0,0.079,0,0,0,0.08,64365.64,4
2022-11,2022-11-01,CN,Toyota,561,146.17,54371.89,13000.0,24000.0,91.47,0.0941,4.35,114.22,1.54,24.4,12.9,2732.4,0.549,15.0,0.079,0,0,0,0.05,39500.0,1
2022-12,2022-12-01,US,Tesla,58525,143.96,46668.91,13000.0,24711.54,85.0,0.1547,4.7,114.89,1.89,23.51,11.5,866.2,0.297,2.5,0.072,0,0,0,0.5,44950.17,4
2022-12,2022-12-01,US,BYD,1925,143.96,46668.91,13000.0,24711.54,85.0,0.1547,4.7,114.89,1.89,23.51,11.5,866.2,0.297,27.5,0.072,0,0,0,0.92,23353.49,12
2022-12,2022-12-01,US,Volkswagen Group,7358,143.96,46668.91,13000.0,24711.54,85.0,0.1547,4.7,114.89,1.89,23.51,11.5,866.2,0.297,2.5,0.072,0,0,0,0.26,42136.61,5
2022-12,2022-12-01,US,Hyundai-Kia Group,16948,143.96,46668.91,13000.0,24711.54,85.0,0.1547,4.7,114.89,1.89,23.51,11.5,866.2,0.297,2.5,0.072,0,0,0,0.34,38659.71,6
2022-12,2022-12-01,US,BMW Group,4309,143.96,46668.91,13000.0,24711.54,85.0,0.1547,4.7,114.89,1.89,23.51,11.5,866.2,0.297,2.5,0.072,0,0,0,0.1,57067.4,4
2022-12,2022-12-01,US,Mercedes-Benz Group,2735,143.96,46668.91,13000.0,24711.54,85.0,0.1547,4.7,114.89,1.89,23.51,11.5,866.2,0.297,2.5,0.072,0,0,0,0.08,65252.17,4
2022-12,2022-12-01,US,Toyota,980,143.96,46668.91,13000.0,24711.54,85.0,0.1547,4.7,114.89,1.89,23.51,11.5,866.2,0.297,2.5,0.072,0,0,0,0.05,39500.0,1
2022-12,2022-12-01,EU,Tesla,37286,143.96,46668.91,13000.0,24711.54,85.0,0.353,4.7,114.89,1.89,25.36,11.5,1389.9,0.298,10.0,0.078,0,0,0,0.5,44526.76,4
2022-12,2022-12-01,EU,BYD,7657,143.96,46668.91,13000.0,24711.54,85.0,0.353,4.7,114.89,1.89,25.36,11.5,1389.9,0.298,10.0,0.078,0,0,0,0.92,23032.02,12
2022-12,2022-12-01,EU,Volkswagen Group,37040,143.96,46668.91,13000.0,24711.54,85.0,0.353,4.7,114.89,1.89,25.36,11.5,1389.9,0.298,10.0,0.078,0,0,0,0.26,42283.9,5
2022-12,2022-12-01,EU,Hyundai-Kia Group,17676,143.96,46668.91,13000.0,24711.54,85.0,0.353,4.7,114.89,1.89,25.36,11.5,1389.9,0.298,10.0,0.078,0,0,0,0.34,39118.71,6
2022-12,2022-12-01,EU,BMW Group,12004,143.96,46668.91,13000.0,24711.54,85.0,0.353,4.7,114.89,1.89,25.36,11.5,1389.9,0.298,10.0,0.078,0,0,0,0.1,56666.31,4
2022-12,2022-12-01,EU,Mercedes-Benz Group,8299,143.96,46668.91,13000.0,24711.54,85.0,0.353,4.7,114.89,1.89,25.36,11.5,1389.9,0.298,10.0,0.078,0,0,0,0.08,64197.06,4
2022-12,2022-12-01,EU,Toyota,944,143.96,46668.91,13000.0,24711.54,85.0,0.353,4.7,114.89,1.89,25.36,11.5,1389.9,0.298,10.0,0.078,0,0,0,0.05,39500.0,1
2022-12,2022-12-01,CN,Tesla,48387,143.96,46668.91,13000.0,24711.54,85.0,0.0943,4.7,114.89,1.89,23.47,11.5,2812.3,0.552,15.0,0.077,0,0,0,0.7,44642.08,4
2022-12,2022-12-01,CN,BYD,94074,143.96,46668.91,13000.0,24711.54,85.0,0.0943,4.7,114.89,1.89,23.47,11.5,2812.3,0.552,15.0,0.077,0,0,0,0.92,22913.08,12
2022-12,2022-12-01,CN,Volkswagen Group,18459,143.96,46668.91,13000.0,24711.54,85.0,0.0943,4.7,114.89,1.89,23.47,11.5,2812.3,0.552,15.0,0.077,0,0,0,0.26,41907.85,5
2022-12,2022-12-01,CN,Hyundai-Kia Group,3073,143.96,46668.91,13000.0,24711.54,85.0,0.0943,4.7,114.89,1.89,23.47,11.5,2812.3,0.552,15.0,0.077,0,0,0,0.34,38863.89,6
2022-12,2022-12-01,CN,BMW Group,7362,143.96,46668.91,13000.0,24711.54,85.0,0.0943,4.7,114.89,1.89,23.47,11.5,2812.3,0.552,15.0,0.077,0,0,0,0.1,56575.45,4
2022-12,2022-12-01,CN,Mercedes-Benz Group,4735,143.96,46668.91,13000.0,24711.54,85.0,0.0943,4.7,114.89,1.89,23.47,11.5,2812.3,0.552,15.0,0.077,0,0,0,0.08,64555.82,4
2022-12,2022-12-01,CN,Toyota,674,143.96,46668.91,13000.0,24711.54,85.0,0.0943,4.7,114.89,1.89,23.47,11.5,2812.3,0.552,15.0,0.077,0,0,0,0.05,39500.0,1
2023-01,2023-01-01,US,Tesla,36512,146.85,34792.96,13000.0,24584.39,80.09,0.1554,4.8,115.05,2.17,25.0,12.3,866.3,0.299,2.5,0.071,0,0,0,0.5,44201.97,4
2023-01,2023-01-01,US,BYD,1611,146.85,34792.96,13000.0,24584.39,80.09,0.1554,4.8,115.05,2.17,25.0,12.3,866.3,0.299,27.5,0.071,0,0,0,0.92,23148.59,12
2023-01,2023-01-01,US,Volkswagen Group,5220,146.85,34792.96,13000.0,24584.39,80.09,0.1554,4.8,115.05,2.17,25.0,12.3,866.3,0.299,2.5,0.071,0,0,0,0.26,42649.39,6
2023-01,2023-01-01,US,Hyundai-Kia Group,10644,146.85,34792.96,13000.0,24584.39,80.09,0.1554,4.8,115.05,2.17,25.0,12.3,866.3,0.299,2.5,0.071,0,0,0,0.34,38770.25,6
2023-01,2023-01-01,US,BMW Group,3389,146.85,34792.96,13000.0,24584.39,80.09,0.1554,4.8,115.05,2.17,25.0,12.3,866.3,0.299,2.5,0.071,0,0,0,0.1,56482.93,4
2023-01,2023-01-01,US,Mercedes-Benz Group,2247,146.85,34792.96,13000.0,24584.39,80.09,0.1554,4.8,115.05,2.17,25.0,12.3,866.3,0.299,2.5,0.071,0,0,0,0.08,64249.58,4
2023-01,2023-01-01,US,Toyota,2204,146.85,34792.96,13000.0,24584.39,80.09,0.1554,4.8,115.05,2.17,25.0,12.3,866.3,0.299,2.5,0.071,0,0,0,0.05,39500.0,1
2023-01,2023-01-01,EU,Tesla,27584,146.85,34792.96,13000.0,24584.39,80.09,0.3538,4.8,115.05,2.17,23.06,12.3,1396.3,0.301,10.0,0.077,0,0,0,0.5,44218.18,4
2023-01,2023-01-01,EU,BYD,7001,146.85,34792.96,13000.0,24584.39,80.09,0.3538,4.8,115.05,2.17,23.06,12.3,1396.3,0.301,10.0,0.077,0,0,0,0.92,23534.82,12
2023-01,2023-01-01,EU,Volkswagen Group,24746,146.85,34792.96,13000.0,24584.39,80.09,0.3538,4.8,115.05,2.17,23.06,12.3,1396.3,0.301,10.0,0.077,0,0,0,0.26,41220.91,6
2023-01,2023-01-01,EU,Hyundai-Kia Group,10679,146.85,34792.96,13000.0,24584.39,80.09,0.3538,4.8,115.05,2.17,23.06,12.3,1396.3,0.301,10.0,0.077,0,0,0,0.34,38950.29,6
2023-01,2023-01-01,EU,BMW Group,11476,146.85,34792.96,13000.0,24584.39,80.09,0.3538,4.8,115.05,2.17,23.06,12.3,1396.3,0.301,10.0,0.077,0,0,0,0.1,56208.18,4
2023-01,2023-01-01,EU,Mercedes-Benz Group,7282,146.85,34792.96,13000.0,24584.39,80.09,0.3538,4.8,115.05,2.17,23.06,12.3,1396.3,0.301,10.0,0.077,0,0,0,0.08,64327.34,4
2023-01,2023-01-01,EU,Toyota,2000,146.85,34792.96,13000.0,24584.39,80.09,0.3538,4.8,115.05,2.17,23.06,12.3,1396.3,0.301,10.0,0.077,0,0,0,0.05,39500.0,1
2023-01,2023-01-01,CN,Tesla,34139,146.85,34792.96,13000.0,24584.39,80.09,0.0945,4.8,115.05,2.17,23.44,12.3,2880.9,0.555,15.0,0.075,0,0,0,0.7,44680.31,4
2023-01,2023-01-01,CN,BYD,83196,146.85,34792.96,13000.0,24584.39,80.09,0.0945,4.8,115.05,2.17,23.44,12.3,2880.9,0.555,15.0,0.075,0,0,0,0.92,23139.6,12
2023-01,2023-01-01,CN,Volkswagen Group,12371,146.85,34792.96,13000.0,24584.39,80.09,0.0945,4.8,115.05,2.17,23.44,12.3,2880.9,0.555,15.0,0.075,0,0,0,0.26,41862.51,6
2023-01,2023-01-01,CN,Hyundai-Kia Group,1945,146.85,34792.96,13000.0,24584.39,80.09,0.0945,4.8,115.05,2.17,23.44,12.3,2880.9,0.555,15.0,0.075,0,0,0,0.34,38517.04,6
2023-01,2023-01-01,CN,BMW Group,6530,146.85,34792.96,13000.0,24584.39,80.09,0.0945,4.8,115.05,2.17,23.44,12.3,2880.9,0.555,15.0,0.075,0,0,0,0.1,56552.16,4
2023-01,2023-01-01,CN,Mercedes-Benz Group,3869,146.85,34792.96,13000.0,24584.39,80.09,0.0945,4.8,115.05,2.17,23.44,12.3,2880.9,0.555,15.0,0.075,0,0,0,0.08,64545.37,4
2023-01,2023-01-01,CN,Toyota,1528,146.85,34792.96,13000.0,24584.39,80.09,0.0945,4.8,115.05,2.17,23.44,12.3,2880.9,0.555,15.0,0.075,0,0,0,0.05,39500.0,1
2023-02,2023-02-01,US,Tesla,36753,145.31,33158.89,13000.0,25680.44,76.04,0.156,4.85,115.42,2.38,25.57,10.3,907.5,0.301,2.5,0.07,0,0,0,0.5,44413.53,4
2023-02,2023-02-01,US,BYD,1603,145.31,33158.89,13000.0,25680.44,76.04,0.156,4.85,115.42,2.38,25.57,10.3,907.5,0.301,27.5,0.07,0,0,0,0.92,23269.22,12
2023-02,2023-02-01,US,Volkswagen Group,4767,145.31,33158.89,13000.0,25680.44,76.04,0.156,4.85,115.42,2.38,25.57,10.3,907.5,0.301,2.5,0.07,0,0,0,0.26,42076.68,6
2023-02,2023-02-01,US,Hyundai-Kia Group,9887,145.31,33158.89,13000.0,25680.44,76.04,0.156,4.85,115.42,2.38,25.57,10.3,907.5,0.301,2.5,0.07,0,0,0,0.35,38480.8,6
2023-02,2023-02-01,US,BMW Group,3396,145.31,33158.89,13000.0,25680.44,76.04,0.156,4.85,115.42,2.38,25.57,10.3,907.5,0.301,2.5,0.07,0,0,0,0.1,56572.04,4
2023-02,2023-02-01,US,Mercedes-Benz Group,2267,145.31,33158.89,13000.0,25680.44,76.04,0.156,4.85,115.42,2.38,25.57,10.3,907.5,0.301,2.5,0.07,0,0,0,0.08,64816.78,4
2023-02,2023-02-01,US,Toyota,1889,145.31,33158.89,13000.0,25680.44,76.04,0.156,4.85,115.42,2.38,25.57,10.3,907.5,0.301,2.5,0.07,0,0,0,0.05,39500.0,1
2023-02,2023-02-01,EU,Tesla,25227,145.31,33158.89,13000.0,25680.44,76.04,0.3546,4.85,115.42,2.38,24.89,10.3,1434.4,0.304,10.0,0.076,0,0,0,0.5,44313.44,4
2023-02,2023-02-01,EU,BYD,6753,145.31,33158.89,13000.0,25680.44,76.04,0.3546,4.85,115.42,2.38,24.89,10.3,1434.4,0.304,10.0,0.076,0,0,0,0.92,23354.51,12
2023-02,2023-02-01,EU,Volkswagen Group,23308,145.31,33158.89,13000.0,25680.44,76.04,0.3546,4.85,115.42,2.38,24.89,10.3,1434.4,0.304,10.0,0.076,0,0,0,0.26,42032.12,6
2023-02,2023-02-01,EU,Hyundai-Kia Group,9783,145.31,33158.89,13000.0,25680.44,76.04,0.3546,4.85,115.42,2.38,24.89,10.3,1434.4,0.304,10.0,0.076,0,0,0,0.35,38126.11,6
2023-02,2023-02-01,EU,BMW Group,9903,145.31,33158.89,13000.0,25680.44,76.04,0.3546,4.85,115.42,2.38,24.89,10.3,1434.4,0.304,10.0,0.076,0,0,0,0.1,56994.96,4
2023-02,2023-02-01,EU,Mercedes-Benz Group,6928,145.31,33158.89,13000.0,25680.44,76.04,0.3546,4.85,115.42,2.38,24.89,10.3,1434.4,0.304,10.0,0.076,0,0,0,0.08,64776.54,4
2023-02,2023-02-01,EU,Toyota,1926,145.31,33158.89,13000.0,25680.44,76.04,0.3546,4.85,115.42,2.38,24.89,10.3,1434.4,0.304,10.0,0.076,0,0,0,0.05,39500.0,1
2023-02,2023-02-01,CN,Tesla,32372,145.31,33158.89,13000.0,25680.44,76.04,0.0947,4.85,115.42,2.38,24.22,10.3,2886.3,0.558,15.0,0.073,0,0,0,0.7,44670.12,4
2023-02,2023-02-01,CN,BYD,77653,145.31,33158.89,13000.0,25680.44,76.04,0.0947,4.85,115.42,2.38,24.22,10.3,2886.3,0.558,15.0,0.073,0,0,0,0.92,23402.78,12
2023-02,2023-02-01,CN,Volkswagen Group,11812,145.31,33158.89,13000.0,25680.44,76.04,0.0947,4.85,115.42,2.38,24.22,10.3,2886.3,0.558,15.0,0.073,0,0,0,0.26,42015.43,6
2023-02,2023-02-01,CN,Hyundai-Kia Group,1881,145.31,33158.89,13000.0,25680.44,76.04,0.0947,4.85,115.42,2.38,24.22,10.3,2886.3,0.558,15.0,0.073,0,0,0,0.35,38532.04,6
2023-02,2023-02-01,CN,BMW Group,5869,145.31,33158.89,13000.0,25680.44,76.04,0.0947,4.85,115.42,2.38,24.22,10.3,2886.3,0.558,15.0,0.073,0,0,0,0.1,56584.77,4
2023-02,2023-02-01,CN,Mercedes-Benz Group,3520,145.31,33158.89,13000.0,25680.44,76.04,0.0947,4.85,115.42,2.38,24.22,10.3,2886.3,0.558,15.0,0.073,0,0,0,0.08,64182.41,4
2023-02,2023-02-01,CN,Toyota,1384,145.31,33158.89,13000.0,25680.44,76.04,0.0947,4.85,115.42,2.38,24.22,10.3,2886.3,0.558,15.0,0.073,0,0,0,0.05,39500.0,1
2023-03,2023-03-01,US,Tesla,55163,145.86,30766.06,13000.0,24000.0,78.0,0.1567,4.9,115.8,2.45,24.21,12.8,884.7,0.304,2.5,0.07,0,0,0,0.5,44038.03,4
2023-03,2023-03-01,US,BYD,2533,145.86,30766.06,13000.0,24000.0,78.0,0.1567,4.9,115.8,2.45,24.21,12.8,884.7,0.304,27.5,0.07,0,0,0,0.92,23171.23,12
2023-03,2023-03-01,US,Volkswagen Group,7178,145.86,30766.06,13000.0,24000.0,78.0,0.1567,4.9,115.8,2.45,24.21,12.8,884.7,0.304,2.5,0.07,0,0,0,0.26,41238.84,6
2023-03,2023-03-01,US,Hyundai-Kia Group,15628,145.86,30766.06,13000.0,24000.0,78.0,0.1567,4.9,115.8,2.45,24.21,12.8,884.7,0.304,2.5,0.07,0,0,0,0.35,38088.22,6
2023-03,2023-03-01,US,BMW Group,5310,145.86,30766.06,13000.0,24000.0,78.0,0.1567,4.9,115.8,2.45,24.21,12.8,884.7,0.304,2.5,0.07,0,0,0,0.1,56710.95,4
2023-03,2023-03-01,US,Mercedes-Benz Group,3545,145.86,30766.06,13000.0,24000.0,78.0,0.1567,4.9,115.8,2.45,24.21,12.8,884.7,0.304,2.5,0.07,0,0,0,0.08,63825.59,4
2023-03,2023-03-01,US,Toyota,2926,145.86,30766.06,13000.0,24000.0,78.0,0.1567,4.9,115.8,2.45,24.21,12.8,884.7,0.304,2.5,0.07,0,0,0,0.05,39500.0,1
2023-03,2023-03-01,EU,Tesla,40132,145.86,30766.06,13000.0,24000.0,78.0,0.3554,4.9,115.8,2.45,26.26,12.8,1453.2,0.306,10.0,0.074,0,0,0,0.5,44382.9,4
2023-03,2023-03-01,EU,BYD,9781,145.86,30766.06,13000.0,24000.0,78.0,0.3554,4.9,115.8,2.45,26.26,12.8,1453.2,0.306,10.0,0.074,0,0,0,0.92,23371.42,12
2023-03,2023-03-01,EU,Volkswagen Group,35336,145.86,30766.06,13000.0,24000.0,78.0,0.3554,4.9,115.8,2.45,26.26,12.8,1453.2,0.306,10.0,0.074,0,0,0,0.26,41982.91,6
2023-03,2023-03-01,EU,Hyundai-Kia Group,15690,145.86,30766.06,13000.0,24000.0,78.0,0.3554,4.9,115.8,2.45,26.26,12.8,1453.2,0.306,10.0,0.074,0,0,0,0.35,38778.06,6
2023-03,2023-03-01,EU,BMW Group,16857,145.86,30766.06,13000.0,24000.0,78.0,0.3554,4.9,115.8,2.45,26.26,12.8,1453.2,0.306,10.0,0.074,0,0,0,0.1,56756.97,4
2023-03,2023-03-01,EU,Mercedes-Benz Group,10084,145.86,30766.06,13000.0,24000.0,78.0,0.3554,4.9,115.8,2.45,26.26,12.8,1453.2,0.306,10.0,0.074,0,0,0,0.08,64467.21,4
2023-03,2023-03-01,EU,Toyota,2704,145.86,30766.06,13000.0,24000.0,78.0,0.3554,4.9,115.8,2.45,26.26,12.8,1453.2,0.306,10.0,0.074,0,0,0,0.05,39500.0,1
2023-03,2023-03-01,CN,Tesla,48293,145.86,30766.06,13000.0,24000.0,78.0,0.0948,4.9,115.8,2.45,24.49,12.8,2910.1,0.562,15.0,0.072,0,0,0,0.7,44365.71,4
2023-03,2023-03-01,CN,BYD,113576,145.86,30766.06,13000.0,24000.0,78.0,0.0948,4.9,115.8,2.45,24.49,12.8,2910.1,0.562,15.0,0.072,0,0,0,0.92,23434.21,12
2023-03,2023-03-01,CN,Volkswagen Group,17767,145.86,30766.06,13000.0,24000.0,78.0,0.0948,4.9,115.8,2.45,24.49,12.8,2910.1,0.562,15.0,0.072,0,0,0,0.26,41837.21,6
2023-03,2023-03-01,CN,Hyundai-Kia Group,2768,145.86,30766.06,13000.0,24000.0,78.0,0.0948,4.9,115.8,2.45,24.49,12.8,2910.1,0.562,15.0,0.072,0,0,0,0.35,38506.56,6
2023-03,2023-03-01,CN,BMW Group,9531,145.86,30766.06,13000.0,24000.0,78.0,0.0948,4.9,115.8,2.45,24.49,12.8,2910.1,0.562,15.0,0.072,0,0,0,0.1,56253.15,4
2023-03,2023-03-01,CN,Mercedes-Benz Group,5429,145.86,30766.06,13000.0,24000.0,78.0,0.0948,4.9,115.8,2.45,24.49,12.8,2910.1,0.562,15.0,0.072,0,0,0,0.08,64328.14,4
2023-03,2023-03-01,CN,Toyota,2047,145.86,30766.06,13000.0,24000.0,78.0,0.0948,4.9,115.8,2.45,24.49,12.8,2910.1,0.562,15.0,0.072,0,0,0,0.05,39500.0,1
2023-04,2023-04-01,US,Tesla,46355,145.12,28944.59,13000.0,26714.26,78.58,0.1573,4.95,116.55,2.52,25.12,12.3,912.0,0.306,2.5,0.069,0,0,0,0.5,43478.35,4
2023-04,2023-04-01,US,BYD,2049,145.12,28944.59,13000.0,26714.26,78.58,0.1573,4.95,116.55,2.52,25.12,12.3,912.0,0.306,27.5,0.069,0,0,0,0.92,23539.55,12
2023-04,2023-04-01,US,Volkswagen Group,6236,145.12,28944.59,13000.0,26714.26,78.58,0.1573,4.95,116.55,2.52,25.12,12.3,912.0,0.306,2.5,0.069,0,0,0,0.27,42059.62,6
2023-04,2023-04-01,US,Hyundai-Kia Group,13309,145.12,28944.59,13000.0,26714.26,78.58,0.1573,4.95,116.55,2.52,25.12,12.3,912.0,0.306,2.5,0.069,0,0,0,0.36,38406.6,6
2023-04,2023-04-01,US,BMW Group,4455,145.12,28944.59,13000.0,26714.26,78.58,0.1573,4.95,116.55,2.52,25.12,12.3,912.0,0.306,2.5,0.069,0,0,0,0.1,56302.94,4
2023-04,2023-04-01,US,Mercedes-Benz Group,2801,145.12,28944.59,13000.0,26714.26,78.58,0.1573,4.95,116.55,2.52,25.12,12.3,912.0,0.306,2.5,0.069,0,0,0,0.08,64747.89,4
2023-04,2023-04-01,US,Toyota,2829,145.12,28944.59,13000.0,26714.26,78.58,0.1573,4.95,116.55,2.52,25.12,12.3,912.0,0.306,2.5,0.069,0,0,0,0.05,39500.0,1
2023-04,2023-04-01,EU,Tesla,32726,145.12,28944.59,13000.0,26714.26,78.58,0.3562,4.95,116.55,2.52,24.55,12.3,1473.8,0.309,10.0,0.073,0,0,0,0.5,44390.36,4
2023-04,2023-04-01,EU,BYD,8043,145.12,28944.59,13000.0,26714.26,78.58,0.3562,4.95,116.55,2.52,24.55,12.3,1473.8,0.309,10.0,0.073,0,0,0,0.92,22795.76,12
2023-04,2023-04-01,EU,Volkswagen Group,30446,145.12,28944.59,13000.0,26714.26,78.58,0.3562,4.95,116.55,2.52,24.55,12.3,1473.8,0.309,10.0,0.073,0,0,0,0.27,41403.79,6
2023-04,2023-04-01,EU,Hyundai-Kia Group,12883,145.12,28944.59,13000.0,26714.26,78.58,0.3562,4.95,116.55,2.52,24.55,12.3,1473.8,0.309,10.0,0.073,0,0,0,0.36,38335.67,6
2023-04,2023-04-01,EU,BMW Group,12914,145.12,28944.59,13000.0,26714.26,78.58,0.3562,4.95,116.55,2.52,24.55,12.3,1473.8,0.309,10.0,0.073,0,0,0,0.1,57130.99,4
2023-04,2023-04-01,EU,Mercedes-Benz Group,8803,145.12,28944.59,13000.0,26714.26,78.58,0.3562,4.95,116.55,2.52,24.55,12.3,1473.8,0.309,10.0,0.073,0,0,0,0.08,64590.24,4
2023-04,2023-04-01,EU,Toyota,2489,145.12,28944.59,13000.0,26714.26,78.58,0.3562,4.95,116.55,2.52,24.55,12.3,1473.8,0.309,10.0,0.073,0,0,0,0.05,39500.0,1
2023-04,2023-04-01,CN,Tesla,40801,145.12,28944.59,13000.0,26714.26,78.58,0.095,4.95,116.55,2.52,25.74,12.3,2949.2,0.565,15.0,0.07,0,0,0,0.7,44411.14,4
2023-04,2023-04-01,CN,BYD,93787,145.12,28944.59,13000.0,26714.26,78.58,0.095,4.95,116.55,2.52,25.74,12.3,2949.2,0.565,15.0,0.07,0,0,0,0.92,22944.25,12
2023-04,2023-04-01,CN,Volkswagen Group,15184,145.12,28944.59,13000.0,26714.26,78.58,0.095,4.95,116.55,2.52,25.74,12.3,2949.2,0.565,15.0,0.07,0,0,0,0.27,41882.92,6
2023-04,2023-04-01,CN,Hyundai-Kia Group,2262,145.12,28944.59,13000.0,26714.26,78.58,0.095,4.95,116.55,2.52,25.74,12.3,2949.2,0.565,15.0,0.07,0,0,0,0.36,38119.1,6
2023-04,2023-04-01,CN,BMW Group,8013,145.12,28944.59,13000.0,26714.26,78.58,0.095,4.95,116.55,2.52,25.74,12.3,2949.2,0.565,15.0,0.07,0,0,0,0.1,56074.24,4
2023-04,2023-04-01,CN,Mercedes-Benz Group,4861,145.12,28944.59,13000.0,26714.26,78.58,0.095,4.95,116.55,2.52,25.74,12.3,2949.2,0.565,15.0,0.07,0,0,0,0.08,63989.69,4
2023-04,2023-04-01,CN,Toyota,1818,145.12,28944.59,13000.0,26714.26,78.58,0.095,4.95,116.55,2.52,25.74,12.3,2949.2,0.565,15.0,0.07,0,0,0,0.05,39500.0,1
2023-05,2023-05-01,US,Tesla,47136,143.8,27537.11,13000.0,26374.63,78.12,0.158,5.0,116.6,2.82,24.2,11.6,926.2,0.308,2.5,0.068,0,0,0,0.5,44042.69,4
2023-05,2023-05-01,US,BYD,2424,143.8,27537.11,13000.0,26374.63,78.12,0.158,5.0,116.6,2.82,24.2,11.6,926.2,0.308,27.5,0.068,0,0,0,0.92,23456.92,13
2023-05,2023-05-01,US,Volkswagen Group,6587,143.8,27537.11,13000.0,26374.63,78.12,0.158,5.0,116.6,2.82,24.2,11.6,926.2,0.308,2.5,0.068,0,0,0,0.27,41621.13,6
2023-05,2023-05-01,US,Hyundai-Kia Group,13938,143.8,27537.11,13000.0,26374.63,78.12,0.158,5.0,116.6,2.82,24.2,11.6,926.2,0.308,2.5,0.068,0,0,0,0.36,38464.14,7
2023-05,2023-05-01,US,BMW Group,4634,143.8,27537.11,13000.0,26374.63,78.12,0.158,5.0,116.6,2.82,24.2,11.6,926.2,0.308,2.5,0.068,0,0,0,0.1,56945.73,4
2023-05,2023-05-01,US,Mercedes-Benz Group,3159,143.8,27537.11,13000.0,26374.63,78.12,0.158,5.0,116.6,2.82,24.2,11.6,926.2,0.308,2.5,0.068,0,0,0,0.08,64759.09,4
2023-05,2023-05-01,US,Toyota,3006,143.8,27537.11,13000.0,26374.63,78.12,0.158,5.0,116.6,2.82,24.2,11.6,926.2,0.308,2.5,0.068,0,0,0,0.05,39500.0,1
2023-05,2023-05-01,EU,Tesla,35909,143.8,27537.11,13000.0,26374.63,78.12,0.357,5.0,116.6,2.82,25.54,11.6,1500.2,0.312,10.0,0.072,0,0,0,0.5,43993.79,4
2023-05,2023-05-01,EU,BYD,8916,143.8,27537.11,13000.0,26374.63,78.12,0.357,5.0,116.6,2.82,25.54,11.6,1500.2,0.312,10.0,0.072,0,0,0,0.92,23320.37,13
2023-05,2023-05-01,EU,Volkswagen Group,35074,143.8,27537.11,13000.0,26374.63,78.12,0.357,5.0,116.6,2.82,25.54,11.6,1500.2,0.312,10.0,0.072,0,0,0,0.27,41328.27,6
2023-05,2023-05-01,EU,Hyundai-Kia Group,13420,143.8,27537.11,13000.0,26374.63,78.12,0.357,5.0,116.6,2.82,25.54,11.6,1500.2,0.312,10.0,0.072,0,0,0,0.36,38349.43,7
2023-05,2023-05-01,EU,BMW Group,14133,143.8,27537.11,13000.0,26374.63,78.12,0.357,5.0,116.6,2.82,25.54,11.6,1500.2,0.312,10.0,0.072,0,0,0,0.1,56569.34,4
2023-05,2023-05-01,EU,Mercedes-Benz Group,9449,143.8,27537.11,13000.0,26374.63,78.12,0.357,5.0,116.6,2.82,25.54,11.6,1500.2,0.312,10.0,0.072,0,0,0,0.08,64288.4,4
2023-05,2023-05-01,EU,Toyota,2754,143.8,27537.11,13000.0,26374.63,78.12,0.357,5.0,116.6,2.82,25.54,11.6,1500.2,0.312,10.0,0.072,0,0,0,0.05,39500.0,1
2023-05,2023-05-01,CN,Tesla,44547,143.8,27537.11,13000.0,26374.63,78.12,0.0952,5.0,116.6,2.82,24.34,11.6,2988.0,0.568,15.0,0.068,0,0,0,0.7,43607.04,4
2023-05,2023-05-01,CN,BYD,105544,143.8,27537.11,13000.0,26374.63,78.12,0.0952,5.0,116.6,2.82,24.34,11.6,2988.0,0.568,15.0,0.068,0,0,0,0.92,23632.29,13
2023-05,2023-05-01,CN,Volkswagen Group,16178,143.8,27537.11,13000.0,26374.63,78.12,0.0952,5.0,116.6,2.82,24.34,11.6,2988.0,0.568,15.0,0.068,0,0,0,0.27,41769.21,6
2023-05,2023-05-01,CN,Hyundai-Kia Group,2444,143.8,27537.11,13000.0,26374.63,78.12,0.0952,5.0,116.6,2.82,24.34,11.6,2988.0,0.568,15.0,0.068,0,0,0,0.36,38115.09,7
2023-05,2023-05-01,CN,BMW Group,8350,143.8,27537.11,13000.0,26374.63,78.12,0.0952,5.0,116.6,2.82,24.34,11.6,2988.0,0.568,15.0,0.068,0,0,0,0.1,56372.91,4
2023-05,2023-05-01,CN,Mercedes-Benz Group,5251,143.8,27537.11,13000.0,26374.63,78.12,0.0952,5.0,116.6,2.82,24.34,11.6,2988.0,0.568,15.0,0.068,0,0,0,0.08,64678.85,4
2023-05,2023-05-01,CN,Toyota,1878,143.8,27537.11,13000.0,26374.63,78.12,0.0952,5.0,116.6,2.82,24.34,11.6,2988.0,0.568,15.0,0.068,0,0,0,0.05,39500.0,1
2023-06,2023-06-01,US,Tesla,59686,145.1,26197.2,13000.0,28589.06,74.95,0.1587,5.05,117.06,2.69,25.88,11.8,946.9,0.31,2.5,0.067,0,0,0,0.5,43894.05,4
2023-06,2023-06-01,US,BYD,2618,145.1,26197.2,13000.0,28589.06,74.95,0.1587,5.05,117.06,2.69,25.88,11.8,946.9,0.31,27.5,0.067,0,0,0,0.92,23177.97,13
2023-06,2023-06-01,US,Volkswagen Group,8195,145.1,26197.2,13000.0,28589.06,74.95,0.1587,5.05,117.06,2.69,25.88,11.8,946.9,0.31,2.5,0.067,0,0,0,0.27,41147.7,6
2023-06,2023-06-01,US,Hyundai-Kia Group,16272,145.1,26197.2,13000.0,28589.06,74.95,0.1587,5.05,117.06,2.69,25.88,11.8,946.9,0.31,2.5,0.067,0,0,0,0.36,38827.08,7
2023-06,2023-06-01,US,BMW Group,5602,145.1,26197.2,13000.0,28589.06,74.95,0.1587,5.05,117.06,2.69,25.88,11.8,946.9,0.31,2.5,0.067,0,0,0,0.1,56373.98,4
2023-06,2023-06-01,US,Mercedes-Benz Group,3539,145.1,26197.2,13000.0,28589.06,74.95,0.1587,5.05,117.06,2.69,25.88,11.8,946.9,0.31,2.5,0.067,0,0,0,0.08,64269.8,4
2023-06,2023-06-01,US,Toyota,3600,145.1,26197.2,13000.0,28589.06,74.95,0.1587,5.05,117.06,2.69,25.88,11.8,946.9,0.31,2.5,0.067,0,0,0,0.05,39500.0,2
2023-06,2023-06-01,EU,Tesla,39161,145.1,26197.2,13000.0,28589.06,74.95,0.3578,5.05,117.06,2.69,26.32,11.8,1498.0,0.315,10.0,0.071,0,0,0,0.5,43910.0,4
2023-06,2023-06-01,EU,BYD,10454,145.1,26197.2,13000.0,28589.06,74.95,0.3578,5.05,117.06,2.69,26.32,11.8,1498.0,0.315,10.0,0.071,0,0,0,0.92,23462.71,13
2023-06,2023-06-01,EU,Volkswagen Group,36877,145.1,26197.2,13000.0,28589.06,74.95,0.3578,5.05,117.06,2.69,26.32,11.8,1498.0,0.315,10.0,0.071,0,0,0,0.27,41768.65,6
2023-06,2023-06-01,EU,Hyundai-Kia Group,17565,145.1,26197.2,13000.0,28589.06,74.95,0.3578,5.05,117.06,2.69,26.32,11.8,1498.0,0.315,10.0,0.071,0,0,0,0.36,37811.05,7
2023-06,2023-06-01,EU,BMW Group,16571,145.1,26197.2,13000.0,28589.06,74.95,0.3578,5.05,117.06,2.69,26.32,11.8,1498.0,0.315,10.0,0.071,0,0,0,0.1,56185.21,4
2023-06,2023-06-01,EU,Mercedes-Benz Group,11095,145.1,26197.2,13000.0,28589.06,74.95,0.3578,5.05,117.06,2.69,26.32,11.8,1498.0,0.315,10.0,0.071,0,0,0,0.08,64369.57,4
2023-06,2023-06-01,EU,Toyota,2998,145.1,26197.2,13000.0,28589.06,74.95,0.3578,5.05,117.06,2.69,26.32,11.8,1498.0,0.315,10.0,0.071,0,0,0,0.05,39500.0,2
2023-06,2023-06-01,CN,Tesla,51458,145.1,26197.2,13000.0,28589.06,74.95,0.0954,5.05,117.06,2.69,26.53,11.8,3077.8,0.571,15.0,0.066,0,0,0,0.7,44205.93,4
2023-06,2023-06-01,CN,BYD,117827,145.1,26197.2,13000.0,28589.06,74.95,0.0954,5.05,117.06,2.69,26.53,11.8,3077.8,0.571,15.0,0.066,0,0,0,0.92,23153.71,13
2023-06,2023-06-01,CN,Volkswagen Group,19016,145.1,26197.2,13000.0,28589.06,74.95,0.0954,5.05,117.06,2.69,26.53,11.8,3077.8,0.571,15.0,0.066,0,0,0,0.27,42075.23,6
2023-06,2023-06-01,CN,Hyundai-Kia Group,2983,145.1,26197.2,13000.0,28589.06,74.95,0.0954,5.05,117.06,2.69,26.53,11.8,3077.8,0.571,15.0,0.066,0,0,0,0.36,38126.08,7
2023-06,2023-06-01,CN,BMW Group,9790,145.1,26197.2,13000.0,28589.06,74.95,0.0954,5.05,117.06,2.69,26.53,11.8,3077.8,0.571,15.0,0.066,0,0,0,0.1,55949.84,4
2023-06,2023-06-01,CN,Mercedes-Benz Group,5960,145.1,26197.2,13000.0,28589.06,74.95,0.0954,5.05,117.06,2.69,26.53,11.8,3077.8,0.571,15.0,0.066,0,0,0,0.08,64801.17,4
2023-06,2023-06-01,CN,Toyota,2222,145.1,26197.2,13000.0,28589.06,74.95,0.0954,5.05,117.06,2.69,26.53,11.8,3077.8,0.571,15.0,0.066,0,0,0,0.05,39500.0,2
2023-07,2023-07-01,US,Tesla,47689,142.32,23823.97,13000.0,28257.76,84.3,0.1593,5.1,117.59,2.97,25.04,11.5,964.4,0.312,2.5,0.066,0,0,0,0.5,44276.39,4
2023-07,2023-07-01,US,BYD,2222,142.32,23823.97,13000.0,28257.76,84.3,0.1593,5.1,117.59,2.97,25.04,11.5,964.4,0.312,27.5,0.066,0,0,0,0.92,23269.92,13
2023-07,2023-07-01,US,Volkswagen Group,5846,142.32,23823.97,13000.0,28257.76,84.3,0.1593,5.1,117.59,2.97,25.04,11.5,964.4,0.312,2.5,0.066,0,0,0,0.28,41862.25,6
2023-07,2023-07-01,US,Hyundai-Kia Group,12872,142.32,23823.97,13000.0,28257.76,84.3,0.1593,5.1,117.59,2.97,25.04,11.5,964.4,0.312,2.5,0.066,0,0,0,0.37,38377.19,7
2023-07,2023-07-01,US,BMW Group,4262,142.32,23823.97,13000.0,28257.76,84.3,0.1593,5.1,117.59,2.97,25.04,11.5,964.4,0.312,2.5,0.066,0,0,0,0.1,56757.04,5
2023-07,2023-07-01,US,Mercedes-Benz Group,2800,142.32,23823.97,13000.0,28257.76,84.3,0.1593,5.1,117.59,2.97,25.04,11.5,964.4,0.312,2.5,0.066,0,0,0,0.08,64685.38,4
2023-07,2023-07-01,US,Toyota,2804,142.32,23823.97,13000.0,28257.76,84.3,0.1593,5.1,117.59,2.97,25.04,11.5,964.4,0.312,2.5,0.066,0,0,0,0.05,39500.0,2
2023-07,2023-07-01,EU,Tesla,34383,142.32,23823.97,13000.0,28257.76,84.3,0.3586,5.1,117.59,2.97,24.85,11.5,1537.6,0.318,10.0,0.07,0,0,0,0.5,43911.77,4
2023-07,2023-07-01,EU,BYD,8841,142.32,23823.97,13000.0,28257.76,84.3,0.3586,5.1,117.59,2.97,24.85,11.5,1537.6,0.318,10.0,0.07,0,0,0,0.92,23785.29,13
2023-07,2023-07-01,EU,Volkswagen Group,30233,142.32,23823.97,13000.0,28257.76,84.3,0.3586,5.1,117.59,2.97,24.85,11.5,1537.6,0.318,10.0,0.07,0,0,0,0.28,42045.16,6
2023-07,2023-07-01,EU,Hyundai-Kia Group,13509,142.32,23823.97,13000.0,28257.76,84.3,0.3586,5.1,117.59,2.97,24.85,11.5,1537.6,0.318,10.0,0.07,0,0,0,0.37,37870.36,7
2023-07,2023-07-01,EU,BMW Group,12885,142.32,23823.97,13000.0,28257.76,84.3,0.3586,5.1,117.59,2.97,24.85,11.5,1537.6,0.318,10.0,0.07,0,0,0,0.1,56324.35,5
2023-07,2023-07-01,EU,Mercedes-Benz Group,9219,142.32,23823.97,13000.0,28257.76,84.3,0.3586,5.1,117.59,2.97,24.85,11.5,1537.6,0.318,10.0,0.07,0,0,0,0.08,64256.23,4
2023-07,2023-07-01,EU,Toyota,2630,142.32,23823.97,13000.0,28257.76,84.3,0.3586,5.1,117.59,2.97,24.85,11.5,1537.6,0.318,10.0,0.07,0,0,0,0.05,39500.0,2
2023-07,2023-07-01,CN,Tesla,40582,142.32,23823.97,13000.0,28257.76,84.3,0.0956,5.1,117.59,2.97,25.17,11.5,3087.0,0.574,15.0,0.064,0,0,0,0.7,43989.09,4
2023-07,2023-07-01,CN,BYD,103196,142.32,23823.97,13000.0,28257.76,84.3,0.0956,5.1,117.59,2.97,25.17,11.5,3087.0,0.574,15.0,0.064,0,0,0,0.92,23305.85,13
2023-07,2023-07-01,CN,Volkswagen Group,14024,142.32,23823.97,13000.0,28257.76,84.3,0.0956,5.1,117.59,2.97,25.17,11.5,3087.0,0.574,15.0,0.064,0,0,0,0.28,41619.68,6
2023-07,2023-07-01,CN,Hyundai-Kia Group,2441,142.32,23823.97,13000.0,28257.76,84.3,0.0956,5.1,117.59,2.97,25.17,11.5,3087.0,0.574,15.0,0.064,0,0,0,0.37,38261.29,7
2023-07,2023-07-01,CN,BMW Group,8305,142.32,23823.97,13000.0,28257.76,84.3,0.0956,5.1,117.59,2.97,25.17,11.5,3087.0,0.574,15.0,0.064,0,0,0,0.1,55971.58,5
2023-07,2023-07-01,CN,Mercedes-Benz Group,4875,142.32,23823.97,13000.0,28257.76,84.3,0.0956,5.1,117.59,2.97,25.17,11.5,3087.0,0.574,15.0,0.064,0,0,0,0.08,64916.25,4
2023-07,2023-07-01,CN,Toyota,1737,142.32,23823.97,13000.0,28257.76,84.3,0.0956,5.1,117.59,2.97,25.17,11.5,3087.0,0.574,15.0,0.064,0,0,0,0.05,39500.0,2
2023-08,2023-08-01,US,Tesla,47652,142.02,22655.72,13000.0,29525.99,76.54,0.16,5.15,117.92,3.16,25.81,11.1,964.9,0.315,2.5,0.066,0,0,0,0.5,43969.89,4
2023-08,2023-08-01,US,BYD,2191,142.02,22655.72,13000.0,29525.99,76.54,0.16,5.15,117.92,3.16,25.81,11.1,964.9,0.315,27.5,0.066,0,0,0,0.92,23089.84,13
2023-08,2023-08-01,US,Volkswagen Group,6195,142.02,22655.72,13000.0,29525.99,76.54,0.16,5.15,117.92,3.16,25.81,11.1,964.9,0.315,2.5,0.066,0,0,0,0.28,41848.23,6
2023-08,2023-08-01,US,Hyundai-Kia Group,12953,142.02,22655.72,13000.0,29525.99,76.54,0.16,5.15,117.92,3.16,25.81,11.1,964.9,0.315,2.5,0.066,0,0,0,0.37,37920.68,7
2023-08,2023-08-01,US,BMW Group,4711,142.02,22655.72,13000.0,29525.99,76.54,0.16,5.15,117.92,3.16,25.81,11.1,964.9,0.315,2.5,0.066,0,0,0,0.1,56663.36,5
2023-08,2023-08-01,US,Mercedes-Benz Group,2942,142.02,22655.72,13000.0,29525.99,76.54,0.16,5.15,117.92,3.16,25.81,11.1,964.9,0.315,2.5,0.066,0,0,0,0.08,63981.24,4
2023-08,2023-08-01,US,Toyota,2986,142.02,22655.72,13000.0,29525.99,76.54,0.16,5.15,117.92,3.16,25.81,11.1,964.9,0.315,2.5,0.066,0,0,0,0.05,39500.0,2
2023-08,2023-08-01,EU,Tesla,34249,142.02,22655.72,13000.0,29525.99,76.54,0.3594,5.15,117.92,3.16,26.05,11.1,1594.4,0.32,10.0,0.068,0,0,0,0.5,43527.52,4
2023-08,2023-08-01,EU,BYD,8571,142.02,22655.72,13000.0,29525.99,76.54,0.3594,5.15,117.92,3.16,26.05,11.1,1594.4,0.32,10.0,0.068,0,0,0,0.92,23539.5,13
2023-08,2023-08-01,EU,Volkswagen Group,32804,142.02,22655.72,13000.0,29525.99,76.54,0.3594,5.15,117.92,3.16,26.05,11.1,1594.4,0.32,10.0,0.068,0,0,0,0.28,41910.48,6
2023-08,2023-08-01,EU,Hyundai-Kia Group,13966,142.02,22655.72,13000.0,29525.99,76.54,0.3594,5.15,117.92,3.16,26.05,11.1,1594.4,0.32,10.0,0.068,0,0,0,0.37,37609.08,7
2023-08,2023-08-01,EU,BMW Group,14155,142.02,22655.72,13000.0,29525.99,76.54,0.3594,5.15,117.92,3.16,26.05,11.1,1594.4,0.32,10.0,0.068,0,0,0,0.1,55950.78,5
2023-08,2023-08-01,EU,Mercedes-Benz Group,8974,142.02,22655.72,13000.0,29525.99,76.54,0.3594,5.15,117.92,3.16,26.05,11.1,1594.4,0.32,10.0,0.068,0,0,0,0.08,64405.1,4
2023-08,2023-08-01,EU,Toyota,2712,142.02,22655.72,13000.0,29525.99,76.54,0.3594,5.15,117.92,3.16,26.05,11.1,1594.4,0.32,10.0,0.068,0,0,0,0.05,39500.0,2
2023-08,2023-08-01,CN,Tesla,42861,142.02,22655.72,13000.0,29525.99,76.54,0.0957,5.15,117.92,3.16,25.76,11.1,3226.2,0.578,15.0,0.063,0,0,0,0.7,43930.35,4
2023-08,2023-08-01,CN,BYD,105278,142.02,22655.72,13000.0,29525.99,76.54,0.0957,5.15,117.92,3.16,25.76,11.1,3226.2,0.578,15.0,0.063,0,0,0,0.92,23370.87,13
2023-08,2023-08-01,CN,Volkswagen Group,16488,142.02,22655.72,13000.0,29525.99,76.54,0.0957,5.15,117.92,3.16,25.76,11.1,3226.2,0.578,15.0,0.063,0,0,0,0.28,41559.02,6
2023-08,2023-08-01,CN,Hyundai-Kia Group,2494,142.02,22655.72,13000.0,29525.99,76.54,0.0957,5.15,117.92,3.16,25.76,11.1,3226.2,0.578,15.0,0.063,0,0,0,0.37,38259.78,7
2023-08,2023-08-01,CN,BMW Group,8261,142.02,22655.72,13000.0,29525.99,76.54,0.0957,5.15,117.92,3.16,25.76,11.1,3226.2,0.578,15.0,0.063,0,0,0,0.1,56685.58,5
2023-08,2023-08-01,CN,Mercedes-Benz Group,4772,142.02,22655.72,13000.0,29525.99,76.54,0.0957,5.15,117.92,3.16,25.76,11.1,3226.2,0.578,15.0,0.063,0,0,0,0.08,64000.85,4
2023-08,2023-08-01,CN,Toyota,1812,142.02,22655.72,13000.0,29525.99,76.54,0.0957,5.15,117.92,3.16,25.76,11.1,3226.2,0.578,15.0,0.063,0,0,0,0.05,39500.0,2
2023-09,2023-09-01,US,Tesla,61115,142.81,20951.6,13000.0,30985.56,77.98,0.1606,5.2,118.61,3.09,26.04,11.7,994.4,0.317,2.5,0.065,0,0,0,0.5,43638.52,4
2023-09,2023-09-01,US,BYD,2550,142.81,20951.6,13000.0,30985.56,77.98,0.1606,5.2,118.61,3.09,26.04,11.7,994.4,0.317,27.5,0.065,0,0,0,0.92,23408.59,13
2023-09,2023-09-01,US,Volkswagen Group,8132,142.81,20951.6,13000.0,30985.56,77.98,0.1606,5.2,118.61,3.09,26.04,11.7,994.4,0.317,2.5,0.065,0,0,0,0.28,41592.56,6
2023-09,2023-09-01,US,Hyundai-Kia Group,16962,142.81,20951.6,13000.0,30985.56,77.98,0.1606,5.2,118.61,3.09,26.04,11.7,994.4,0.317,2.5,0.065,0,0,0,0.38,37994.93,7
2023-09,2023-09-01,US,BMW Group,5779,142.81,20951.6,13000.0,30985.56,77.98,0.1606,5.2,118.61,3.09,26.04,11.7,994.4,0.317,2.5,0.065,0,0,0,0.1,56035.87,5
2023-09,2023-09-01,US,Mercedes-Benz Group,3783,142.81,20951.6,13000.0,30985.56,77.98,0.1606,5.2,118.61,3.09,26.04,11.7,994.4,0.317,2.5,0.065,0,0,0,0.08,64450.49,4
2023-09,2023-09-01,US,Toyota,3608,142.81,20951.6,13000.0,30985.56,77.98,0.1606,5.2,118.61,3.09,26.04,11.7,994.4,0.317,2.5,0.065,0,0,0,0.05,39500.0,2
2023-09,2023-09-01,EU,Tesla,44760,142.81,20951.6,13000.0,30985.56,77.98,0.3602,5.2,118.61,3.09,23.64,11.7,1591.7,0.323,10.0,0.067,0,0,0,0.5,43516.35,4
2023-09,2023-09-01,EU,BYD,10838,142.81,20951.6,13000.0,30985.56,77.98,0.3602,5.2,118.61,3.09,23.64,11.7,1591.7,0.323,10.0,0.067,0,0,0,0.92,23618.7,13
2023-09,2023-09-01,EU,Volkswagen Group,40428,142.81,20951.6,13000.0,30985.56,77.98,0.3602,5.2,118.61,3.09,23.64,11.7,1591.7,0.323,10.0,0.067,0,0,0,0.28,41737.98,6
2023-09,2023-09-01,EU,Hyundai-Kia Group,17650,142.81,20951.6,13000.0,30985.56,77.98,0.3602,5.2,118.61,3.09,23.64,11.7,1591.7,0.323,10.0,0.067,0,0,0,0.38,38185.07,7
2023-09,2023-09-01,EU,BMW Group,16545,142.81,20951.6,13000.0,30985.56,77.98,0.3602,5.2,118.61,3.09,23.64,11.7,1591.7,0.323,10.0,0.067,0,0,0,0.1,56784.78,5
2023-09,2023-09-01,EU,Mercedes-Benz Group,11600,142.81,20951.6,13000.0,30985.56,77.98,0.3602,5.2,118.61,3.09,23.64,11.7,1591.7,0.323,10.0,0.067,0,0,0,0.08,64055.36,4
2023-09,2023-09-01,EU,Toyota,3236,142.81,20951.6,13000.0,30985.56,77.98,0.3602,5.2,118.61,3.09,23.64,11.7,1591.7,0.323,10.0,0.067,0,0,0,0.05,39500.0,2
2023-09,2023-09-01,CN,Tesla,51935,142.81,20951.6,13000.0,30985.56,77.98,0.0959,5.2,118.61,3.09,25.69,11.7,3176.5,0.581,15.0,0.061,0,0,0,0.7,43254.2,4
2023-09,2023-09-01,CN,BYD,121327,142.81,20951.6,13000.0,30985.56,77.98,0.0959,5.2,118.61,3.09,25.69,11.7,3176.5,0.581,15.0,0.061,0,0,0,0.92,23702.54,13
2023-09,2023-09-01,CN,Volkswagen Group,19036,142.81,20951.6,13000.0,30985.56,77.98,0.0959,5.2,118.61,3.09,25.69,11.7,3176.5,0.581,15.0,0.061,0,0,0,0.28,41880.12,6
2023-09,2023-09-01,CN,Hyundai-Kia Group,3006,142.81,20951.6,13000.0,30985.56,77.98,0.0959,5.2,118.61,3.09,25.69,11.7,3176.5,0.581,15.0,0.061,0,0,0,0.38,37467.79,7
2023-09,2023-09-01,CN,BMW Group,9792,142.81,20951.6,13000.0,30985.56,77.98,0.0959,5.2,118.61,3.09,25.69,11.7,3176.5,0.581,15.0,0.061,0,0,0,0.1,56794.32,5
2023-09,2023-09-01,CN,Mercedes-Benz Group,6033,142.81,20951.6,13000.0,30985.56,77.98,0.0959,5.2,118.61,3.09,25.69,11.7,3176.5,0.581,15.0,0.061,0,0,0,0.08,63965.86,4
2023-09,2023-09-01,CN,Toyota,2351,142.81,20951.6,13000.0,30985.56,77.98,0.0959,5.2,118.61,3.09,25.69,11.7,3176.5,0.581,15.0,0.061,0,0,0,0.05,39500.0,2
2023-10,2023-10-01,US,Tesla,55248,139.57,19201.43,13000.0,32840.05,74.02,0.1613,5.25,118.82,3.37,25.73,11.2,996.3,0.319,2.5,0.064,0,0,0,0.5,43559.84,4
2023-10,2023-10-01,US,BYD,2348,139.57,19201.43,13000.0,32840.05,74.02,0.1613,5.25,118.82,3.37,25.73,11.2,996.3,0.319,27.5,0.064,0,0,0,0.92,23478.92,13
2023-10,2023-10-01,US,Volkswagen Group,6860,139.57,19201.43,13000.0,32840.05,74.02,0.1613,5.25,118.82,3.37,25.73,11.2,996.3,0.319,2.5,0.064,0,0,0,0.29,41617.06,6
2023-10,2023-10-01,US,Hyundai-Kia Group,15470,139.57,19201.43,13000.0,32840.05,74.02,0.1613,5.25,118.82,3.37,25.73,11.2,996.3,0.319,2.5,0.064,0,0,0,0.38,37346.14,7
2023-10,2023-10-01,US,BMW Group,5019,139.57,19201.43,13000.0,32840.05,74.02,0.1613,5.25,118.82,3.37,25.73,11.2,996.3,0.319,2.5,0.064,0,0,0,0.1,55651.39,5
2023-10,2023-10-01,US,Mercedes-Benz Group,3241,139.57,19201.43,13000.0,32840.05,74.02,0.1613,5.25,118.82,3.37,25.73,11.2,996.3,0.319,2.5,0.064,0,0,0,0.08,64158.28,5
2023-10,2023-10-01,US,Toyota,3028,139.57,19201.43,13000.0,32840.05,74.02,0.1613,5.25,118.82,3.37,25.73,11.2,996.3,0.319,2.5,0.064,0,0,0,0.05,39500.0,2
2023-10,2023-10-01,EU,Tesla,38678,139.57,19201.43,13000.0,32840.05,74.02,0.361,5.25,118.82,3.37,24.65,11.2,1611.4,0.326,10.0,0.066,0,0,0,0.5,43570.8,4
2023-10,2023-10-01,EU,BYD,9680,139.57,19201.43,13000.0,32840.05,74.02,0.361,5.25,118.82,3.37,24.65,11.2,1611.4,0.326,10.0,0.066,0,0,0,0.92,23560.36,13
2023-10,2023-10-01,EU,Volkswagen Group,35757,139.57,19201.43,13000.0,32840.05,74.02,0.361,5.25,118.82,3.37,24.65,11.2,1611.4,0.326,10.0,0.066,0,0,0,0.29,41268.5,6
2023-10,2023-10-01,EU,Hyundai-Kia Group,16216,139.57,19201.43,13000.0,32840.05,74.02,0.361,5.25,118.82,3.37,24.65,11.2,1611.4,0.326,10.0,0.066,0,0,0,0.38,38302.14,7
2023-10,2023-10-01,EU,BMW Group,14742,139.57,19201.43,13000.0,32840.05,74.02,0.361,5.25,118.82,3.37,24.65,11.2,1611.4,0.326,10.0,0.066,0,0,0,0.1,56581.89,5
2023-10,2023-10-01,EU,Mercedes-Benz Group,10494,139.57,19201.43,13000.0,32840.05,74.02,0.361,5.25,118.82,3.37,24.65,11.2,1611.4,0.326,10.0,0.066,0,0,0,0.08,63625.87,5
2023-10,2023-10-01,EU,Toyota,2939,139.57,19201.43,13000.0,32840.05,74.02,0.361,5.25,118.82,3.37,24.65,11.2,1611.4,0.326,10.0,0.066,0,0,0,0.05,39500.0,2
2023-10,2023-10-01,CN,Tesla,47041,139.57,19201.43,13000.0,32840.05,74.02,0.0961,5.25,118.82,3.37,24.55,11.2,3290.8,0.584,15.0,0.059,0,0,0,0.7,43855.3,4
2023-10,2023-10-01,CN,BYD,116010,139.57,19201.43,13000.0,32840.05,74.02,0.0961,5.25,118.82,3.37,24.55,11.2,3290.8,0.584,15.0,0.059,0,0,0,0.92,23635.3,13
2023-10,2023-10-01,CN,Volkswagen Group,17710,139.57,19201.43,13000.0,32840.05,74.02,0.0961,5.25,118.82,3.37,24.55,11.2,3290.8,0.584,15.0,0.059,0,0,0,0.29,41467.21,6
2023-10,2023-10-01,CN,Hyundai-Kia Group,2644,139.57,19201.43,13000.0,32840.05,74.02,0.0961,5.25,118.82,3.37,24.55,11.2,3290.8,0.584,15.0,0.059,0,0,0,0.38,38214.2,7
2023-10,2023-10-01,CN,BMW Group,9495,139.57,19201.43,13000.0,32840.05,74.02,0.0961,5.25,118.82,3.37,24.55,11.2,3290.8,0.584,15.0,0.059,0,0,0,0.1,56158.24,5
2023-10,2023-10-01,CN,Mercedes-Benz Group,5461,139.57,19201.43,13000.0,32840.05,74.02,0.0961,5.25,118.82,3.37,24.55,11.2,3290.8,0.584,15.0,0.059,0,0,0,0.08,63434.45,5
2023-10,2023-10-01,CN,Toyota,2144,139.57,19201.43,13000.0,32840.05,74.02,0.0961,5.25,118.82,3.37,24.55,11.2,3290.8,0.584,15.0,0.059,0,0,0,0.05,39500.0,2
2023-11,2023-11-01,US,Tesla,64092,138.8,17457.65,13000.0,33665.8,79.69,0.1619,5.3,119.12,3.38,25.24,11.9,1021.0,0.321,2.5,0.063,0,0,0,0.5,43687.81,5
2023-11,2023-11-01,US,BYD,2762,138.8,17457.65,13000.0,33665.8,79.69,0.1619,5.3,119.12,3.38,25.24,11.9,1021.0,0.321,27.5,0.063,0,0,0,0.92,23248.68,13
2023-11,2023-11-01,US,Volkswagen Group,8711,138.8,17457.65,13000.0,33665.8,79.69,0.1619,5.3,119.12,3.38,25.24,11.9,1021.0,0.321,2.5,0.063,0,0,0,0.29,41694.44,6
2023-11,2023-11-01,US,Hyundai-Kia Group,16650,138.8,17457.65,13000.0,33665.8,79.69,0.1619,5.3,119.12,3.38,25.24,11.9,1021.0,0.321,2.5,0.063,0,0,0,0.38,38026.91,7
2023-11,2023-11-01,US,BMW Group,5924,138.8,17457.65,13000.0,33665.8,79.69,0.1619,5.3,119.12,3.38,25.24,11.9,1021.0,0.321,2.5,0.063,0,0,0,0.1,56305.39,5
2023-11,2023-11-01,US,Mercedes-Benz Group,3892,138.8,17457.65,13000.0,33665.8,79.69,0.1619,5.3,119.12,3.38,25.24,11.9,1021.0,0.321,2.5,0.063,0,0,0,0.08,64042.8,5
2023-11,2023-11-01,US,Toyota,3605,138.8,17457.65,13000.0,33665.8,79.69,0.1619,5.3,119.12,3.38,25.24,11.9,1021.0,0.321,2.5,0.063,0,0,0,0.05,39500.0,2
2023-11,2023-11-01,EU,Tesla,43285,138.8,17457.65,13000.0,33665.8,79.69,0.3618,5.3,119.12,3.38,24.81,11.9,1638.7,0.329,10.0,0.065,0,0,0,0.5,43419.85,5
2023-11,2023-11-01,EU,BYD,11210,138.8,17457.65,13000.0,33665.8,79.69,0.3618,5.3,119.12,3.38,24.81,11.9,1638.7,0.329,10.0,0.065,0,0,0,0.92,23706.41,13
2023-11,2023-11-01,EU,Volkswagen Group,44176,138.8,17457.65,13000.0,33665.8,79.69,0.3618,5.3,119.12,3.38,24.81,11.9,1638.7,0.329,10.0,0.065,0,0,0,0.29,41105.98,6
2023-11,2023-11-01,EU,Hyundai-Kia Group,17947,138.8,17457.65,13000.0,33665.8,79.69,0.3618,5.3,119.12,3.38,24.81,11.9,1638.7,0.329,10.0,0.065,0,0,0,0.38,37969.91,7
2023-11,2023-11-01,EU,BMW Group,18092,138.8,17457.65,13000.0,33665.8,79.69,0.3618,5.3,119.12,3.38,24.81,11.9,1638.7,0.329,10.0,0.065,0,0,0,0.1,56230.38,5
2023-11,2023-11-01,EU,Mercedes-Benz Group,12123,138.8,17457.65,13000.0,33665.8,79.69,0.3618,5.3,119.12,3.38,24.81,11.9,1638.7,0.329,10.0,0.065,0,0,0,0.08,64401.12,5
2023-11,2023-11-01,EU,Toyota,3183,138.8,17457.65,13000.0,33665.8,79.69,0.3618,5.3,119.12,3.38,24.81,11.9,1638.7,0.329,10.0,0.065,0,0,0,0.05,39500.0,2
2023-11,2023-11-01,CN,Tesla,54179,138.8,17457.65,13000.0,33665.8,79.69,0.0963,5.3,119.12,3.38,26.25,11.9,3325.4,0.587,15.0,0.057,0,0,0,0.7,43451.38,5
2023-11,2023-11-01,CN,BYD,134713,138.8,17457.65,13000.0,33665.8,79.69,0.0963,5.3,119.12,3.38,26.25,11.9,3325.4,0.587,15.0,0.057,0,0,0,0.92,23528.14,13
2023-11,2023-11-01,CN,Volkswagen Group,20769,138.8,17457.65,13000.0,33665.8,79.69,0.0963,5.3,119.12,3.38,26.25,11.9,3325.4,0.587,15.0,0.057,0,0,0,0.29,41989.16,6
2023-11,2023-11-01,CN,Hyundai-Kia Group,3084,138.8,17457.65,13000.0,33665.8,79.69,0.0963,5.3,119.12,3.38,26.25,11.9,3325.4,0.587,15.0,0.057,0,0,0,0.38,37405.69,7
2023-11,2023-11-01,CN,BMW Group,10600,138.8,17457.65,13000.0,33665.8,79.69,0.0963,5.3,119.12,3.38,26.25,11.9,3325.4,0.587,15.0,0.057,0,0,0,0.1,56488.63,5
2023-11,2023-11-01,CN,Mercedes-Benz Group,6223,138.8,17457.65,13000.0,33665.8,79.69,0.0963,5.3,119.12,3.38,26.25,11.9,3325.4,0.587,15.0,0.057,0,0,0,0.08,64886.63,5
2023-11,2023-11-01,CN,Toyota,2316,138.8,17457.65,13000.0,33665.8,79.69,0.0963,5.3,119.12,3.38,26.25,11.9,3325.4,0.587,15.0,0.057,0,0,0,0.05,39500.0,2
2023-12,2023-12-01,US,Tesla,72333,140.79,15754.33,13357.87,35239.23,75.7,0.1626,5.35,119.63,3.53,25.65,11.7,1034.0,0.323,2.5,0.062,0,0,0,0.5,43325.85,5
2023-12,2023-12-01,US,BYD,3287,140.79,15754.33,13357.87,35239.23,75.7,0.1626,5.35,119.63,3.53,25.65,11.7,1034.0,0.323,27.5,0.062,0,0,0,0.92,23516.38,13
2023-12,2023-12-01,US,Volkswagen Group,10364,140.79,15754.33,13357.87,35239.23,75.7,0.1626,5.35,119.63,3.53,25.65,11.7,1034.0,0.323,2.5,0.062,0,0,0,0.29,40833.05,6
2023-12,2023-12-01,US,Hyundai-Kia Group,21457,140.79,15754.33,13357.87,35239.23,75.7,0.1626,5.35,119.63,3.53,25.65,11.7,1034.0,0.323,2.5,0.062,0,0,0,0.39,37656.31,7
2023-12,2023-12-01,US,BMW Group,7167,140.79,15754.33,13357.87,35239.23,75.7,0.1626,5.35,119.63,3.53,25.65,11.7,1034.0,0.323,2.5,0.062,0,0,0,0.1,56466.15,5
2023-12,2023-12-01,US,Mercedes-Benz Group,4681,140.79,15754.33,13357.87,35239.23,75.7,0.1626,5.35,119.63,3.53,25.65,11.7,1034.0,0.323,2.5,0.062,0,0,0,0.08,64405.31,5
2023-12,2023-12-01,US,Toyota,4588,140.79,15754.33,13357.87,35239.23,75.7,0.1626,5.35,119.63,3.53,25.65,11.7,1034.0,0.323,2.5,0.062,0,0,0,0.05,39500.0,2
2023-12,2023-12-01,EU,Tesla,51572,140.79,15754.33,13357.87,35239.23,75.7,0.3626,5.35,119.63,3.53,25.14,11.7,1667.5,0.332,10.0,0.064,0,0,0,0.5,43082.38,5
2023-12,2023-12-01,EU,BYD,15122,140.79,15754.33,13357.87,35239.23,75.7,0.3626,5.35,119.63,3.53,25.14,11.7,1667.5,0.332,10.0,0.064,0,0,0,0.92,23863.94,13
2023-12,2023-12-01,EU,Volkswagen Group,48422,140.79,15754.33,13357.87,35239.23,75.7,0.3626,5.35,119.63,3.53,25.14,11.7,1667.5,0.332,10.0,0.064,0,0,0,0.29,40813.26,6
2023-12,2023-12-01,EU,Hyundai-Kia Group,21742,140.79,15754.33,13357.87,35239.23,75.7,0.3626,5.35,119.63,3.53,25.14,11.7,1667.5,0.332,10.0,0.064,0,0,0,0.39,37904.18,7
2023-12,2023-12-01,EU,BMW Group,21802,140.79,15754.33,13357.87,35239.23,75.7,0.3626,5.35,119.63,3.53,25.14,11.7,1667.5,0.332,10.0,0.064,0,0,0,0.1,56048.02,5
2023-12,2023-12-01,EU,Mercedes-Benz Group,14171,140.79,15754.33,13357.87,35239.23,75.7,0.3626,5.35,119.63,3.53,25.14,11.7,1667.5,0.332,10.0,0.064,0,0,0,0.08,64283.94,5
2023-12,2023-12-01,EU,Toyota,3996,140.79,15754.33,13357.87,35239.23,75.7,0.3626,5.35,119.63,3.53,25.14,11.7,1667.5,0.332,10.0,0.064,0,0,0,0.05,39500.0,2
2023-12,2023-12-01,CN,Tesla,65351,140.79,15754.33,13357.87,35239.23,75.7,0.0965,5.35,119.63,3.53,25.45,11.7,3311.6,0.59,15.0,0.055,0,0,0,0.7,43382.56,5
2023-12,2023-12-01,CN,BYD,174634,140.79,15754.33,13357.87,35239.23,75.7,0.0965,5.35,119.63,3.53,25.45,11.7,3311.6,0.59,15.0,0.055,0,0,0,0.92,23688.5,13
2023-12,2023-12-01,CN,Volkswagen Group,24056,140.79,15754.33,13357.87,35239.23,75.7,0.0965,5.35,119.63,3.53,25.45,11.7,3311.6,0.59,15.0,0.055,0,0,0,0.29,41486.54,6
2023-12,2023-12-01,CN,Hyundai-Kia Group,3885,140.79,15754.33,13357.87,35239.23,75.7,0.0965,5.35,119.63,3.53,25.45,11.7,3311.6,0.59,15.0,0.055,0,0,0,0.39,37866.03,7
2023-12,2023-12-01,CN,BMW Group,12945,140.79,15754.33,13357.87,35239.23,75.7,0.0965,5.35,119.63,3.53,25.45,11.7,3311.6,0.59,15.0,0.055,0,0,0,0.1,56972.62,5
2023-12,2023-12-01,CN,Mercedes-Benz Group,7311,140.79,15754.33,13357.87,35239.23,75.7,0.0965,5.35,119.63,3.53,25.45,11.7,3311.6,0.59,15.0,0.055,0,0,0,0.08,64356.82,5
2023-12,2023-12-01,CN,Toyota,2839,140.79,15754.33,13357.87,35239.23,75.7,0.0965,5.35,119.63,3.53,25.45,11.7,3311.6,0.59,15.0,0.055,0,0,0,0.05,39500.0,2
2024-01,2024-01-01,US,Tesla,41060,125.27,12987.26,14293.67,34726.42,78.3,0.1632,5.25,119.91,3.4,34.78,11.4,1039.5,0.326,102.5,0.062,1,0,0,0.5,43948.01,5
2024-01,2024-01-01,US,BYD,526,125.27,12987.26,14293.67,34726.42,78.3,0.1632,5.25,119.91,3.4,34.78,11.4,1039.5,0.326,102.5,0.062,1,0,0,0.92,23384.48,14
2024-01,2024-01-01,US,Volkswagen Group,4656,125.27,12987.26,14293.67,34726.42,78.3,0.1632,5.25,119.91,3.4,34.78,11.4,1039.5,0.326,102.5,0.062,1,0,0,0.29,41446.41,7
2024-01,2024-01-01,US,Hyundai-Kia Group,11958,125.27,12987.26,14293.67,34726.42,78.3,0.1632,5.25,119.91,3.4,34.78,11.4,1039.5,0.326,102.5,0.062,1,0,0,0.39,37184.21,7
2024-01,2024-01-01,US,BMW Group,3819,125.27,12987.26,14293.67,34726.42,78.3,0.1632,5.25,119.91,3.4,34.78,11.4,1039.5,0.326,102.5,0.062,1,0,0,0.1,56848.39,5
2024-01,2024-01-01,US,Mercedes-Benz Group,2170,125.27,12987.26,14293.67,34726.42,78.3,0.1632,5.25,119.91,3.4,34.78,11.4,1039.5,0.326,102.5,0.062,1,0,0,0.08,63645.85,5
2024-01,2024-01-01,US,Toyota,3029,125.27,12987.26,14293.67,34726.42,78.3,0.1632,5.25,119.91,3.4,34.78,11.4,1039.5,0.326,102.5,0.062,1,0,0,0.05,39500.0,2
2024-01,2024-01-01,EU,Tesla,26466,125.27,12987.26,14293.67,34726.42,78.3,0.2734,5.25,119.91,3.4,34.95,11.4,1664.4,0.334,20.0,0.062,0,0,0,0.5,43497.28,5
2024-01,2024-01-01,EU,BYD,7394,125.27,12987.26,14293.67,34726.42,78.3,0.2734,5.25,119.91,3.4,34.95,11.4,1664.4,0.334,20.0,0.062,0,0,0,0.92,23677.14,14
2024-01,2024-01-01,EU,Volkswagen Group,23467,125.27,12987.26,14293.67,34726.42,78.3,0.2734,5.25,119.91,3.4,34.95,11.4,1664.4,0.334,20.0,0.062,0,0,0,0.29,41216.62,7
2024-01,2024-01-01,EU,Hyundai-Kia Group,11054,125.27,12987.26,14293.67,34726.42,78.3,0.2734,5.25,119.91,3.4,34.95,11.4,1664.4,0.334,20.0,0.062,0,0,0,0.39,37537.57,7
2024-01,2024-01-01,EU,BMW Group,11624,125.27,12987.26,14293.67,34726.42,78.3,0.2734,5.25,119.91,3.4,34.95,11.4,1664.4,0.334,20.0,0.062,0,0,0,0.1,56360.45,5
2024-01,2024-01-01,EU,Mercedes-Benz Group,6742,125.27,12987.26,14293.67,34726.42,78.3,0.2734,5.25,119.91,3.4,34.95,11.4,1664.4,0.334,20.0,0.062,0,0,0,0.08,63962.69,5
2024-01,2024-01-01,EU,Toyota,2658,125.27,12987.26,14293.67,34726.42,78.3,0.2734,5.25,119.91,3.4,34.95,11.4,1664.4,0.334,20.0,0.062,0,0,0,0.05,39500.0,2
2024-01,2024-01-01,CN,Tesla,32999,125.27,12987.26,14293.67,34726.42,78.3,0.0966,5.25,119.91,3.4,34.71,11.4,3375.0,0.594,15.0,0.054,0,0,0,0.7,44006.24,5
2024-01,2024-01-01,CN,BYD,85742,125.27,12987.26,14293.67,34726.42,78.3,0.0966,5.25,119.91,3.4,34.71,11.4,3375.0,0.594,15.0,0.054,0,0,0,0.92,23952.84,14
2024-01,2024-01-01,CN,Volkswagen Group,12044,125.27,12987.26,14293.67,34726.42,78.3,0.0966,5.25,119.91,3.4,34.71,11.4,3375.0,0.594,15.0,0.054,0,0,0,0.29,41224.19,7
2024-01,2024-01-01,CN,Hyundai-Kia Group,2162,125.27,12987.26,14293.67,34726.42,78.3,0.0966,5.25,119.91,3.4,34.71,11.4,3375.0,0.594,15.0,0.054,0,0,0,0.39,37771.63,7
2024-01,2024-01-01,CN,BMW Group,7253,125.27,12987.26,14293.67,34726.42,78.3,0.0966,5.25,119.91,3.4,34.71,11.4,3375.0,0.594,15.0,0.054,0,0,0,0.1,56078.75,5
2024-01,2024-01-01,CN,Mercedes-Benz Group,3649,125.27,12987.26,14293.67,34726.42,78.3,0.0966,5.25,119.91,3.4,34.71,11.4,3375.0,0.594,15.0,0.054,0,0,0,0.08,64628.23,5
2024-01,2024-01-01,CN,Toyota,1919,125.27,12987.26,14293.67,34726.42,78.3,0.0966,5.25,119.91,3.4,34.71,11.4,3375.0,0.594,15.0,0.054,0,0,0,0.05,39500.0,2
2024-02,2024-02-01,US,Tesla,39564,124.68,12809.92,14917.29,36000.82,74.86,0.1638,5.25,120.57,3.36,34.46,12.7,1046.8,0.328,102.5,0.061,1,0,0,0.5,43470.02,5
2024-02,2024-02-01,US,BYD,448,124.68,12809.92,14917.29,36000.82,74.86,0.1638,5.25,120.57,3.36,34.46,12.7,1046.8,0.328,102.5,0.061,1,0,0,0.92,23329.69,14
2024-02,2024-02-01,US,Volkswagen Group,4596,124.68,12809.92,14917.29,36000.82,74.86,0.1638,5.25,120.57,3.36,34.46,12.7,1046.8,0.328,102.5,0.061,1,0,0,0.3,40879.39,7
2024-02,2024-02-01,US,Hyundai-Kia Group,10167,124.68,12809.92,14917.29,36000.82,74.86,0.1638,5.25,120.57,3.36,34.46,12.7,1046.8,0.328,102.5,0.061,1,0,0,0.4,37392.7,7
2024-02,2024-02-01,US,BMW Group,3845,124.68,12809.92,14917.29,36000.82,74.86,0.1638,5.25,120.57,3.36,34.46,12.7,1046.8,0.328,102.5,0.061,1,0,0,0.1,55808.1,5
2024-02,2024-02-01,US,Mercedes-Benz Group,1880,124.68,12809.92,14917.29,36000.82,74.86,0.1638,5.25,120.57,3.36,34.46,12.7,1046.8,0.328,102.5,0.061,1,0,0,0.08,64488.53,5
2024-02,2024-02-01,US,Toyota,2943,124.68,12809.92,14917.29,36000.82,74.86,0.1638,5.25,120.57,3.36,34.46,12.7,1046.8,0.328,102.5,0.061,1,0,0,0.05,39500.0,2
2024-02,2024-02-01,EU,Tesla,24795,124.68,12809.92,14917.29,36000.82,74.86,0.2742,5.25,120.57,3.36,34.04,12.7,1728.3,0.337,20.0,0.061,0,0,0,0.5,43108.04,5
2024-02,2024-02-01,EU,BYD,7439,124.68,12809.92,14917.29,36000.82,74.86,0.2742,5.25,120.57,3.36,34.04,12.7,1728.3,0.337,20.0,0.061,0,0,0,0.92,23838.67,14
2024-02,2024-02-01,EU,Volkswagen Group,22524,124.68,12809.92,14917.29,36000.82,74.86,0.2742,5.25,120.57,3.36,34.04,12.7,1728.3,0.337,20.0,0.061,0,0,0,0.3,41094.6,7
2024-02,2024-02-01,EU,Hyundai-Kia Group,11025,124.68,12809.92,14917.29,36000.82,74.86,0.2742,5.25,120.57,3.36,34.04,12.7,1728.3,0.337,20.0,0.061,0,0,0,0.4,38016.75,7
2024-02,2024-02-01,EU,BMW Group,11727,124.68,12809.92,14917.29,36000.82,74.86,0.2742,5.25,120.57,3.36,34.04,12.7,1728.3,0.337,20.0,0.061,0,0,0,0.1,56365.62,5
2024-02,2024-02-01,EU,Mercedes-Benz Group,6267,124.68,12809.92,14917.29,36000.82,74.86,0.2742,5.25,120.57,3.36,34.04,12.7,1728.3,0.337,20.0,0.061,0,0,0,0.08,64745.23,5
2024-02,2024-02-01,EU,Toyota,2565,124.68,12809.92,14917.29,36000.82,74.86,0.2742,5.25,120.57,3.36,34.04,12.7,1728.3,0.337,20.0,0.061,0,0,0,0.05,39500.0,2
2024-02,2024-02-01,CN,Tesla,31719,124.68,12809.92,14917.29,36000.82,74.86,0.0968,5.25,120.57,3.36,36.07,12.7,3434.8,0.597,15.0,0.052,0,0,0,0.7,42977.09,5
2024-02,2024-02-01,CN,BYD,82156,124.68,12809.92,14917.29,36000.82,74.86,0.0968,5.25,120.57,3.36,36.07,12.7,3434.8,0.597,15.0,0.052,0,0,0,0.92,23764.32,14
2024-02,2024-02-01,CN,Volkswagen Group,11116,124.68,12809.92,14917.29,36000.82,74.86,0.0968,5.25,120.57,3.36,36.07,12.7,3434.8,0.597,15.0,0.052,0,0,0,0.3,41129.19,7
2024-02,2024-02-01,CN,Hyundai-Kia Group,1940,124.68,12809.92,14917.29,36000.82,74.86,0.0968,5.25,120.57,3.36,36.07,12.7,3434.8,0.597,15.0,0.052,0,0,0,0.4,38089.99,7
2024-02,2024-02-01,CN,BMW Group,6956,124.68,12809.92,14917.29,36000.82,74.86,0.0968,5.25,120.57,3.36,36.07,12.7,3434.8,0.597,15.0,0.052,0,0,0,0.1,56126.25,5
2024-02,2024-02-01,CN,Mercedes-Benz Group,3395,124.68,12809.92,14917.29,36000.82,74.86,0.0968,5.25,120.57,3.36,36.07,12.7,3434.8,0.597,15.0,0.052,0,0,0,0.08,63523.74,5
2024-02,2024-02-01,CN,Toyota,1862,124.68,12809.92,14917.29,36000.82,74.86,0.0968,5.25,120.57,3.36,36.07,12.7,3434.8,0.597,15.0,0.052,0,0,0,0.05,39500.0,2
2024-03,2024-03-01,US,Tesla,64351,120.99,14049.29,15759.17,36598.61,74.04,0.1645,5.25,120.93,3.07,34.22,12.0,1087.2,0.33,102.5,0.06,1,0,0,0.5,43153.24,5
2024-03,2024-03-01,US,BYD,873,120.99,14049.29,15759.17,36598.61,74.04,0.1645,5.25,120.93,3.07,34.22,12.0,1087.2,0.33,102.5,0.06,1,0,0,0.92,23618.43,14
2024-03,2024-03-01,US,Volkswagen Group,7252,120.99,14049.29,15759.17,36598.61,74.04,0.1645,5.25,120.93,3.07,34.22,12.0,1087.2,0.33,102.5,0.06,1,0,0,0.3,40672.42,7
2024-03,2024-03-01,US,Hyundai-Kia Group,17083,120.99,14049.29,15759.17,36598.61,74.04,0.1645,5.25,120.93,3.07,34.22,12.0,1087.2,0.33,102.5,0.06,1,0,0,0.4,37551.55,8
2024-03,2024-03-01,US,BMW Group,6172,120.99,14049.29,15759.17,36598.61,74.04,0.1645,5.25,120.93,3.07,34.22,12.0,1087.2,0.33,102.5,0.06,1,0,0,0.1,55529.76,5
2024-03,2024-03-01,US,Mercedes-Benz Group,3087,120.99,14049.29,15759.17,36598.61,74.04,0.1645,5.25,120.93,3.07,34.22,12.0,1087.2,0.33,102.5,0.06,1,0,0,0.08,64298.61,5
2024-03,2024-03-01,US,Toyota,4280,120.99,14049.29,15759.17,36598.61,74.04,0.1645,5.25,120.93,3.07,34.22,12.0,1087.2,0.33,102.5,0.06,1,0,0,0.05,39500.0,2
2024-03,2024-03-01,EU,Tesla,40101,120.99,14049.29,15759.17,36598.61,74.04,0.275,5.25,120.93,3.07,33.86,12.0,1750.6,0.34,20.0,0.06,0,0,0,0.5,42630.24,5
2024-03,2024-03-01,EU,BYD,11611,120.99,14049.29,15759.17,36598.61,74.04,0.275,5.25,120.93,3.07,33.86,12.0,1750.6,0.34,20.0,0.06,0,0,0,0.92,23875.13,14
2024-03,2024-03-01,EU,Volkswagen Group,35272,120.99,14049.29,15759.17,36598.61,74.04,0.275,5.25,120.93,3.07,33.86,12.0,1750.6,0.34,20.0,0.06,0,0,0,0.3,41174.61,7
2024-03,2024-03-01,EU,Hyundai-Kia Group,17125,120.99,14049.29,15759.17,36598.61,74.04,0.275,5.25,120.93,3.07,33.86,12.0,1750.6,0.34,20.0,0.06,0,0,0,0.4,37338.35,8
2024-03,2024-03-01,EU,BMW Group,17332,120.99,14049.29,15759.17,36598.61,74.04,0.275,5.25,120.93,3.07,33.86,12.0,1750.6,0.34,20.0,0.06,0,0,0,0.1,55214.95,5
2024-03,2024-03-01,EU,Mercedes-Benz Group,9882,120.99,14049.29,15759.17,36598.61,74.04,0.275,5.25,120.93,3.07,33.86,12.0,1750.6,0.34,20.0,0.06,0,0,0,0.08,63217.6,5
2024-03,2024-03-01,EU,Toyota,3970,120.99,14049.29,15759.17,36598.61,74.04,0.275,5.25,120.93,3.07,33.86,12.0,1750.6,0.34,20.0,0.06,0,0,0,0.05,39500.0,2
2024-03,2024-03-01,CN,Tesla,48153,120.99,14049.29,15759.17,36598.61,74.04,0.097,5.25,120.93,3.07,35.49,12.0,3494.7,0.6,15.0,0.05,0,0,0,0.7,42901.17,5
2024-03,2024-03-01,CN,BYD,133859,120.99,14049.29,15759.17,36598.61,74.04,0.097,5.25,120.93,3.07,35.49,12.0,3494.7,0.6,15.0,0.05,0,0,0,0.92,23817.01,14
2024-03,2024-03-01,CN,Volkswagen Group,17340,120.99,14049.29,15759.17,36598.61,74.04,0.097,5.25,120.93,3.07,35.49,12.0,3494.7,0.6,15.0,0.05,0,0,0,0.3,41140.78,7
2024-03,2024-03-01,CN,Hyundai-Kia Group,2863,120.99,14049.29,15759.17,36598.61,74.04,0.097,5.25,120.93,3.07,35.49,12.0,3494.7,0.6,15.0,0.05,0,0,0,0.4,37727.04,8
2024-03,2024-03-01,CN,BMW Group,10744,120.99,14049.29,15759.17,36598.61,74.04,0.097,5.25,120.93,3.07,35.49,12.0,3494.7,0.6,15.0,0.05,0,0,0,0.1,55593.33,5
2024-03,2024-03-01,CN,Mercedes-Benz Group,5124,120.99,14049.29,15759.17,36598.61,74.04,0.097,5.25,120.93,3.07,35.49,12.0,3494.7,0.6,15.0,0.05,0,0,0,0.08,63980.35,5
2024-03,2024-03-01,CN,Toyota,2869,120.99,14049.29,15759.17,36598.61,74.04,0.097,5.25,120.93,3.07,35.49,12.0,3494.7,0.6,15.0,0.05,0,0,0,0.05,39500.0,2
2024-04,2024-04-01,US,Tesla,52762,122.15,14778.64,17790.86,37107.98,79.32,0.1652,5.25,121.5,3.34,35.15,13.6,1103.4,0.332,102.5,0.059,1,0,0,0.5,42933.47,5
2024-04,2024-04-01,US,BYD,633,122.15,14778.64,17790.86,37107.98,79.32,0.1652,5.25,121.5,3.34,35.15,13.6,1103.4,0.332,102.5,0.059,1,0,0,0.92,23724.72,14
2024-04,2024-04-01,US,Volkswagen Group,6164,122.15,14778.64,17790.86,37107.98,79.32,0.1652,5.25,121.5,3.34,35.15,13.6,1103.4,0.332,102.5,0.059,1,0,0,0.3,40684.47,7
2024-04,2024-04-01,US,Hyundai-Kia Group,14490,122.15,14778.64,17790.86,37107.98,79.32,0.1652,5.25,121.5,3.34,35.15,13.6,1103.4,0.332,102.5,0.059,1,0,0,0.4,37569.96,8
2024-04,2024-04-01,US,BMW Group,4797,122.15,14778.64,17790.86,37107.98,79.32,0.1652,5.25,121.5,3.34,35.15,13.6,1103.4,0.332,102.5,0.059,1,0,0,0.1,56097.06,5
2024-04,2024-04-01,US,Mercedes-Benz Group,2456,122.15,14778.64,17790.86,37107.98,79.32,0.1652,5.25,121.5,3.34,35.15,13.6,1103.4,0.332,102.5,0.059,1,0,0,0.08,64272.75,5
2024-04,2024-04-01,US,Toyota,3780,122.15,14778.64,17790.86,37107.98,79.32,0.1652,5.25,121.5,3.34,35.15,13.6,1103.4,0.332,102.5,0.059,1,0,0,0.05,39500.0,2
2024-04,2024-04-01,EU,Tesla,34431,122.15,14778.64,17790.86,37107.98,79.32,0.2758,5.25,121.5,3.34,35.05,13.6,1762.4,0.343,20.0,0.059,0,0,0,0.5,42738.28,5
2024-04,2024-04-01,EU,BYD,9127,122.15,14778.64,17790.86,37107.98,79.32,0.2758,5.25,121.5,3.34,35.05,13.6,1762.4,0.343,20.0,0.059,0,0,0,0.92,24091.33,14
2024-04,2024-04-01,EU,Volkswagen Group,31849,122.15,14778.64,17790.86,37107.98,79.32,0.2758,5.25,121.5,3.34,35.05,13.6,1762.4,0.343,20.0,0.059,0,0,0,0.3,40931.11,7
2024-04,2024-04-01,EU,Hyundai-Kia Group,14547,122.15,14778.64,17790.86,37107.98,79.32,0.2758,5.25,121.5,3.34,35.05,13.6,1762.4,0.343,20.0,0.059,0,0,0,0.4,37822.44,8
2024-04,2024-04-01,EU,BMW Group,14494,122.15,14778.64,17790.86,37107.98,79.32,0.2758,5.25,121.5,3.34,35.05,13.6,1762.4,0.343,20.0,0.059,0,0,0,0.1,55755.88,5
2024-04,2024-04-01,EU,Mercedes-Benz Group,8428,122.15,14778.64,17790.86,37107.98,79.32,0.2758,5.25,121.5,3.34,35.05,13.6,1762.4,0.343,20.0,0.059,0,0,0,0.08,64802.51,5
2024-04,2024-04-01,EU,Toyota,3342,122.15,14778.64,17790.86,37107.98,79.32,0.2758,5.25,121.5,3.34,35.05,13.6,1762.4,0.343,20.0,0.059,0,0,0,0.05,39500.0,2
2024-04,2024-04-01,CN,Tesla,44867,122.15,14778.64,17790.86,37107.98,79.32,0.0972,5.25,121.5,3.34,36.54,13.6,3530.4,0.603,15.0,0.048,0,0,1,0.7,42789.46,5
2024-04,2024-04-01,CN,BYD,123759,122.15,14778.64,17790.86,37107.98,79.32,0.0972,5.25,121.5,3.34,36.54,13.6,3530.4,0.603,15.0,0.048,0,0,1,0.92,24105.83,14
2024-04,2024-04-01,CN,Volkswagen Group,14642,122.15,14778.64,17790.86,37107.98,79.32,0.0972,5.25,121.5,3.34,36.54,13.6,3530.4,0.603,15.0,0.048,0,0,1,0.3,41054.46,7
2024-04,2024-04-01,CN,Hyundai-Kia Group,2536,122.15,14778.64,17790.86,37107.98,79.32,0.0972,5.25,121.5,3.34,36.54,13.6,3530.4,0.603,15.0,0.048,0,0,1,0.4,37433.05,8
2024-04,2024-04-01,CN,BMW Group,8905,122.15,14778.64,17790.86,37107.98,79.32,0.0972,5.25,121.5,3.34,36.54,13.6,3530.4,0.603,15.0,0.048,0,0,1,0.1,54938.18,5
2024-04,2024-04-01,CN,Mercedes-Benz Group,4246,122.15,14778.64,17790.86,37107.98,79.32,0.0972,5.25,121.5,3.34,36.54,13.6,3530.4,0.603,15.0,0.048,0,0,1,0.08,64080.66,5
2024-04,2024-04-01,CN,Toyota,2303,122.15,14778.64,17790.86,37107.98,79.32,0.0972,5.25,121.5,3.34,36.54,13.6,3530.4,0.603,15.0,0.048,0,0,1,0.05,39500.0,2
2024-05,2024-05-01,US,Tesla,56950,119.94,13490.95,19059.13,40412.1,75.62,0.1658,5.25,121.83,2.99,34.05,12.2,1104.3,0.334,102.5,0.058,1,0,0,0.5,42968.86,5
2024-05,2024-05-01,US,BYD,649,119.94,13490.95,19059.13,40412.1,75.62,0.1658,5.25,121.83,2.99,34.05,12.2,1104.3,0.334,102.5,0.058,1,0,0,0.92,24019.07,14
2024-05,2024-05-01,US,Volkswagen Group,6277,119.94,13490.95,19059.13,40412.1,75.62,0.1658,5.25,121.83,2.99,34.05,12.2,1104.3,0.334,102.5,0.058,1,0,0,0.31,40935.95,7
2024-05,2024-05-01,US,Hyundai-Kia Group,15495,119.94,13490.95,19059.13,40412.1,75.62,0.1658,5.25,121.83,2.99,34.05,12.2,1104.3,0.334,102.5,0.058,1,0,0,0.41,37329.92,8
2024-05,2024-05-01,US,BMW Group,5593,119.94,13490.95,19059.13,40412.1,75.62,0.1658,5.25,121.83,2.99,34.05,12.2,1104.3,0.334,102.5,0.058,1,0,0,0.1,55693.43,5
2024-05,2024-05-01,US,Mercedes-Benz Group,2874,119.94,13490.95,19059.13,40412.1,75.62,0.1658,5.25,121.83,2.99,34.05,12.2,1104.3,0.334,102.5,0.058,1,0,0,0.08,63817.07,5
2024-05,2024-05-01,US,Toyota,3919,119.94,13490.95,19059.13,40412.1,75.62,0.1658,5.25,121.83,2.99,34.05,12.2,1104.3,0.334,102.5,0.058,1,0,0,0.05,39500.0,2
2024-05,2024-05-01,EU,Tesla,34922,119.94,13490.95,19059.13,40412.1,75.62,0.2766,5.25,121.83,2.99,33.71,12.2,1791.9,0.346,20.0,0.058,0,0,0,0.5,42694.54,5
2024-05,2024-05-01,EU,BYD,10286,119.94,13490.95,19059.13,40412.1,75.62,0.2766,5.25,121.83,2.99,33.71,12.2,1791.9,0.346,20.0,0.058,0,0,0,0.92,23791.7,14
2024-05,2024-05-01,EU,Volkswagen Group,32750,119.94,13490.95,19059.13,40412.1,75.62,0.2766,5.25,121.83,2.99,33.71,12.2,1791.9,0.346,20.0,0.058,0,0,0,0.31,41003.83,7
2024-05,2024-05-01,EU,Hyundai-Kia Group,15878,119.94,13490.95,19059.13,40412.1,75.62,0.2766,5.25,121.83,2.99,33.71,12.2,1791.9,0.346,20.0,0.058,0,0,0,0.41,37145.07,8
2024-05,2024-05-01,EU,BMW Group,15660,119.94,13490.95,19059.13,40412.1,75.62,0.2766,5.25,121.83,2.99,33.71,12.2,1791.9,0.346,20.0,0.058,0,0,0,0.1,55483.18,5
2024-05,2024-05-01,EU,Mercedes-Benz Group,8745,119.94,13490.95,19059.13,40412.1,75.62,0.2766,5.25,121.83,2.99,33.71,12.2,1791.9,0.346,20.0,0.058,0,0,0,0.08,63744.04,5
2024-05,2024-05-01,EU,Toyota,3509,119.94,13490.95,19059.13,40412.1,75.62,0.2766,5.25,121.83,2.99,33.71,12.2,1791.9,0.346,20.0,0.058,0,0,0,0.05,39500.0,2
2024-05,2024-05-01,CN,Tesla,50277,119.94,13490.95,19059.13,40412.1,75.62,0.0974,5.25,121.83,2.99,34.59,12.2,3570.1,0.606,15.0,0.046,0,0,1,0.7,42958.51,5
2024-05,2024-05-01,CN,BYD,132476,119.94,13490.95,19059.13,40412.1,75.62,0.0974,5.25,121.83,2.99,34.59,12.2,3570.1,0.606,15.0,0.046,0,0,1,0.92,23757.4,14
2024-05,2024-05-01,CN,Volkswagen Group,15223,119.94,13490.95,19059.13,40412.1,75.62,0.0974,5.25,121.83,2.99,34.59,12.2,3570.1,0.606,15.0,0.046,0,0,1,0.31,40850.57,7
2024-05,2024-05-01,CN,Hyundai-Kia Group,2676,119.94,13490.95,19059.13,40412.1,75.62,0.0974,5.25,121.83,2.99,34.59,12.2,3570.1,0.606,15.0,0.046,0,0,1,0.41,37511.94,8
2024-05,2024-05-01,CN,BMW Group,9083,119.94,13490.95,19059.13,40412.1,75.62,0.0974,5.25,121.83,2.99,34.59,12.2,3570.1,0.606,15.0,0.046,0,0,1,0.1,55756.15,5
2024-05,2024-05-01,CN,Mercedes-Benz Group,4762,119.94,13490.95,19059.13,40412.1,75.62,0.0974,5.25,121.83,2.99,34.59,12.2,3570.1,0.606,15.0,0.046,0,0,1,0.08,64011.92,5
2024-05,2024-05-01,CN,Toyota,2856,119.94,13490.95,19059.13,40412.1,75.62,0.0974,5.25,121.83,2.99,34.59,12.2,3570.1,0.606,15.0,0.046,0,0,1,0.05,39500.0,2
2024-06,2024-06-01,US,Tesla,64449,119.5,12836.68,18789.1,38677.12,73.92,0.1665,5.25,122.44,2.83,36.34,11.9,1120.5,0.337,102.5,0.058,1,0,0,0.5,43219.77,5
2024-06,2024-06-01,US,BYD,885,119.5,12836.68,18789.1,38677.12,73.92,0.1665,5.25,122.44,2.83,36.34,11.9,1120.5,0.337,102.5,0.058,1,0,0,0.92,23981.41,14
2024-06,2024-06-01,US,Volkswagen Group,7551,119.5,12836.68,18789.1,38677.12,73.92,0.1665,5.25,122.44,2.83,36.34,11.9,1120.5,0.337,102.5,0.058,1,0,0,0.31,40908.14,7
2024-06,2024-06-01,US,Hyundai-Kia Group,16415,119.5,12836.68,18789.1,38677.12,73.92,0.1665,5.25,122.44,2.83,36.34,11.9,1120.5,0.337,102.5,0.058,1,0,0,0.41,37176.33,8
2024-06,2024-06-01,US,BMW Group,6592,119.5,12836.68,18789.1,38677.12,73.92,0.1665,5.25,122.44,2.83,36.34,11.9,1120.5,0.337,102.5,0.058,1,0,0,0.1,55830.44,5
2024-06,2024-06-01,US,Mercedes-Benz Group,3207,119.5,12836.68,18789.1,38677.12,73.92,0.1665,5.25,122.44,2.83,36.34,11.9,1120.5,0.337,102.5,0.058,1,0,0,0.08,63853.8,5
2024-06,2024-06-01,US,Toyota,4942,119.5,12836.68,18789.1,38677.12,73.92,0.1665,5.25,122.44,2.83,36.34,11.9,1120.5,0.337,102.5,0.058,1,0,0,0.05,39500.0,2
2024-06,2024-06-01,EU,Tesla,42895,119.5,12836.68,18789.1,38677.12,73.92,0.2774,5.25,122.44,2.83,34.9,11.9,1833.5,0.348,20.0,0.056,0,0,0,0.5,42560.05,5
2024-06,2024-06-01,EU,BYD,11487,119.5,12836.68,18789.1,38677.12,73.92,0.2774,5.25,122.44,2.83,34.9,11.9,1833.5,0.348,20.0,0.056,0,0,0,0.92,23700.11,14
2024-06,2024-06-01,EU,Volkswagen Group,40432,119.5,12836.68,18789.1,38677.12,73.92,0.2774,5.25,122.44,2.83,34.9,11.9,1833.5,0.348,20.0,0.056,0,0,0,0.31,40707.8,7
2024-06,2024-06-01,EU,Hyundai-Kia Group,17962,119.5,12836.68,18789.1,38677.12,73.92,0.2774,5.25,122.44,2.83,34.9,11.9,1833.5,0.348,20.0,0.056,0,0,0,0.41,37170.05,8
2024-06,2024-06-01,EU,BMW Group,20288,119.5,12836.68,18789.1,38677.12,73.92,0.2774,5.25,122.44,2.83,34.9,11.9,1833.5,0.348,20.0,0.056,0,0,0,0.1,56500.38,5
2024-06,2024-06-01,EU,Mercedes-Benz Group,11169,119.5,12836.68,18789.1,38677.12,73.92,0.2774,5.25,122.44,2.83,34.9,11.9,1833.5,0.348,20.0,0.056,0,0,0,0.08,63800.48,5
2024-06,2024-06-01,EU,Toyota,4260,119.5,12836.68,18789.1,38677.12,73.92,0.2774,5.25,122.44,2.83,34.9,11.9,1833.5,0.348,20.0,0.056,0,0,0,0.05,39500.0,2
2024-06,2024-06-01,CN,Tesla,56626,119.5,12836.68,18789.1,38677.12,73.92,0.0975,5.25,122.44,2.83,36.13,11.9,3613.7,0.61,15.0,0.045,0,0,1,0.7,42735.03,5
2024-06,2024-06-01,CN,BYD,152656,119.5,12836.68,18789.1,38677.12,73.92,0.0975,5.25,122.44,2.83,36.13,11.9,3613.7,0.61,15.0,0.045,0,0,1,0.92,23767.23,14
2024-06,2024-06-01,CN,Volkswagen Group,17852,119.5,12836.68,18789.1,38677.12,73.92,0.0975,5.25,122.44,2.83,36.13,11.9,3613.7,0.61,15.0,0.045,0,0,1,0.31,40607.64,7
2024-06,2024-06-01,CN,Hyundai-Kia Group,3161,119.5,12836.68,18789.1,38677.12,73.92,0.0975,5.25,122.44,2.83,36.13,11.9,3613.7,0.61,15.0,0.045,0,0,1,0.41,37095.52,8
2024-06,2024-06-01,CN,BMW Group,11557,119.5,12836.68,18789.1,38677.12,73.92,0.0975,5.25,122.44,2.83,36.13,11.9,3613.7,0.61,15.0,0.045,0,0,1,0.1,55408.05,5
2024-06,2024-06-01,CN,Mercedes-Benz Group,5556,119.5,12836.68,18789.1,38677.12,73.92,0.0975,5.25,122.44,2.83,36.13,11.9,3613.7,0.61,15.0,0.045,0,0,1,0.08,64488.98,5
2024-06,2024-06-01,CN,Toyota,3028,119.5,12836.68,18789.1,38677.12,73.92,0.0975,5.25,122.44,2.83,36.13,11.9,3613.7,0.61,15.0,0.045,0,0,1,0.05,39500.0,2
2024-07,2024-07-01,US,Tesla,51782,118.06,13028.41,20358.14,41136.91,77.21,0.1671,5.25,122.46,2.86,34.28,12.3,1138.3,0.339,102.5,0.057,1,0,0,0.5,42720.45,5
2024-07,2024-07-01,US,BYD,789,118.06,13028.41,20358.14,41136.91,77.21,0.1671,5.25,122.46,2.86,34.28,12.3,1138.3,0.339,102.5,0.057,1,0,0,0.92,23802.54,14
2024-07,2024-07-01,US,Volkswagen Group,6198,118.06,13028.41,20358.14,41136.91,77.21,0.1671,5.25,122.46,2.86,34.28,12.3,1138.3,0.339,102.5,0.057,1,0,0,0.31,40093.89,7
2024-07,2024-07-01,US,Hyundai-Kia Group,14091,118.06,13028.41,20358.14,41136.91,77.21,0.1671,5.25,122.46,2.86,34.28,12.3,1138.3,0.339,102.5,0.057,1,0,0,0.42,37170.68,8
2024-07,2024-07-01,US,BMW Group,5091,118.06,13028.41,20358.14,41136.91,77.21,0.1671,5.25,122.46,2.86,34.28,12.3,1138.3,0.339,102.5,0.057,1,0,0,0.1,55425.4,5
2024-07,2024-07-01,US,Mercedes-Benz Group,2695,118.06,13028.41,20358.14,41136.91,77.21,0.1671,5.25,122.46,2.86,34.28,12.3,1138.3,0.339,102.5,0.057,1,0,0,0.08,63986.1,5
2024-07,2024-07-01,US,Toyota,3803,118.06,13028.41,20358.14,41136.91,77.21,0.1671,5.25,122.46,2.86,34.28,12.3,1138.3,0.339,102.5,0.057,1,0,0,0.05,39500.0,2
2024-07,2024-07-01,EU,Tesla,33259,118.06,13028.41,20358.14,41136.91,77.21,0.2782,5.25,122.46,2.86,33.25,12.3,1816.1,0.351,20.0,0.055,0,0,0,0.5,42697.31,5
2024-07,2024-07-01,EU,BYD,9041,118.06,13028.41,20358.14,41136.91,77.21,0.2782,5.25,122.46,2.86,33.25,12.3,1816.1,0.351,20.0,0.055,0,0,0,0.92,23830.05,14
2024-07,2024-07-01,EU,Volkswagen Group,30838,118.06,13028.41,20358.14,41136.91,77.21,0.2782,5.25,122.46,2.86,33.25,12.3,1816.1,0.351,20.0,0.055,0,0,0,0.31,41136.5,7
2024-07,2024-07-01,EU,Hyundai-Kia Group,14578,118.06,13028.41,20358.14,41136.91,77.21,0.2782,5.25,122.46,2.86,33.25,12.3,1816.1,0.351,20.0,0.055,0,0,0,0.42,37294.9,8
2024-07,2024-07-01,EU,BMW Group,15645,118.06,13028.41,20358.14,41136.91,77.21,0.2782,5.25,122.46,2.86,33.25,12.3,1816.1,0.351,20.0,0.055,0,0,0,0.1,54947.77,5
2024-07,2024-07-01,EU,Mercedes-Benz Group,8702,118.06,13028.41,20358.14,41136.91,77.21,0.2782,5.25,122.46,2.86,33.25,12.3,1816.1,0.351,20.0,0.055,0,0,0,0.08,63947.7,5
2024-07,2024-07-01,EU,Toyota,3496,118.06,13028.41,20358.14,41136.91,77.21,0.2782,5.25,122.46,2.86,33.25,12.3,1816.1,0.351,20.0,0.055,0,0,0,0.05,39500.0,2
2024-07,2024-07-01,CN,Tesla,50348,118.06,13028.41,20358.14,41136.91,77.21,0.0977,5.25,122.46,2.86,33.28,12.3,3770.5,0.613,15.0,0.043,0,0,1,0.7,42473.77,5
2024-07,2024-07-01,CN,BYD,130316,118.06,13028.41,20358.14,41136.91,77.21,0.0977,5.25,122.46,2.86,33.28,12.3,3770.5,0.613,15.0,0.043,0,0,1,0.92,23920.9,14
2024-07,2024-07-01,CN,Volkswagen Group,14893,118.06,13028.41,20358.14,41136.91,77.21,0.0977,5.25,122.46,2.86,33.28,12.3,3770.5,0.613,15.0,0.043,0,0,1,0.31,40549.05,7
2024-07,2024-07-01,CN,Hyundai-Kia Group,2673,118.06,13028.41,20358.14,41136.91,77.21,0.0977,5.25,122.46,2.86,33.28,12.3,3770.5,0.613,15.0,0.043,0,0,1,0.42,36724.85,8
2024-07,2024-07-01,CN,BMW Group,9480,118.06,13028.41,20358.14,41136.91,77.21,0.0977,5.25,122.46,2.86,33.28,12.3,3770.5,0.613,15.0,0.043,0,0,1,0.1,55633.52,5
2024-07,2024-07-01,CN,Mercedes-Benz Group,4380,118.06,13028.41,20358.14,41136.91,77.21,0.0977,5.25,122.46,2.86,33.28,12.3,3770.5,0.613,15.0,0.043,0,0,1,0.08,63614.99,5
2024-07,2024-07-01,CN,Toyota,2632,118.06,13028.41,20358.14,41136.91,77.21,0.0977,5.25,122.46,2.86,33.28,12.3,3770.5,0.613,15.0,0.043,0,0,1,0.05,39500.0,2
2024-08,2024-08-01,US,Tesla,55561,118.62,13572.63,19966.5,42401.7,80.62,0.1678,5.25,123.06,2.68,34.37,12.1,1166.4,0.341,102.5,0.056,1,0,0,0.5,42391.59,5
2024-08,2024-08-01,US,BYD,699,118.62,13572.63,19966.5,42401.7,80.62,0.1678,5.25,123.06,2.68,34.37,12.1,1166.4,0.341,102.5,0.056,1,0,0,0.92,23993.35,14
2024-08,2024-08-01,US,Volkswagen Group,6287,118.62,13572.63,19966.5,42401.7,80.62,0.1678,5.25,123.06,2.68,34.37,12.1,1166.4,0.341,102.5,0.056,1,0,0,0.32,40615.13,7
2024-08,2024-08-01,US,Hyundai-Kia Group,14774,118.62,13572.63,19966.5,42401.7,80.62,0.1678,5.25,123.06,2.68,34.37,12.1,1166.4,0.341,102.5,0.056,1,0,0,0.42,37573.44,8
2024-08,2024-08-01,US,BMW Group,5532,118.62,13572.63,19966.5,42401.7,80.62,0.1678,5.25,123.06,2.68,34.37,12.1,1166.4,0.341,102.5,0.056,1,0,0,0.1,56097.66,5
2024-08,2024-08-01,US,Mercedes-Benz Group,2771,118.62,13572.63,19966.5,42401.7,80.62,0.1678,5.25,123.06,2.68,34.37,12.1,1166.4,0.341,102.5,0.056,1,0,0,0.08,63355.38,5
2024-08,2024-08-01,US,Toyota,4031,118.62,13572.63,19966.5,42401.7,80.62,0.1678,5.25,123.06,2.68,34.37,12.1,1166.4,0.341,102.5,0.056,1,0,0,0.05,39500.0,2
2024-08,2024-08-01,EU,Tesla,33356,118.62,13572.63,19966.5,42401.7,80.62,0.279,5.25,123.06,2.68,36.13,12.1,1878.0,0.354,20.0,0.054,0,0,0,0.5,42381.14,5
2024-08,2024-08-01,EU,BYD,9413,118.62,13572.63,19966.5,42401.7,80.62,0.279,5.25,123.06,2.68,36.13,12.1,1878.0,0.354,20.0,0.054,0,0,0,0.92,23896.51,14
2024-08,2024-08-01,EU,Volkswagen Group,32491,118.62,13572.63,19966.5,42401.7,80.62,0.279,5.25,123.06,2.68,36.13,12.1,1878.0,0.354,20.0,0.054,0,0,0,0.32,40510.05,7
2024-08,2024-08-01,EU,Hyundai-Kia Group,15116,118.62,13572.63,19966.5,42401.7,80.62,0.279,5.25,123.06,2.68,36.13,12.1,1878.0,0.354,20.0,0.054,0,0,0,0.42,37042.85,8
2024-08,2024-08-01,EU,BMW Group,15790,118.62,13572.63,19966.5,42401.7,80.62,0.279,5.25,123.06,2.68,36.13,12.1,1878.0,0.354,20.0,0.054,0,0,0,0.1,55290.92,5
2024-08,2024-08-01,EU,Mercedes-Benz Group,8543,118.62,13572.63,19966.5,42401.7,80.62,0.279,5.25,123.06,2.68,36.13,12.1,1878.0,0.354,20.0,0.054,0,0,0,0.08,62304.43,5
2024-08,2024-08-01,EU,Toyota,3430,118.62,13572.63,19966.5,42401.7,80.62,0.279,5.25,123.06,2.68,36.13,12.1,1878.0,0.354,20.0,0.054,0,0,0,0.05,39500.0,2
2024-08,2024-08-01,CN,Tesla,49368,118.62,13572.63,19966.5,42401.7,80.62,0.0979,5.25,123.06,2.68,35.91,12.1,3707.4,0.616,15.0,0.041,0,0,1,0.7,42590.0,5
2024-08,2024-08-01,CN,BYD,135533,118.62,13572.63,19966.5,42401.7,80.62,0.0979,5.25,123.06,2.68,35.91,12.1,3707.4,0.616,15.0,0.041,0,0,1,0.92,23785.22,14
2024-08,2024-08-01,CN,Volkswagen Group,15978,118.62,13572.63,19966.5,42401.7,80.62,0.0979,5.25,123.06,2.68,35.91,12.1,3707.4,0.616,15.0,0.041,0,0,1,0.32,40929.66,7
2024-08,2024-08-01,CN,Hyundai-Kia Group,2635,118.62,13572.63,19966.5,42401.7,80.62,0.0979,5.25,123.06,2.68,35.91,12.1,3707.4,0.616,15.0,0.041,0,0,1,0.42,37440.69,8
2024-08,2024-08-01,CN,BMW Group,8968,118.62,13572.63,19966.5,42401.7,80.62,0.0979,5.25,123.06,2.68,35.91,12.1,3707.4,0.616,15.0,0.041,0,0,1,0.1,55420.19,5
2024-08,2024-08-01,CN,Mercedes-Benz Group,4467,118.62,13572.63,19966.5,42401.7,80.62,0.0979,5.25,123.06,2.68,35.91,12.1,3707.4,0.616,15.0,0.041,0,0,1,0.08,63535.51,5
2024-08,2024-08-01,CN,Toyota,2456,118.62,13572.63,19966.5,42401.7,80.62,0.0979,5.25,123.06,2.68,35.91,12.1,3707.4,0.616,15.0,0.041,0,0,1,0.05,39500.0,2
2024-09,2024-09-01,US,Tesla,73325,114.72,13782.15,21310.41,42074.94,76.68,0.1684,4.75,123.14,2.39,25.28,10.9,1187.1,0.343,102.5,0.055,1,0,0,0.5,42719.11,5
2024-09,2024-09-01,US,BYD,1050,114.72,13782.15,21310.41,42074.94,76.68,0.1684,4.75,123.14,2.39,25.28,10.9,1187.1,0.343,102.5,0.055,1,0,0,0.92,24128.7,15
2024-09,2024-09-01,US,Volkswagen Group,8493,114.72,13782.15,21310.41,42074.94,76.68,0.1684,4.75,123.14,2.39,25.28,10.9,1187.1,0.343,102.5,0.055,1,0,0,0.32,40659.21,7
2024-09,2024-09-01,US,Hyundai-Kia Group,20631,114.72,13782.15,21310.41,42074.94,76.68,0.1684,4.75,123.14,2.39,25.28,10.9,1187.1,0.343,102.5,0.055,1,0,0,0.42,37239.75,8
2024-09,2024-09-01,US,BMW Group,7318,114.72,13782.15,21310.41,42074.94,76.68,0.1684,4.75,123.14,2.39,25.28,10.9,1187.1,0.343,102.5,0.055,1,0,0,0.1,55038.05,6
2024-09,2024-09-01,US,Mercedes-Benz Group,3698,114.72,13782.15,21310.41,42074.94,76.68,0.1684,4.75,123.14,2.39,25.28,10.9,1187.1,0.343,102.5,0.055,1,0,0,0.08,63698.65,5
2024-09,2024-09-01,US,Toyota,5306,114.72,13782.15,21310.41,42074.94,76.68,0.1684,4.75,123.14,2.39,25.28,10.9,1187.1,0.343,102.5,0.055,1,0,0,0.05,39500.0,2
2024-09,2024-09-01,EU,Tesla,48266,114.72,13782.15,21310.41,42074.94,76.68,0.2798,4.75,123.14,2.39,26.48,10.9,1878.4,0.357,35.3,0.053,0,0,0,0.5,42520.64,5
2024-09,2024-09-01,EU,BYD,13521,114.72,13782.15,21310.41,42074.94,76.68,0.2798,4.75,123.14,2.39,26.48,10.9,1878.4,0.357,37.0,0.053,0,0,0,0.92,23977.56,15
2024-09,2024-09-01,EU,Volkswagen Group,41464,114.72,13782.15,21310.41,42074.94,76.68,0.2798,4.75,123.14,2.39,26.48,10.9,1878.4,0.357,35.3,0.053,0,0,0,0.32,40603.24,7
2024-09,2024-09-01,EU,Hyundai-Kia Group,20242,114.72,13782.15,21310.41,42074.94,76.68,0.2798,4.75,123.14,2.39,26.48,10.9,1878.4,0.357,35.3,0.053,0,0,0,0.42,36647.47,8
2024-09,2024-09-01,EU,BMW Group,21409,114.72,13782.15,21310.41,42074.94,76.68,0.2798,4.75,123.14,2.39,26.48,10.9,1878.4,0.357,35.3,0.053,0,0,0,0.1,55637.9,6
2024-09,2024-09-01,EU,Mercedes-Benz Group,10894,114.72,13782.15,21310.41,42074.94,76.68,0.2798,4.75,123.14,2.39,26.48,10.9,1878.4,0.357,35.3,0.053,0,0,0,0.08,63329.81,5
2024-09,2024-09-01,EU,Toyota,4623,114.72,13782.15,21310.41,42074.94,76.68,0.2798,4.75,123.14,2.39,26.48,10.9,1878.4,0.357,35.3,0.053,0,0,0,0.05,39500.0,2
2024-09,2024-09-01,CN,Tesla,63054,114.72,13782.15,21310.41,42074.94,76.68,0.0981,4.75,123.14,2.39,25.0,10.9,3825.8,0.619,15.0,0.039,0,0,1,0.7,42485.81,5
2024-09,2024-09-01,CN,BYD,168669,114.72,13782.15,21310.41,42074.94,76.68,0.0981,4.75,123.14,2.39,25.0,10.9,3825.8,0.619,15.0,0.039,0,0,1,0.92,24236.54,15
2024-09,2024-09-01,CN,Volkswagen Group,20384,114.72,13782.15,21310.41,42074.94,76.68,0.0981,4.75,123.14,2.39,25.0,10.9,3825.8,0.619,15.0,0.039,0,0,1,0.32,40551.91,7
2024-09,2024-09-01,CN,Hyundai-Kia Group,3763,114.72,13782.15,21310.41,42074.94,76.68,0.0981,4.75,123.14,2.39,25.0,10.9,3825.8,0.619,15.0,0.039,0,0,1,0.42,36633.85,8
2024-09,2024-09-01,CN,BMW Group,12172,114.72,13782.15,21310.41,42074.94,76.68,0.0981,4.75,123.14,2.39,25.0,10.9,3825.8,0.619,15.0,0.039,0,0,1,0.1,55466.56,6
2024-09,2024-09-01,CN,Mercedes-Benz Group,6404,114.72,13782.15,21310.41,42074.94,76.68,0.0981,4.75,123.14,2.39,25.0,10.9,3825.8,0.619,15.0,0.039,0,0,1,0.08,63000.33,5
2024-09,2024-09-01,CN,Toyota,3184,114.72,13782.15,21310.41,42074.94,76.68,0.0981,4.75,123.14,2.39,25.0,10.9,3825.8,0.619,15.0,0.039,0,0,1,0.05,39500.0,2
2024-10,2024-10-01,US,Tesla,65200,115.51,13760.93,22441.13,42811.31,78.88,0.1691,4.75,123.57,2.16,24.14,12.2,1190.0,0.345,102.5,0.054,1,0,0,0.5,41483.5,5
2024-10,2024-10-01,US,BYD,963,115.51,13760.93,22441.13,42811.31,78.88,0.1691,4.75,123.57,2.16,24.14,12.2,1190.0,0.345,102.5,0.054,1,0,0,0.92,24155.7,15
2024-10,2024-10-01,US,Volkswagen Group,7300,115.51,13760.93,22441.13,42811.31,78.88,0.1691,4.75,123.57,2.16,24.14,12.2,1190.0,0.345,102.5,0.054,1,0,0,0.32,40527.7,7
2024-10,2024-10-01,US,Hyundai-Kia Group,17942,115.51,13760.93,22441.13,42811.31,78.88,0.1691,4.75,123.57,2.16,24.14,12.2,1190.0,0.345,102.5,0.054,1,0,0,0.43,36837.24,8
2024-10,2024-10-01,US,BMW Group,6499,115.51,13760.93,22441.13,42811.31,78.88,0.1691,4.75,123.57,2.16,24.14,12.2,1190.0,0.345,102.5,0.054,1,0,0,0.1,55264.91,6
2024-10,2024-10-01,US,Mercedes-Benz Group,3374,115.51,13760.93,22441.13,42811.31,78.88,0.1691,4.75,123.57,2.16,24.14,12.2,1190.0,0.345,102.5,0.054,1,0,0,0.08,64025.11,5
2024-10,2024-10-01,US,Toyota,4738,115.51,13760.93,22441.13,42811.31,78.88,0.1691,4.75,123.57,2.16,24.14,12.2,1190.0,0.345,102.5,0.054,1,0,0,0.05,39500.0,2
2024-10,2024-10-01,EU,Tesla,42194,115.51,13760.93,22441.13,42811.31,78.88,0.2806,4.75,123.57,2.16,24.73,12.2,1909.5,0.36,35.3,0.052,0,0,0,0.5,41615.02,5
2024-10,2024-10-01,EU,BYD,10332,115.51,13760.93,22441.13,42811.31,78.88,0.2806,4.75,123.57,2.16,24.73,12.2,1909.5,0.36,37.0,0.052,0,0,0,0.92,23997.75,15
2024-10,2024-10-01,EU,Volkswagen Group,38690,115.51,13760.93,22441.13,42811.31,78.88,0.2806,4.75,123.57,2.16,24.73,12.2,1909.5,0.36,35.3,0.052,0,0,0,0.32,40869.17,7
2024-10,2024-10-01,EU,Hyundai-Kia Group,17242,115.51,13760.93,22441.13,42811.31,78.88,0.2806,4.75,123.57,2.16,24.73,12.2,1909.5,0.36,35.3,0.052,0,0,0,0.43,36727.17,8
2024-10,2024-10-01,EU,BMW Group,18807,115.51,13760.93,22441.13,42811.31,78.88,0.2806,4.75,123.57,2.16,24.73,12.2,1909.5,0.36,35.3,0.052,0,0,0,0.1,55336.5,6
2024-10,2024-10-01,EU,Mercedes-Benz Group,10879,115.51,13760.93,22441.13,42811.31,78.88,0.2806,4.75,123.57,2.16,24.73,12.2,1909.5,0.36,35.3,0.052,0,0,0,0.08,63291.61,5
2024-10,2024-10-01,EU,Toyota,4121,115.51,13760.93,22441.13,42811.31,78.88,0.2806,4.75,123.57,2.16,24.73,12.2,1909.5,0.36,35.3,0.052,0,0,0,0.05,39500.0,2
2024-10,2024-10-01,CN,Tesla,57667,115.51,13760.93,22441.13,42811.31,78.88,0.0983,4.75,123.57,2.16,23.59,12.2,3840.1,0.622,15.0,0.037,0,0,1,0.7,42325.24,5
2024-10,2024-10-01,CN,BYD,155399,115.51,13760.93,22441.13,42811.31,78.88,0.0983,4.75,123.57,2.16,23.59,12.2,3840.1,0.622,15.0,0.037,0,0,1,0.92,24046.32,15
2024-10,2024-10-01,CN,Volkswagen Group,18164,115.51,13760.93,22441.13,42811.31,78.88,0.0983,4.75,123.57,2.16,23.59,12.2,3840.1,0.622,15.0,0.037,0,0,1,0.32,40055.66,7
2024-10,2024-10-01,CN,Hyundai-Kia Group,3264,115.51,13760.93,22441.13,42811.31,78.88,0.0983,4.75,123.57,2.16,23.59,12.2,3840.1,0.622,15.0,0.037,0,0,1,0.43,37466.48,8
2024-10,2024-10-01,CN,BMW Group,11329,115.51,13760.93,22441.13,42811.31,78.88,0.0983,4.75,123.57,2.16,23.59,12.2,3840.1,0.622,15.0,0.037,0,0,1,0.1,55740.11,6
2024-10,2024-10-01,CN,Mercedes-Benz Group,5660,115.51,13760.93,22441.13,42811.31,78.88,0.0983,4.75,123.57,2.16,23.59,12.2,3840.1,0.622,15.0,0.037,0,0,1,0.08,63085.33,5
2024-10,2024-10-01,CN,Toyota,3248,115.51,13760.93,22441.13,42811.31,78.88,0.0983,4.75,123.57,2.16,23.59,12.2,3840.1,0.622,15.0,0.037,0,0,1,0.05,39500.0,2
2024-11,2024-11-01,US,Tesla,73417,116.03,14886.42,21821.75,45195.16,77.38,0.1697,4.75,124.41,2.0,22.98,13.0,1202.7,0.348,102.5,0.054,1,0,0,0.5,42064.25,5
2024-11,2024-11-01,US,BYD,1235,116.03,14886.42,21821.75,45195.16,77.38,0.1697,4.75,124.41,2.0,22.98,13.0,1202.7,0.348,102.5,0.054,1,0,0,0.92,24098.68,15
2024-11,2024-11-01,US,Volkswagen Group,9078,116.03,14886.42,21821.75,45195.16,77.38,0.1697,4.75,124.41,2.0,22.98,13.0,1202.7,0.348,102.5,0.054,1,0,0,0.32,39854.67,7
2024-11,2024-11-01,US,Hyundai-Kia Group,20693,116.03,14886.42,21821.75,45195.16,77.38,0.1697,4.75,124.41,2.0,22.98,13.0,1202.7,0.348,102.5,0.054,1,0,0,0.43,36314.61,8
2024-11,2024-11-01,US,BMW Group,7698,116.03,14886.42,21821.75,45195.16,77.38,0.1697,4.75,124.41,2.0,22.98,13.0,1202.7,0.348,102.5,0.054,1,0,0,0.1,55562.22,6
2024-11,2024-11-01,US,Mercedes-Benz Group,4001,116.03,14886.42,21821.75,45195.16,77.38,0.1697,4.75,124.41,2.0,22.98,13.0,1202.7,0.348,102.5,0.054,1,0,0,0.08,63248.06,5
2024-11,2024-11-01,US,Toyota,5700,116.03,14886.42,21821.75,45195.16,77.38,0.1697,4.75,124.41,2.0,22.98,13.0,1202.7,0.348,102.5,0.054,1,0,0,0.05,39500.0,2
2024-11,2024-11-01,EU,Tesla,47504,116.03,14886.42,21821.75,45195.16,77.38,0.2814,4.75,124.41,2.0,25.02,13.0,1953.5,0.362,35.3,0.05,0,0,0,0.5,42293.96,5
2024-11,2024-11-01,EU,BYD,11145,116.03,14886.42,21821.75,45195.16,77.38,0.2814,4.75,124.41,2.0,25.02,13.0,1953.5,0.362,37.0,0.05,0,0,0,0.92,24281.11,15
2024-11,2024-11-01,EU,Volkswagen Group,46274,116.03,14886.42,21821.75,45195.16,77.38,0.2814,4.75,124.41,2.0,25.02,13.0,1953.5,0.362,35.3,0.05,0,0,0,0.32,40761.18,7
2024-11,2024-11-01,EU,Hyundai-Kia Group,20299,116.03,14886.42,21821.75,45195.16,77.38,0.2814,4.75,124.41,2.0,25.02,13.0,1953.5,0.362,35.3,0.05,0,0,0,0.43,36968.43,8
2024-11,2024-11-01,EU,BMW Group,21051,116.03,14886.42,21821.75,45195.16,77.38,0.2814,4.75,124.41,2.0,25.02,13.0,1953.5,0.362,35.3,0.05,0,0,0,0.1,55828.96,6
2024-11,2024-11-01,EU,Mercedes-Benz Group,12101,116.03,14886.42,21821.75,45195.16,77.38,0.2814,4.75,124.41,2.0,25.02,13.0,1953.5,0.362,35.3,0.05,0,0,0,0.08,62745.09,5
2024-11,2024-11-01,EU,Toyota,4669,116.03,14886.42,21821.75,45195.16,77.38,0.2814,4.75,124.41,2.0,25.02,13.0,1953.5,0.362,35.3,0.05,0,0,0,0.05,39500.0,2
2024-11,2024-11-01,CN,Tesla,64987,116.03,14886.42,21821.75,45195.16,77.38,0.0984,4.75,124.41,2.0,24.31,13.0,3878.3,0.626,15.0,0.036,0,0,1,0.7,42236.69,5
2024-11,2024-11-01,CN,BYD,181682,116.03,14886.42,21821.75,45195.16,77.38,0.0984,4.75,124.41,2.0,24.31,13.0,3878.3,0.626,15.0,0.036,0,0,1,0.92,24071.15,15
2024-11,2024-11-01,CN,Volkswagen Group,20765,116.03,14886.42,21821.75,45195.16,77.38,0.0984,4.75,124.41,2.0,24.31,13.0,3878.3,0.626,15.0,0.036,0,0,1,0.32,40754.61,7
2024-11,2024-11-01,CN,Hyundai-Kia Group,3901,116.03,14886.42,21821.75,45195.16,77.38,0.0984,4.75,124.41,2.0,24.31,13.0,3878.3,0.626,15.0,0.036,0,0,1,0.43,36714.93,8
2024-11,2024-11-01,CN,BMW Group,12801,116.03,14886.42,21821.75,45195.16,77.38,0.0984,4.75,124.41,2.0,24.31,13.0,3878.3,0.626,15.0,0.036,0,0,1,0.1,55796.48,6
2024-11,2024-11-01,CN,Mercedes-Benz Group,6320,116.03,14886.42,21821.75,45195.16,77.38,0.0984,4.75,124.41,2.0,24.31,13.0,3878.3,0.626,15.0,0.036,0,0,1,0.08,63610.3,5
2024-11,2024-11-01,CN,Toyota,3640,116.03,14886.42,21821.75,45195.16,77.38,0.0984,4.75,124.41,2.0,24.31,13.0,3878.3,0.626,15.0,0.036,0,0,1,0.05,39500.0,2
2024-12,2024-12-01,US,Tesla,88515,114.09,13790.9,22755.86,43873.07,75.91,0.1704,4.75,124.43,2.09,25.31,12.0,1220.3,0.35,102.5,0.053,1,0,0,0.5,42152.04,5
2024-12,2024-12-01,US,BYD,1390,114.09,13790.9,22755.86,43873.07,75.91,0.1704,4.75,124.43,2.09,25.31,12.0,1220.3,0.35,102.5,0.053,1,0,0,0.92,24324.35,15
2024-12,2024-12-01,US,Volkswagen Group,9845,114.09,13790.9,22755.86,43873.07,75.91,0.1704,4.75,124.43,2.09,25.31,12.0,1220.3,0.35,102.5,0.053,1,0,0,0.33,40340.27,7
2024-12,2024-12-01,US,Hyundai-Kia Group,24310,114.09,13790.9,22755.86,43873.07,75.91,0.1704,4.75,124.43,2.09,25.31,12.0,1220.3,0.35,102.5,0.053,1,0,0,0.44,36909.68,8
2024-12,2024-12-01,US,BMW Group,9174,114.09,13790.9,22755.86,43873.07,75.91,0.1704,4.75,124.43,2.09,25.31,12.0,1220.3,0.35,102.5,0.053,1,0,0,0.1,55266.95,6
2024-12,2024-12-01,US,Mercedes-Benz Group,4646,114.09,13790.9,22755.86,43873.07,75.91,0.1704,4.75,124.43,2.09,25.31,12.0,1220.3,0.35,102.5,0.053,1,0,0,0.08,63584.67,5
2024-12,2024-12-01,US,Toyota,6417,114.09,13790.9,22755.86,43873.07,75.91,0.1704,4.75,124.43,2.09,25.31,12.0,1220.3,0.35,102.5,0.053,1,0,0,0.05,39500.0,2
2024-12,2024-12-01,EU,Tesla,53361,114.09,13790.9,22755.86,43873.07,75.91,0.2822,4.75,124.43,2.09,24.25,12.0,1975.6,0.365,35.3,0.049,0,0,0,0.5,41897.55,5
2024-12,2024-12-01,EU,BYD,13511,114.09,13790.9,22755.86,43873.07,75.91,0.2822,4.75,124.43,2.09,24.25,12.0,1975.6,0.365,37.0,0.049,0,0,0,0.92,23828.74,15
2024-12,2024-12-01,EU,Volkswagen Group,52012,114.09,13790.9,22755.86,43873.07,75.91,0.2822,4.75,124.43,2.09,24.25,12.0,1975.6,0.365,35.3,0.049,0,0,0,0.33,40402.82,7
2024-12,2024-12-01,EU,Hyundai-Kia Group,26403,114.09,13790.9,22755.86,43873.07,75.91,0.2822,4.75,124.43,2.09,24.25,12.0,1975.6,0.365,35.3,0.049,0,0,0,0.44,36873.96,8
2024-12,2024-12-01,EU,BMW Group,26327,114.09,13790.9,22755.86,43873.07,75.91,0.2822,4.75,124.43,2.09,24.25,12.0,1975.6,0.365,35.3,0.049,0,0,0,0.1,55732.36,6
2024-12,2024-12-01,EU,Mercedes-Benz Group,14419,114.09,13790.9,22755.86,43873.07,75.91,0.2822,4.75,124.43,2.09,24.25,12.0,1975.6,0.365,35.3,0.049,0,0,0,0.08,63292.7,5
2024-12,2024-12-01,EU,Toyota,5719,114.09,13790.9,22755.86,43873.07,75.91,0.2822,4.75,124.43,2.09,24.25,12.0,1975.6,0.365,35.3,0.049,0,0,0,0.05,39500.0,2
2024-12,2024-12-01,CN,Tesla,82048,114.09,13790.9,22755.86,43873.07,75.91,0.0986,4.75,124.43,2.09,24.24,12.0,3897.0,0.629,15.0,0.034,0,0,1,0.7,41981.01,5
2024-12,2024-12-01,CN,BYD,217478,114.09,13790.9,22755.86,43873.07,75.91,0.0986,4.75,124.43,2.09,24.24,12.0,3897.0,0.629,15.0,0.034,0,0,1,0.92,23965.85,15
2024-12,2024-12-01,CN,Volkswagen Group,26324,114.09,13790.9,22755.86,43873.07,75.91,0.0986,4.75,124.43,2.09,24.24,12.0,3897.0,0.629,15.0,0.034,0,0,1,0.33,39974.86,7
2024-12,2024-12-01,CN,Hyundai-Kia Group,4638,114.09,13790.9,22755.86,43873.07,75.91,0.0986,4.75,124.43,2.09,24.24,12.0,3897.0,0.629,15.0,0.034,0,0,1,0.44,36479.33,8
2024-12,2024-12-01,CN,BMW Group,15537,114.09,13790.9,22755.86,43873.07,75.91,0.0986,4.75,124.43,2.09,24.24,12.0,3897.0,0.629,15.0,0.034,0,0,1,0.1,54963.29,6
2024-12,2024-12-01,CN,Mercedes-Benz Group,7670,114.09,13790.9,22755.86,43873.07,75.91,0.0986,4.75,124.43,2.09,24.24,12.0,3897.0,0.629,15.0,0.034,0,0,1,0.08,64127.66,5
2024-12,2024-12-01,CN,Toyota,4407,114.09,13790.9,22755.86,43873.07,75.91,0.0986,4.75,124.43,2.09,24.24,12.0,3897.0,0.629,15.0,0.034,0,0,1,0.05,39500.0,2
2025-01,2025-01-01,US,Tesla,44015,108.56,14309.08,22403.8,44297.24,79.33,0.171,4.46,124.96,1.84,23.7,12.7,1246.6,0.352,102.5,0.052,1,0,0,0.5,42584.5,5
2025-01,2025-01-01,US,BYD,950,108.56,14309.08,22403.8,44297.24,79.33,0.171,4.46,124.96,1.84,23.7,12.7,1246.6,0.352,102.5,0.052,1,0,0,0.92,23892.99,15
2025-01,2025-01-01,US,Volkswagen Group,6817,108.56,14309.08,22403.8,44297.24,79.33,0.171,4.46,124.96,1.84,23.7,12.7,1246.6,0.352,102.5,0.052,1,0,0,0.33,40513.81,8
2025-01,2025-01-01,US,Hyundai-Kia Group,13653,108.56,14309.08,22403.8,44297.24,79.33,0.171,4.46,124.96,1.84,23.7,12.7,1246.6,0.352,102.5,0.052,1,0,0,0.44,36588.3,9
2025-01,2025-01-01,US,BMW Group,4930,108.56,14309.08,22403.8,44297.24,79.33,0.171,4.46,124.96,1.84,23.7,12.7,1246.6,0.352,102.5,0.052,1,0,0,0.1,55574.07,6
2025-01,2025-01-01,US,Mercedes-Benz Group,1882,108.56,14309.08,22403.8,44297.24,79.33,0.171,4.46,124.96,1.84,23.7,12.7,1246.6,0.352,102.5,0.052,1,0,0,0.08,63711.14,6
2025-01,2025-01-01,US,Toyota,4570,108.56,14309.08,22403.8,44297.24,79.33,0.171,4.46,124.96,1.84,23.7,12.7,1246.6,0.352,102.5,0.052,1,0,0,0.05,39500.0,2
2025-01,2025-01-01,EU,Tesla,26932,108.56,14309.08,22403.8,44297.24,79.33,0.283,4.46,124.96,1.84,23.49,12.7,1978.6,0.368,35.3,0.048,0,1,0,0.5,42149.06,5
2025-01,2025-01-01,EU,BYD,11550,108.56,14309.08,22403.8,44297.24,79.33,0.283,4.46,124.96,1.84,23.49,12.7,1978.6,0.368,37.0,0.048,0,1,0,0.92,24290.25,15
2025-01,2025-01-01,EU,Volkswagen Group,38039,108.56,14309.08,22403.8,44297.24,79.33,0.283,4.46,124.96,1.84,23.49,12.7,1978.6,0.368,35.3,0.048,0,1,0,0.33,39946.59,8
2025-01,2025-01-01,EU,Hyundai-Kia Group,15443,108.56,14309.08,22403.8,44297.24,79.33,0.283,4.46,124.96,1.84,23.49,12.7,1978.6,0.368,35.3,0.048,0,1,0,0.44,37156.97,9
2025-01,2025-01-01,EU,BMW Group,14639,108.56,14309.08,22403.8,44297.24,79.33,0.283,4.46,124.96,1.84,23.49,12.7,1978.6,0.368,35.3,0.048,0,1,0,0.1,56212.72,6
2025-01,2025-01-01,EU,Mercedes-Benz Group,5412,108.56,14309.08,22403.8,44297.24,79.33,0.283,4.46,124.96,1.84,23.49,12.7,1978.6,0.368,35.3,0.048,0,1,0,0.08,63337.78,6
2025-01,2025-01-01,EU,Toyota,3845,108.56,14309.08,22403.8,44297.24,79.33,0.283,4.46,124.96,1.84,23.49,12.7,1978.6,0.368,35.3,0.048,0,1,0,0.05,39500.0,2
2025-01,2025-01-01,CN,Tesla,35373,108.56,14309.08,22403.8,44297.24,79.33,0.0988,4.46,124.96,1.84,23.19,12.7,3994.4,0.632,15.0,0.032,0,0,0,0.7,42311.16,5
2025-01,2025-01-01,CN,BYD,132836,108.56,14309.08,22403.8,44297.24,79.33,0.0988,4.46,124.96,1.84,23.19,12.7,3994.4,0.632,15.0,0.032,0,0,0,0.92,24256.75,15
2025-01,2025-01-01,CN,Volkswagen Group,17169,108.56,14309.08,22403.8,44297.24,79.33,0.0988,4.46,124.96,1.84,23.19,12.7,3994.4,0.632,15.0,0.032,0,0,0,0.33,40045.94,8
2025-01,2025-01-01,CN,Hyundai-Kia Group,2728,108.56,14309.08,22403.8,44297.24,79.33,0.0988,4.46,124.96,1.84,23.19,12.7,3994.4,0.632,15.0,0.032,0,0,0,0.44,36933.8,9
2025-01,2025-01-01,CN,BMW Group,8498,108.56,14309.08,22403.8,44297.24,79.33,0.0988,4.46,124.96,1.84,23.19,12.7,3994.4,0.632,15.0,0.032,0,0,0,0.1,55332.84,6
2025-01,2025-01-01,CN,Mercedes-Benz Group,2860,108.56,14309.08,22403.8,44297.24,79.33,0.0988,4.46,124.96,1.84,23.19,12.7,3994.4,0.632,15.0,0.032,0,0,0,0.08,63064.57,6
2025-01,2025-01-01,CN,Toyota,3041,108.56,14309.08,22403.8,44297.24,79.33,0.0988,4.46,124.96,1.84,23.19,12.7,3994.4,0.632,15.0,0.032,0,0,0,0.05,39500.0,2
2025-02,2025-02-01,US,Tesla,41585,109.22,13139.4,23921.75,43812.01,78.34,0.1716,4.42,125.62,1.99,23.82,10.7,1255.7,0.354,102.5,0.051,1,0,0,0.5,41922.39,5
2025-02,2025-02-01,US,BYD,885,109.22,13139.4,23921.75,43812.01,78.34,0.1716,4.42,125.62,1.99,23.82,10.7,1255.7,0.354,102.5,0.051,1,0,0,0.92,24290.8,15
2025-02,2025-02-01,US,Volkswagen Group,6434,109.22,13139.4,23921.75,43812.01,78.34,0.1716,4.42,125.62,1.99,23.82,10.7,1255.7,0.354,102.5,0.051,1,0,0,0.33,40410.97,8
2025-02,2025-02-01,US,Hyundai-Kia Group,13752,109.22,13139.4,23921.75,43812.01,78.34,0.1716,4.42,125.62,1.99,23.82,10.7,1255.7,0.354,102.5,0.051,1,0,0,0.44,36811.6,9
2025-02,2025-02-01,US,BMW Group,4734,109.22,13139.4,23921.75,43812.01,78.34,0.1716,4.42,125.62,1.99,23.82,10.7,1255.7,0.354,102.5,0.051,1,0,0,0.1,55597.05,6
2025-02,2025-02-01,US,Mercedes-Benz Group,1760,109.22,13139.4,23921.75,43812.01,78.34,0.1716,4.42,125.62,1.99,23.82,10.7,1255.7,0.354,102.5,0.051,1,0,0,0.08,63119.47,6
2025-02,2025-02-01,US,Toyota,4066,109.22,13139.4,23921.75,43812.01,78.34,0.1716,4.42,125.62,1.99,23.82,10.7,1255.7,0.354,102.5,0.051,1,0,0,0.05,39500.0,2
2025-02,2025-02-01,EU,Tesla,25595,109.22,13139.4,23921.75,43812.01,78.34,0.2838,4.42,125.62,1.99,25.11,10.7,2028.7,0.371,35.3,0.047,0,1,0,0.5,41803.8,5
2025-02,2025-02-01,EU,BYD,10255,109.22,13139.4,23921.75,43812.01,78.34,0.2838,4.42,125.62,1.99,25.11,10.7,2028.7,0.371,37.0,0.047,0,1,0,0.92,24479.55,15
2025-02,2025-02-01,EU,Volkswagen Group,35083,109.22,13139.4,23921.75,43812.01,78.34,0.2838,4.42,125.62,1.99,25.11,10.7,2028.7,0.371,35.3,0.047,0,1,0,0.33,40812.37,8
2025-02,2025-02-01,EU,Hyundai-Kia Group,13433,109.22,13139.4,23921.75,43812.01,78.34,0.2838,4.42,125.62,1.99,25.11,10.7,2028.7,0.371,35.3,0.047,0,1,0,0.44,36506.6,9
2025-02,2025-02-01,EU,BMW Group,13502,109.22,13139.4,23921.75,43812.01,78.34,0.2838,4.42,125.62,1.99,25.11,10.7,2028.7,0.371,35.3,0.047,0,1,0,0.1,55708.6,6
2025-02,2025-02-01,EU,Mercedes-Benz Group,5285,109.22,13139.4,23921.75,43812.01,78.34,0.2838,4.42,125.62,1.99,25.11,10.7,2028.7,0.371,35.3,0.047,0,1,0,0.08,63123.52,6
2025-02,2025-02-01,EU,Toyota,3770,109.22,13139.4,23921.75,43812.01,78.34,0.2838,4.42,125.62,1.99,25.11,10.7,2028.7,0.371,35.3,0.047,0,1,0,0.05,39500.0,2
2025-02,2025-02-01,CN,Tesla,33936,109.22,13139.4,23921.75,43812.01,78.34,0.099,4.42,125.62,1.99,23.22,10.7,4042.4,0.635,15.0,0.03,0,0,0,0.7,42141.06,5
2025-02,2025-02-01,CN,BYD,123444,109.22,13139.4,23921.75,43812.01,78.34,0.099,4.42,125.62,1.99,23.22,10.7,4042.4,0.635,15.0,0.03,0,0,0,0.92,24260.92,15
2025-02,2025-02-01,CN,Volkswagen Group,16927,109.22,13139.4,23921.75,43812.01,78.34,0.099,4.42,125.62,1.99,23.22,10.7,4042.4,0.635,15.0,0.03,0,0,0,0.33,39971.49,8
2025-02,2025-02-01,CN,Hyundai-Kia Group,2490,109.22,13139.4,23921.75,43812.01,78.34,0.099,4.42,125.62,1.99,23.22,10.7,4042.4,0.635,15.0,0.03,0,0,0,0.44,35974.28,9
2025-02,2025-02-01,CN,BMW Group,8227,109.22,13139.4,23921.75,43812.01,78.34,0.099,4.42,125.62,1.99,23.22,10.7,4042.4,0.635,15.0,0.03,0,0,0,0.1,54825.4,6
2025-02,2025-02-01,CN,Mercedes-Benz Group,2983,109.22,13139.4,23921.75,43812.01,78.34,0.099,4.42,125.62,1.99,23.22,10.7,4042.4,0.635,15.0,0.03,0,0,0,0.08,63394.94,6
2025-02,2025-02-01,CN,Toyota,2708,109.22,13139.4,23921.75,43812.01,78.34,0.099,4.42,125.62,1.99,23.22,10.7,4042.4,0.635,15.0,0.03,0,0,0,0.05,39500.0,2
2025-03,2025-03-01,US,Tesla,65056,110.03,13018.48,24313.31,42971.72,76.85,0.1723,4.38,125.8,1.27,22.96,13.3,1254.8,0.356,102.5,0.05,1,0,0,0.5,41781.57,5
2025-03,2025-03-01,US,BYD,1357,110.03,13018.48,24313.31,42971.72,76.85,0.1723,4.38,125.8,1.27,22.96,13.3,1254.8,0.356,102.5,0.05,1,0,0,0.92,24333.32,15
2025-03,2025-03-01,US,Volkswagen Group,10231,110.03,13018.48,24313.31,42971.72,76.85,0.1723,4.38,125.8,1.27,22.96,13.3,1254.8,0.356,102.5,0.05,1,0,0,0.34,40490.25,8
2025-03,2025-03-01,US,Hyundai-Kia Group,21787,110.03,13018.48,24313.31,42971.72,76.85,0.1723,4.38,125.8,1.27,22.96,13.3,1254.8,0.356,102.5,0.05,1,0,0,0.45,36699.6,9
2025-03,2025-03-01,US,BMW Group,7190,110.03,13018.48,24313.31,42971.72,76.85,0.1723,4.38,125.8,1.27,22.96,13.3,1254.8,0.356,102.5,0.05,1,0,0,0.1,56104.48,6
2025-03,2025-03-01,US,Mercedes-Benz Group,2717,110.03,13018.48,24313.31,42971.72,76.85,0.1723,4.38,125.8,1.27,22.96,13.3,1254.8,0.356,102.5,0.05,1,0,0,0.08,62929.06,6
2025-03,2025-03-01,US,Toyota,6523,110.03,13018.48,24313.31,42971.72,76.85,0.1723,4.38,125.8,1.27,22.96,13.3,1254.8,0.356,102.5,0.05,1,0,0,0.05,39500.0,2
2025-03,2025-03-01,EU,Tesla,39826,110.03,13018.48,24313.31,42971.72,76.85,0.2846,4.38,125.8,1.27,23.07,13.3,2064.0,0.374,35.3,0.046,0,1,0,0.5,41804.93,5
2025-03,2025-03-01,EU,BYD,16422,110.03,13018.48,24313.31,42971.72,76.85,0.2846,4.38,125.8,1.27,23.07,13.3,2064.0,0.374,37.0,0.046,0,1,0,0.92,24093.54,15
2025-03,2025-03-01,EU,Volkswagen Group,55476,110.03,13018.48,24313.31,42971.72,76.85,0.2846,4.38,125.8,1.27,23.07,13.3,2064.0,0.374,35.3,0.046,0,1,0,0.34,40856.01,8
2025-03,2025-03-01,EU,Hyundai-Kia Group,21648,110.03,13018.48,24313.31,42971.72,76.85,0.2846,4.38,125.8,1.27,23.07,13.3,2064.0,0.374,35.3,0.046,0,1,0,0.45,36268.78,9
2025-03,2025-03-01,EU,BMW Group,20008,110.03,13018.48,24313.31,42971.72,76.85,0.2846,4.38,125.8,1.27,23.07,13.3,2064.0,0.374,35.3,0.046,0,1,0,0.1,55503.19,6
2025-03,2025-03-01,EU,Mercedes-Benz Group,8569,110.03,13018.48,24313.31,42971.72,76.85,0.2846,4.38,125.8,1.27,23.07,13.3,2064.0,0.374,35.3,0.046,0,1,0,0.08,63757.58,6
2025-03,2025-03-01,EU,Toyota,5739,110.03,13018.48,24313.31,42971.72,76.85,0.2846,4.38,125.8,1.27,23.07,13.3,2064.0,0.374,35.3,0.046,0,1,0,0.05,39500.0,2
2025-03,2025-03-01,CN,Tesla,51669,110.03,13018.48,24313.31,42971.72,76.85,0.0992,4.38,125.8,1.27,23.01,13.3,4064.2,0.638,15.0,0.03,0,0,0,0.7,41954.13,5
2025-03,2025-03-01,CN,BYD,181675,110.03,13018.48,24313.31,42971.72,76.85,0.0992,4.38,125.8,1.27,23.01,13.3,4064.2,0.638,15.0,0.03,0,0,0,0.92,24607.97,15
2025-03,2025-03-01,CN,Volkswagen Group,26154,110.03,13018.48,24313.31,42971.72,76.85,0.0992,4.38,125.8,1.27,23.01,13.3,4064.2,0.638,15.0,0.03,0,0,0,0.34,40579.88,8
2025-03,2025-03-01,CN,Hyundai-Kia Group,3697,110.03,13018.48,24313.31,42971.72,76.85,0.0992,4.38,125.8,1.27,23.01,13.3,4064.2,0.638,15.0,0.03,0,0,0,0.45,36130.25,9
2025-03,2025-03-01,CN,BMW Group,12349,110.03,13018.48,24313.31,42971.72,76.85,0.0992,4.38,125.8,1.27,23.01,13.3,4064.2,0.638,15.0,0.03,0,0,0,0.1,55601.11,6
2025-03,2025-03-01,CN,Mercedes-Benz Group,4643,110.03,13018.48,24313.31,42971.72,76.85,0.0992,4.38,125.8,1.27,23.01,13.3,4064.2,0.638,15.0,0.03,0,0,0,0.08,63873.04,6
2025-03,2025-03-01,CN,Toyota,4179,110.03,13018.48,24313.31,42971.72,76.85,0.0992,4.38,125.8,1.27,23.01,13.3,4064.2,0.638,15.0,0.03,0,0,0,0.05,39500.0,2
2025-04,2025-04-01,US,Tesla,53026,107.66,14073.45,22919.63,46301.22,79.98,0.1729,4.34,126.6,1.31,24.15,11.6,1274.9,0.359,102.5,0.05,1,0,0,0.5,41391.86,5
2025-04,2025-04-01,US,BYD,1216,107.66,14073.45,22919.63,46301.22,79.98,0.1729,4.34,126.6,1.31,24.15,11.6,1274.9,0.359,102.5,0.05,1,0,0,0.92,24350.72,15
2025-04,2025-04-01,US,Volkswagen Group,8294,107.66,14073.45,22919.63,46301.22,79.98,0.1729,4.34,126.6,1.31,24.15,11.6,1274.9,0.359,102.5,0.05,1,0,0,0.34,40227.45,8
2025-04,2025-04-01,US,Hyundai-Kia Group,17209,107.66,14073.45,22919.63,46301.22,79.98,0.1729,4.34,126.6,1.31,24.15,11.6,1274.9,0.359,102.5,0.05,1,0,0,0.45,36114.0,9
2025-04,2025-04-01,US,BMW Group,5671,107.66,14073.45,22919.63,46301.22,79.98,0.1729,4.34,126.6,1.31,24.15,11.6,1274.9,0.359,102.5,0.05,1,0,0,0.1,54632.44,6
2025-04,2025-04-01,US,Mercedes-Benz Group,2188,107.66,14073.45,22919.63,46301.22,79.98,0.1729,4.34,126.6,1.31,24.15,11.6,1274.9,0.359,102.5,0.05,1,0,0,0.08,63125.49,6
2025-04,2025-04-01,US,Toyota,5708,107.66,14073.45,22919.63,46301.22,79.98,0.1729,4.34,126.6,1.31,24.15,11.6,1274.9,0.359,102.5,0.05,1,0,0,0.05,39500.0,2
2025-04,2025-04-01,EU,Tesla,34174,107.66,14073.45,22919.63,46301.22,79.98,0.2854,4.34,126.6,1.31,23.95,11.6,2057.2,0.376,35.3,0.044,0,1,0,0.5,41609.32,5
2025-04,2025-04-01,EU,BYD,13776,107.66,14073.45,22919.63,46301.22,79.98,0.2854,4.34,126.6,1.31,23.95,11.6,2057.2,0.376,37.0,0.044,0,1,0,0.92,24095.94,15
2025-04,2025-04-01,EU,Volkswagen Group,46996,107.66,14073.45,22919.63,46301.22,79.98,0.2854,4.34,126.6,1.31,23.95,11.6,2057.2,0.376,35.3,0.044,0,1,0,0.34,40632.16,8
2025-04,2025-04-01,EU,Hyundai-Kia Group,17196,107.66,14073.45,22919.63,46301.22,79.98,0.2854,4.34,126.6,1.31,23.95,11.6,2057.2,0.376,35.3,0.044,0,1,0,0.45,36152.79,9
2025-04,2025-04-01,EU,BMW Group,17439,107.66,14073.45,22919.63,46301.22,79.98,0.2854,4.34,126.6,1.31,23.95,11.6,2057.2,0.376,35.3,0.044,0,1,0,0.1,54964.18,6
2025-04,2025-04-01,EU,Mercedes-Benz Group,7073,107.66,14073.45,22919.63,46301.22,79.98,0.2854,4.34,126.6,1.31,23.95,11.6,2057.2,0.376,35.3,0.044,0,1,0,0.08,63115.86,6
2025-04,2025-04-01,EU,Toyota,5118,107.66,14073.45,22919.63,46301.22,79.98,0.2854,4.34,126.6,1.31,23.95,11.6,2057.2,0.376,35.3,0.044,0,1,0,0.05,39500.0,2
2025-04,2025-04-01,CN,Tesla,48367,107.66,14073.45,22919.63,46301.22,79.98,0.0993,4.34,126.6,1.31,23.98,11.6,4147.8,0.642,15.0,0.03,0,0,1,0.7,41901.77,5
2025-04,2025-04-01,CN,BYD,174838,107.66,14073.45,22919.63,46301.22,79.98,0.0993,4.34,126.6,1.31,23.98,11.6,4147.8,0.642,15.0,0.03,0,0,1,0.92,24171.76,15
2025-04,2025-04-01,CN,Volkswagen Group,21662,107.66,14073.45,22919.63,46301.22,79.98,0.0993,4.34,126.6,1.31,23.98,11.6,4147.8,0.642,15.0,0.03,0,0,1,0.34,40348.49,8
2025-04,2025-04-01,CN,Hyundai-Kia Group,3239,107.66,14073.45,22919.63,46301.22,79.98,0.0993,4.34,126.6,1.31,23.98,11.6,4147.8,0.642,15.0,0.03,0,0,1,0.45,35986.9,9
2025-04,2025-04-01,CN,BMW Group,10179,107.66,14073.45,22919.63,46301.22,79.98,0.0993,4.34,126.6,1.31,23.98,11.6,4147.8,0.642,15.0,0.03,0,0,1,0.1,55320.41,6
2025-04,2025-04-01,CN,Mercedes-Benz Group,3703,107.66,14073.45,22919.63,46301.22,79.98,0.0993,4.34,126.6,1.31,23.98,11.6,4147.8,0.642,15.0,0.03,0,0,1,0.08,64466.27,6
2025-04,2025-04-01,CN,Toyota,3396,107.66,14073.45,22919.63,46301.22,79.98,0.0993,4.34,126.6,1.31,23.98,11.6,4147.8,0.642,15.0,0.03,0,0,1,0.05,39500.0,2
2025-05,2025-05-01,US,Tesla,57255,108.09,14893.53,24788.38,44601.52,77.42,0.1736,4.3,126.92,1.24,24.29,12.3,1272.5,0.361,102.5,0.049,1,0,0,0.5,41393.26,5
2025-05,2025-05-01,US,BYD,1546,108.09,14893.53,24788.38,44601.52,77.42,0.1736,4.3,126.92,1.24,24.29,12.3,1272.5,0.361,102.5,0.049,1,0,0,0.92,24245.01,16
2025-05,2025-05-01,US,Volkswagen Group,9425,108.09,14893.53,24788.38,44601.52,77.42,0.1736,4.3,126.92,1.24,24.29,12.3,1272.5,0.361,102.5,0.049,1,0,0,0.34,40617.47,8
2025-05,2025-05-01,US,Hyundai-Kia Group,18637,108.09,14893.53,24788.38,44601.52,77.42,0.1736,4.3,126.92,1.24,24.29,12.3,1272.5,0.361,102.5,0.049,1,0,0,0.46,36214.97,9
2025-05,2025-05-01,US,BMW Group,6405,108.09,14893.53,24788.38,44601.52,77.42,0.1736,4.3,126.92,1.24,24.29,12.3,1272.5,0.361,102.5,0.049,1,0,0,0.1,55636.29,6
2025-05,2025-05-01,US,Mercedes-Benz Group,2471,108.09,14893.53,24788.38,44601.52,77.42,0.1736,4.3,126.92,1.24,24.29,12.3,1272.5,0.361,102.5,0.049,1,0,0,0.08,62793.69,6
2025-05,2025-05-01,US,Toyota,5730,108.09,14893.53,24788.38,44601.52,77.42,0.1736,4.3,126.92,1.24,24.29,12.3,1272.5,0.361,102.5,0.049,1,0,0,0.05,39500.0,2
2025-05,2025-05-01,EU,Tesla,36979,108.09,14893.53,24788.38,44601.52,77.42,0.2862,4.3,126.92,1.24,23.68,12.3,2080.7,0.379,35.3,0.043,0,1,0,0.5,41585.46,5
2025-05,2025-05-01,EU,BYD,14168,108.09,14893.53,24788.38,44601.52,77.42,0.2862,4.3,126.92,1.24,23.68,12.3,2080.7,0.379,37.0,0.043,0,1,0,0.92,24592.79,16
2025-05,2025-05-01,EU,Volkswagen Group,49136,108.09,14893.53,24788.38,44601.52,77.42,0.2862,4.3,126.92,1.24,23.68,12.3,2080.7,0.379,35.3,0.043,0,1,0,0.34,40435.36,8
2025-05,2025-05-01,EU,Hyundai-Kia Group,19790,108.09,14893.53,24788.38,44601.52,77.42,0.2862,4.3,126.92,1.24,23.68,12.3,2080.7,0.379,35.3,0.043,0,1,0,0.46,36710.4,9
2025-05,2025-05-01,EU,BMW Group,19265,108.09,14893.53,24788.38,44601.52,77.42,0.2862,4.3,126.92,1.24,23.68,12.3,2080.7,0.379,35.3,0.043,0,1,0,0.1,55838.49,6
2025-05,2025-05-01,EU,Mercedes-Benz Group,7652,108.09,14893.53,24788.38,44601.52,77.42,0.2862,4.3,126.92,1.24,23.68,12.3,2080.7,0.379,35.3,0.043,0,1,0,0.08,63391.04,6
2025-05,2025-05-01,EU,Toyota,5550,108.09,14893.53,24788.38,44601.52,77.42,0.2862,4.3,126.92,1.24,23.68,12.3,2080.7,0.379,35.3,0.043,0,1,0,0.05,39500.0,2
2025-05,2025-05-01,CN,Tesla,49207,108.09,14893.53,24788.38,44601.52,77.42,0.0995,4.3,126.92,1.24,24.2,12.3,4189.8,0.645,15.0,0.03,0,0,1,0.7,41073.51,5
2025-05,2025-05-01,CN,BYD,192674,108.09,14893.53,24788.38,44601.52,77.42,0.0995,4.3,126.92,1.24,24.2,12.3,4189.8,0.645,15.0,0.03,0,0,1,0.92,24409.1,16
2025-05,2025-05-01,CN,Volkswagen Group,22905,108.09,14893.53,24788.38,44601.52,77.42,0.0995,4.3,126.92,1.24,24.2,12.3,4189.8,0.645,15.0,0.03,0,0,1,0.34,40062.29,8
2025-05,2025-05-01,CN,Hyundai-Kia Group,3634,108.09,14893.53,24788.38,44601.52,77.42,0.0995,4.3,126.92,1.24,24.2,12.3,4189.8,0.645,15.0,0.03,0,0,1,0.46,36588.62,9
2025-05,2025-05-01,CN,BMW Group,10869,108.09,14893.53,24788.38,44601.52,77.42,0.0995,4.3,126.92,1.24,24.2,12.3,4189.8,0.645,15.0,0.03,0,0,1,0.1,55255.4,6
2025-05,2025-05-01,CN,Mercedes-Benz Group,3911,108.09,14893.53,24788.38,44601.52,77.42,0.0995,4.3,126.92,1.24,24.2,12.3,4189.8,0.645,15.0,0.03,0,0,1,0.08,63246.15,6
2025-05,2025-05-01,CN,Toyota,3765,108.09,14893.53,24788.38,44601.52,77.42,0.0995,4.3,126.92,1.24,24.2,12.3,4189.8,0.645,15.0,0.03,0,0,1,0.05,39500.0,2
2025-06,2025-06-01,US,Tesla,71327,103.48,12304.83,23167.9,44293.98,81.13,0.1743,4.26,127.52,1.16,25.02,12.0,1298.6,0.363,102.5,0.048,1,0,0,0.5,41397.01,5
2025-06,2025-06-01,US,BYD,1733,103.48,12304.83,23167.9,44293.98,81.13,0.1743,4.26,127.52,1.16,25.02,12.0,1298.6,0.363,102.5,0.048,1,0,0,0.92,24460.06,16
2025-06,2025-06-01,US,Volkswagen Group,10908,103.48,12304.83,23167.9,44293.98,81.13,0.1743,4.26,127.52,1.16,25.02,12.0,1298.6,0.363,102.5,0.048,1,0,0,0.34,39826.45,8
2025-06,2025-06-01,US,Hyundai-Kia Group,22820,103.48,12304.83,23167.9,44293.98,81.13,0.1743,4.26,127.52,1.16,25.02,12.0,1298.6,0.363,102.5,0.048,1,0,0,0.46,36163.64,9
2025-06,2025-06-01,US,BMW Group,7606,103.48,12304.83,23167.9,44293.98,81.13,0.1743,4.26,127.52,1.16,25.02,12.0,1298.6,0.363,102.5,0.048,1,0,0,0.1,55213.44,6
2025-06,2025-06-01,US,Mercedes-Benz Group,2916,103.48,12304.83,23167.9,44293.98,81.13,0.1743,4.26,127.52,1.16,25.02,12.0,1298.6,0.363,102.5,0.048,1,0,0,0.08,63426.13,6
2025-06,2025-06-01,US,Toyota,6713,103.48,12304.83,23167.9,44293.98,81.13,0.1743,4.26,127.52,1.16,25.02,12.0,1298.6,0.363,102.5,0.048,1,0,0,0.05,39500.0,2
2025-06,2025-06-01,EU,Tesla,45095,103.48,12304.83,23167.9,44293.98,81.13,0.287,4.26,127.52,1.16,22.64,12.0,2103.9,0.382,35.3,0.042,0,1,0,0.5,40718.31,5
2025-06,2025-06-01,EU,BYD,18518,103.48,12304.83,23167.9,44293.98,81.13,0.287,4.26,127.52,1.16,22.64,12.0,2103.9,0.382,37.0,0.042,0,1,0,0.92,24702.27,16
2025-06,2025-06-01,EU,Volkswagen Group,58100,103.48,12304.83,23167.9,44293.98,81.13,0.287,4.26,127.52,1.16,22.64,12.0,2103.9,0.382,35.3,0.042,0,1,0,0.34,39169.06,8
2025-06,2025-06-01,EU,Hyundai-Kia Group,23234,103.48,12304.83,23167.9,44293.98,81.13,0.287,4.26,127.52,1.16,22.64,12.0,2103.9,0.382,35.3,0.042,0,1,0,0.46,36280.74,9
2025-06,2025-06-01,EU,BMW Group,22186,103.48,12304.83,23167.9,44293.98,81.13,0.287,4.26,127.52,1.16,22.64,12.0,2103.9,0.382,35.3,0.042,0,1,0,0.1,55043.91,6
2025-06,2025-06-01,EU,Mercedes-Benz Group,9447,103.48,12304.83,23167.9,44293.98,81.13,0.287,4.26,127.52,1.16,22.64,12.0,2103.9,0.382,35.3,0.042,0,1,0,0.08,63732.46,6
2025-06,2025-06-01,EU,Toyota,6095,103.48,12304.83,23167.9,44293.98,81.13,0.287,4.26,127.52,1.16,22.64,12.0,2103.9,0.382,35.3,0.042,0,1,0,0.05,39500.0,2
2025-06,2025-06-01,CN,Tesla,60517,103.48,12304.83,23167.9,44293.98,81.13,0.0997,4.26,127.52,1.16,23.41,12.0,4188.0,0.648,15.0,0.03,0,0,1,0.7,41498.86,5
2025-06,2025-06-01,CN,BYD,225818,103.48,12304.83,23167.9,44293.98,81.13,0.0997,4.26,127.52,1.16,23.41,12.0,4188.0,0.648,15.0,0.03,0,0,1,0.92,24527.3,16
2025-06,2025-06-01,CN,Volkswagen Group,29427,103.48,12304.83,23167.9,44293.98,81.13,0.0997,4.26,127.52,1.16,23.41,12.0,4188.0,0.648,15.0,0.03,0,0,1,0.34,40194.65,8
2025-06,2025-06-01,CN,Hyundai-Kia Group,4164,103.48,12304.83,23167.9,44293.98,81.13,0.0997,4.26,127.52,1.16,23.41,12.0,4188.0,0.648,15.0,0.03,0,0,1,0.46,36245.05,9
2025-06,2025-06-01,CN,BMW Group,13326,103.48,12304.83,23167.9,44293.98,81.13,0.0997,4.26,127.52,1.16,23.41,12.0,4188.0,0.648,15.0,0.03,0,0,1,0.1,55722.26,6
2025-06,2025-06-01,CN,Mercedes-Benz Group,4714,103.48,12304.83,23167.9,44293.98,81.13,0.0997,4.26,127.52,1.16,23.41,12.0,4188.0,0.648,15.0,0.03,0,0,1,0.08,63422.61,6
2025-06,2025-06-01,CN,Toyota,4573,103.48,12304.83,23167.9,44293.98,81.13,0.0997,4.26,127.52,1.16,23.41,12.0,4188.0,0.648,15.0,0.03,0,0,1,0.05,39500.0,2
2025-07,2025-07-01,US,Tesla,55123,107.1,12201.31,23152.01,44403.76,74.67,0.1749,4.22,127.96,1.07,23.94,13.4,1309.2,0.365,102.5,0.047,1,0,0,0.5,41001.33,5
2025-07,2025-07-01,US,BYD,1325,107.1,12201.31,23152.01,44403.76,74.67,0.1749,4.22,127.96,1.07,23.94,13.4,1309.2,0.365,102.5,0.047,1,0,0,0.92,24725.9,16
2025-07,2025-07-01,US,Volkswagen Group,8514,107.1,12201.31,23152.01,44403.76,74.67,0.1749,4.22,127.96,1.07,23.94,13.4,1309.2,0.365,102.5,0.047,1,0,0,0.35,40030.82,8
2025-07,2025-07-01,US,Hyundai-Kia Group,16906,107.1,12201.31,23152.01,44403.76,74.67,0.1749,4.22,127.96,1.07,23.94,13.4,1309.2,0.365,102.5,0.047,1,0,0,0.46,35930.3,9
2025-07,2025-07-01,US,BMW Group,6431,107.1,12201.31,23152.01,44403.76,74.67,0.1749,4.22,127.96,1.07,23.94,13.4,1309.2,0.365,102.5,0.047,1,0,0,0.1,54967.29,6
2025-07,2025-07-01,US,Mercedes-Benz Group,2264,107.1,12201.31,23152.01,44403.76,74.67,0.1749,4.22,127.96,1.07,23.94,13.4,1309.2,0.365,102.5,0.047,1,0,0,0.08,63261.03,6
2025-07,2025-07-01,US,Toyota,5890,107.1,12201.31,23152.01,44403.76,74.67,0.1749,4.22,127.96,1.07,23.94,13.4,1309.2,0.365,102.5,0.047,1,0,0,0.05,39500.0,2
2025-07,2025-07-01,EU,Tesla,36445,107.1,12201.31,23152.01,44403.76,74.67,0.2878,4.22,127.96,1.07,22.75,13.4,2115.0,0.385,35.3,0.041,0,1,0,0.5,41797.31,5
2025-07,2025-07-01,EU,BYD,14244,107.1,12201.31,23152.01,44403.76,74.67,0.2878,4.22,127.96,1.07,22.75,13.4,2115.0,0.385,37.0,0.041,0,1,0,0.92,24222.19,16
2025-07,2025-07-01,EU,Volkswagen Group,49459,107.1,12201.31,23152.01,44403.76,74.67,0.2878,4.22,127.96,1.07,22.75,13.4,2115.0,0.385,35.3,0.041,0,1,0,0.35,40358.33,8
2025-07,2025-07-01,EU,Hyundai-Kia Group,19059,107.1,12201.31,23152.01,44403.76,74.67,0.2878,4.22,127.96,1.07,22.75,13.4,2115.0,0.385,35.3,0.041,0,1,0,0.46,35976.28,9
2025-07,2025-07-01,EU,BMW Group,18165,107.1,12201.31,23152.01,44403.76,74.67,0.2878,4.22,127.96,1.07,22.75,13.4,2115.0,0.385,35.3,0.041,0,1,0,0.1,55135.86,6
2025-07,2025-07-01,EU,Mercedes-Benz Group,7281,107.1,12201.31,23152.01,44403.76,74.67,0.2878,4.22,127.96,1.07,22.75,13.4,2115.0,0.385,35.3,0.041,0,1,0,0.08,64085.5,6
2025-07,2025-07-01,EU,Toyota,5110,107.1,12201.31,23152.01,44403.76,74.67,0.2878,4.22,127.96,1.07,22.75,13.4,2115.0,0.385,35.3,0.041,0,1,0,0.05,39500.0,2
2025-07,2025-07-01,CN,Tesla,48620,107.1,12201.31,23152.01,44403.76,74.67,0.0999,4.22,127.96,1.07,24.7,13.4,4246.5,0.651,15.0,0.03,0,0,1,0.7,41446.12,5
2025-07,2025-07-01,CN,BYD,188168,107.1,12201.31,23152.01,44403.76,74.67,0.0999,4.22,127.96,1.07,24.7,13.4,4246.5,0.651,15.0,0.03,0,0,1,0.92,24247.68,16
2025-07,2025-07-01,CN,Volkswagen Group,22095,107.1,12201.31,23152.01,44403.76,74.67,0.0999,4.22,127.96,1.07,24.7,13.4,4246.5,0.651,15.0,0.03,0,0,1,0.35,39720.56,8
2025-07,2025-07-01,CN,Hyundai-Kia Group,3156,107.1,12201.31,23152.01,44403.76,74.67,0.0999,4.22,127.96,1.07,24.7,13.4,4246.5,0.651,15.0,0.03,0,0,1,0.46,36324.01,9
2025-07,2025-07-01,CN,BMW Group,11405,107.1,12201.31,23152.01,44403.76,74.67,0.0999,4.22,127.96,1.07,24.7,13.4,4246.5,0.651,15.0,0.03,0,0,1,0.1,54463.97,6
2025-07,2025-07-01,CN,Mercedes-Benz Group,3794,107.1,12201.31,23152.01,44403.76,74.67,0.0999,4.22,127.96,1.07,24.7,13.4,4246.5,0.651,15.0,0.03,0,0,1,0.08,63680.27,6
2025-07,2025-07-01,CN,Toyota,3628,107.1,12201.31,23152.01,44403.76,74.67,0.0999,4.22,127.96,1.07,24.7,13.4,4246.5,0.651,15.0,0.03,0,0,1,0.05,39500.0,2
2025-08,2025-08-01,US,Tesla,57661,103.37,12415.38,22710.86,43452.8,78.99,0.1756,4.18,128.33,1.22,23.7,12.2,1347.0,0.367,102.5,0.046,1,0,0,0.5,41040.76,5
2025-08,2025-08-01,US,BYD,1492,103.37,12415.38,22710.86,43452.8,78.99,0.1756,4.18,128.33,1.22,23.7,12.2,1347.0,0.367,102.5,0.046,1,0,0,0.92,24579.16,16
2025-08,2025-08-01,US,Volkswagen Group,9478,103.37,12415.38,22710.86,43452.8,78.99,0.1756,4.18,128.33,1.22,23.7,12.2,1347.0,0.367,102.5,0.046,1,0,0,0.35,39428.98,8
2025-08,2025-08-01,US,Hyundai-Kia Group,19033,103.37,12415.38,22710.86,43452.8,78.99,0.1756,4.18,128.33,1.22,23.7,12.2,1347.0,0.367,102.5,0.046,1,0,0,0.47,35890.41,9
2025-08,2025-08-01,US,BMW Group,6240,103.37,12415.38,22710.86,43452.8,78.99,0.1756,4.18,128.33,1.22,23.7,12.2,1347.0,0.367,102.5,0.046,1,0,0,0.1,54823.85,6
2025-08,2025-08-01,US,Mercedes-Benz Group,2353,103.37,12415.38,22710.86,43452.8,78.99,0.1756,4.18,128.33,1.22,23.7,12.2,1347.0,0.367,102.5,0.046,1,0,0,0.08,64382.39,6
2025-08,2025-08-01,US,Toyota,5972,103.37,12415.38,22710.86,43452.8,78.99,0.1756,4.18,128.33,1.22,23.7,12.2,1347.0,0.367,102.5,0.046,1,0,0,0.05,39500.0,2
2025-08,2025-08-01,EU,Tesla,36254,103.37,12415.38,22710.86,43452.8,78.99,0.2886,4.18,128.33,1.22,22.55,12.2,2184.5,0.388,35.3,0.04,0,1,0,0.5,40741.95,5
2025-08,2025-08-01,EU,BYD,14498,103.37,12415.38,22710.86,43452.8,78.99,0.2886,4.18,128.33,1.22,22.55,12.2,2184.5,0.388,37.0,0.04,0,1,0,0.92,24331.37,16
2025-08,2025-08-01,EU,Volkswagen Group,49995,103.37,12415.38,22710.86,43452.8,78.99,0.2886,4.18,128.33,1.22,22.55,12.2,2184.5,0.388,35.3,0.04,0,1,0,0.35,39691.13,8
2025-08,2025-08-01,EU,Hyundai-Kia Group,19934,103.37,12415.38,22710.86,43452.8,78.99,0.2886,4.18,128.33,1.22,22.55,12.2,2184.5,0.388,35.3,0.04,0,1,0,0.47,36321.24,9
2025-08,2025-08-01,EU,BMW Group,20046,103.37,12415.38,22710.86,43452.8,78.99,0.2886,4.18,128.33,1.22,22.55,12.2,2184.5,0.388,35.3,0.04,0,1,0,0.1,54558.22,6
2025-08,2025-08-01,EU,Mercedes-Benz Group,7730,103.37,12415.38,22710.86,43452.8,78.99,0.2886,4.18,128.33,1.22,22.55,12.2,2184.5,0.388,35.3,0.04,0,1,0,0.08,63893.22,6
2025-08,2025-08-01,EU,Toyota,5019,103.37,12415.38,22710.86,43452.8,78.99,0.2886,4.18,128.33,1.22,22.55,12.2,2184.5,0.388,35.3,0.04,0,1,0,0.05,39500.0,2
2025-08,2025-08-01,CN,Tesla,49734,103.37,12415.38,22710.86,43452.8,78.99,0.1001,4.18,128.33,1.22,23.79,12.2,4336.1,0.654,15.0,0.03,0,0,1,0.7,40882.82,5
2025-08,2025-08-01,CN,BYD,184792,103.37,12415.38,22710.86,43452.8,78.99,0.1001,4.18,128.33,1.22,23.79,12.2,4336.1,0.654,15.0,0.03,0,0,1,0.92,24924.96,16
2025-08,2025-08-01,CN,Volkswagen Group,22968,103.37,12415.38,22710.86,43452.8,78.99,0.1001,4.18,128.33,1.22,23.79,12.2,4336.1,0.654,15.0,0.03,0,0,1,0.35,40044.64,8
2025-08,2025-08-01,CN,Hyundai-Kia Group,3354,103.37,12415.38,22710.86,43452.8,78.99,0.1001,4.18,128.33,1.22,23.79,12.2,4336.1,0.654,15.0,0.03,0,0,1,0.47,35906.04,9
2025-08,2025-08-01,CN,BMW Group,11395,103.37,12415.38,22710.86,43452.8,78.99,0.1001,4.18,128.33,1.22,23.79,12.2,4336.1,0.654,15.0,0.03,0,0,1,0.1,54610.17,6
2025-08,2025-08-01,CN,Mercedes-Benz Group,3899,103.37,12415.38,22710.86,43452.8,78.99,0.1001,4.18,128.33,1.22,23.79,12.2,4336.1,0.654,15.0,0.03,0,0,1,0.08,63337.01,6
2025-08,2025-08-01,CN,Toyota,3766,103.37,12415.38,22710.86,43452.8,78.99,0.1001,4.18,128.33,1.22,23.79,12.2,4336.1,0.654,15.0,0.03,0,0,1,0.05,39500.0,2
2025-09,2025-09-01,US,Tesla,71062,104.32,13745.02,22505.12,44151.08,75.29,0.1762,4.14,128.8,1.4,21.87,10.9,1356.4,0.37,102.5,0.046,1,0,0,0.5,41589.33,5
2025-09,2025-09-01,US,BYD,1614,104.32,13745.02,22505.12,44151.08,75.29,0.1762,4.14,128.8,1.4,21.87,10.9,1356.4,0.37,102.5,0.046,1,0,0,0.92,24393.14,16
2025-09,2025-09-01,US,Volkswagen Group,12148,104.32,13745.02,22505.12,44151.08,75.29,0.1762,4.14,128.8,1.4,21.87,10.9,1356.4,0.37,102.5,0.046,1,0,0,0.35,39277.16,8
2025-09,2025-09-01,US,Hyundai-Kia Group,23383,104.32,13745.02,22505.12,44151.08,75.29,0.1762,4.14,128.8,1.4,21.87,10.9,1356.4,0.37,102.5,0.046,1,0,0,0.47,36238.93,9
2025-09,2025-09-01,US,BMW Group,7874,104.32,13745.02,22505.12,44151.08,75.29,0.1762,4.14,128.8,1.4,21.87,10.9,1356.4,0.37,102.5,0.046,1,0,0,0.1,55005.61,6
2025-09,2025-09-01,US,Mercedes-Benz Group,3127,104.32,13745.02,22505.12,44151.08,75.29,0.1762,4.14,128.8,1.4,21.87,10.9,1356.4,0.37,102.5,0.046,1,0,0,0.08,63490.77,6
2025-09,2025-09-01,US,Toyota,7311,104.32,13745.02,22505.12,44151.08,75.29,0.1762,4.14,128.8,1.4,21.87,10.9,1356.4,0.37,102.5,0.046,1,0,0,0.05,39500.0,2
2025-09,2025-09-01,EU,Tesla,44691,104.32,13745.02,22505.12,44151.08,75.29,0.2894,4.14,128.8,1.4,23.75,10.9,2181.9,0.39,35.3,0.038,0,1,0,0.5,41157.34,5
2025-09,2025-09-01,EU,BYD,18070,104.32,13745.02,22505.12,44151.08,75.29,0.2894,4.14,128.8,1.4,23.75,10.9,2181.9,0.39,37.0,0.038,0,1,0,0.92,24523.49,16
2025-09,2025-09-01,EU,Volkswagen Group,58206,104.32,13745.02,22505.12,44151.08,75.29,0.2894,4.14,128.8,1.4,23.75,10.9,2181.9,0.39,35.3,0.038,0,1,0,0.35,39729.5,8
2025-09,2025-09-01,EU,Hyundai-Kia Group,23437,104.32,13745.02,22505.12,44151.08,75.29,0.2894,4.14,128.8,1.4,23.75,10.9,2181.9,0.39,35.3,0.038,0,1,0,0.47,35725.79,9
2025-09,2025-09-01,EU,BMW Group,23508,104.32,13745.02,22505.12,44151.08,75.29,0.2894,4.14,128.8,1.4,23.75,10.9,2181.9,0.39,35.3,0.038,0,1,0,0.1,55185.1,6
2025-09,2025-09-01,EU,Mercedes-Benz Group,9460,104.32,13745.02,22505.12,44151.08,75.29,0.2894,4.14,128.8,1.4,23.75,10.9,2181.9,0.39,35.3,0.038,0,1,0,0.08,63064.44,6
2025-09,2025-09-01,EU,Toyota,6469,104.32,13745.02,22505.12,44151.08,75.29,0.2894,4.14,128.8,1.4,23.75,10.9,2181.9,0.39,35.3,0.038,0,1,0,0.05,39500.0,2
2025-09,2025-09-01,CN,Tesla,61163,104.32,13745.02,22505.12,44151.08,75.29,0.1002,4.14,128.8,1.4,23.81,10.9,4375.0,0.658,15.0,0.03,0,0,1,0.7,41064.81,5
2025-09,2025-09-01,CN,BYD,237027,104.32,13745.02,22505.12,44151.08,75.29,0.1002,4.14,128.8,1.4,23.81,10.9,4375.0,0.658,15.0,0.03,0,0,1,0.92,24561.44,16
2025-09,2025-09-01,CN,Volkswagen Group,27020,104.32,13745.02,22505.12,44151.08,75.29,0.1002,4.14,128.8,1.4,23.81,10.9,4375.0,0.658,15.0,0.03,0,0,1,0.35,39788.15,8
2025-09,2025-09-01,CN,Hyundai-Kia Group,4541,104.32,13745.02,22505.12,44151.08,75.29,0.1002,4.14,128.8,1.4,23.81,10.9,4375.0,0.658,15.0,0.03,0,0,1,0.47,35951.99,9
2025-09,2025-09-01,CN,BMW Group,13535,104.32,13745.02,22505.12,44151.08,75.29,0.1002,4.14,128.8,1.4,23.81,10.9,4375.0,0.658,15.0,0.03,0,0,1,0.1,55249.34,6
2025-09,2025-09-01,CN,Mercedes-Benz Group,4965,104.32,13745.02,22505.12,44151.08,75.29,0.1002,4.14,128.8,1.4,23.81,10.9,4375.0,0.658,15.0,0.03,0,0,1,0.08,63876.37,6
2025-09,2025-09-01,CN,Toyota,4524,104.32,13745.02,22505.12,44151.08,75.29,0.1002,4.14,128.8,1.4,23.81,10.9,4375.0,0.658,15.0,0.03,0,0,1,0.05,39500.0,2
2025-10,2025-10-01,US,Tesla,61957,106.24,14264.89,21435.12,43243.93,78.18,0.1769,4.1,128.75,1.46,23.44,11.9,1369.4,0.372,102.5,0.045,1,0,0,0.5,41267.51,5
2025-10,2025-10-01,US,BYD,1479,106.24,14264.89,21435.12,43243.93,78.18,0.1769,4.1,128.75,1.46,23.44,11.9,1369.4,0.372,102.5,0.045,1,0,0,0.92,24381.09,16
2025-10,2025-10-01,US,Volkswagen Group,10293,106.24,14264.89,21435.12,43243.93,78.18,0.1769,4.1,128.75,1.46,23.44,11.9,1369.4,0.372,102.5,0.045,1,0,0,0.36,39723.61,8
2025-10,2025-10-01,US,Hyundai-Kia Group,21594,106.24,14264.89,21435.12,43243.93,78.18,0.1769,4.1,128.75,1.46,23.44,11.9,1369.4,0.372,102.5,0.045,1,0,0,0.48,36160.93,9
2025-10,2025-10-01,US,BMW Group,6850,106.24,14264.89,21435.12,43243.93,78.18,0.1769,4.1,128.75,1.46,23.44,11.9,1369.4,0.372,102.5,0.045,1,0,0,0.1,56044.08,6
2025-10,2025-10-01,US,Mercedes-Benz Group,2702,106.24,14264.89,21435.12,43243.93,78.18,0.1769,4.1,128.75,1.46,23.44,11.9,1369.4,0.372,102.5,0.045,1,0,0,0.08,63877.7,6
2025-10,2025-10-01,US,Toyota,6326,106.24,14264.89,21435.12,43243.93,78.18,0.1769,4.1,128.75,1.46,23.44,11.9,1369.4,0.372,102.5,0.045,1,0,0,0.05,39500.0,2
2025-10,2025-10-01,EU,Tesla,40945,106.24,14264.89,21435.12,43243.93,78.18,0.2902,4.1,128.75,1.46,24.05,11.9,2216.9,0.393,35.3,0.037,0,1,0,0.5,41227.21,5
2025-10,2025-10-01,EU,BYD,13812,106.24,14264.89,21435.12,43243.93,78.18,0.2902,4.1,128.75,1.46,24.05,11.9,2216.9,0.393,37.0,0.037,0,1,0,0.92,24541.98,16
2025-10,2025-10-01,EU,Volkswagen Group,51981,106.24,14264.89,21435.12,43243.93,78.18,0.2902,4.1,128.75,1.46,24.05,11.9,2216.9,0.393,35.3,0.037,0,1,0,0.36,39769.78,8
2025-10,2025-10-01,EU,Hyundai-Kia Group,21729,106.24,14264.89,21435.12,43243.93,78.18,0.2902,4.1,128.75,1.46,24.05,11.9,2216.9,0.393,35.3,0.037,0,1,0,0.48,35913.18,9
2025-10,2025-10-01,EU,BMW Group,21217,106.24,14264.89,21435.12,43243.93,78.18,0.2902,4.1,128.75,1.46,24.05,11.9,2216.9,0.393,35.3,0.037,0,1,0,0.1,55631.05,6
2025-10,2025-10-01,EU,Mercedes-Benz Group,7953,106.24,14264.89,21435.12,43243.93,78.18,0.2902,4.1,128.75,1.46,24.05,11.9,2216.9,0.393,35.3,0.037,0,1,0,0.08,62821.54,6
2025-10,2025-10-01,EU,Toyota,5621,106.24,14264.89,21435.12,43243.93,78.18,0.2902,4.1,128.75,1.46,24.05,11.9,2216.9,0.393,35.3,0.037,0,1,0,0.05,39500.0,2
2025-10,2025-10-01,CN,Tesla,57301,106.24,14264.89,21435.12,43243.93,78.18,0.1004,4.1,128.75,1.46,22.96,11.9,4418.2,0.661,15.0,0.03,0,0,1,0.7,41037.22,5
2025-10,2025-10-01,CN,BYD,208754,106.24,14264.89,21435.12,43243.93,78.18,0.1004,4.1,128.75,1.46,22.96,11.9,4418.2,0.661,15.0,0.03,0,0,1,0.92,24317.82,16
2025-10,2025-10-01,CN,Volkswagen Group,24534,106.24,14264.89,21435.12,43243.93,78.18,0.1004,4.1,128.75,1.46,22.96,11.9,4418.2,0.661,15.0,0.03,0,0,1,0.36,39754.3,8
2025-10,2025-10-01,CN,Hyundai-Kia Group,3576,106.24,14264.89,21435.12,43243.93,78.18,0.1004,4.1,128.75,1.46,22.96,11.9,4418.2,0.661,15.0,0.03,0,0,1,0.48,36283.79,9
2025-10,2025-10-01,CN,BMW Group,12211,106.24,14264.89,21435.12,43243.93,78.18,0.1004,4.1,128.75,1.46,22.96,11.9,4418.2,0.661,15.0,0.03,0,0,1,0.1,56347.24,6
2025-10,2025-10-01,CN,Mercedes-Benz Group,4649,106.24,14264.89,21435.12,43243.93,78.18,0.1004,4.1,128.75,1.46,22.96,11.9,4418.2,0.661,15.0,0.03,0,0,1,0.08,63149.28,6
2025-10,2025-10-01,CN,Toyota,4149,106.24,14264.89,21435.12,43243.93,78.18,0.1004,4.1,128.75,1.46,22.96,11.9,4418.2,0.661,15.0,0.03,0,0,1,0.05,39500.0,2
2025-11,2025-11-01,US,Tesla,70625,103.75,15260.77,19890.25,40863.82,77.46,0.1775,4.06,129.5,1.6,23.99,11.0,1365.5,0.374,102.5,0.044,1,0,0,0.5,40194.45,5
2025-11,2025-11-01,US,BYD,1760,103.75,15260.77,19890.25,40863.82,77.46,0.1775,4.06,129.5,1.6,23.99,11.0,1365.5,0.374,102.5,0.044,1,0,0,0.92,24808.64,16
2025-11,2025-11-01,US,Volkswagen Group,12048,103.75,15260.77,19890.25,40863.82,77.46,0.1775,4.06,129.5,1.6,23.99,11.0,1365.5,0.374,102.5,0.044,1,0,0,0.36,39462.65,8
2025-11,2025-11-01,US,Hyundai-Kia Group,24106,103.75,15260.77,19890.25,40863.82,77.46,0.1775,4.06,129.5,1.6,23.99,11.0,1365.5,0.374,102.5,0.044,1,0,0,0.48,35788.83,10
2025-11,2025-11-01,US,BMW Group,7839,103.75,15260.77,19890.25,40863.82,77.46,0.1775,4.06,129.5,1.6,23.99,11.0,1365.5,0.374,102.5,0.044,1,0,0,0.1,54714.13,7
2025-11,2025-11-01,US,Mercedes-Benz Group,3161,103.75,15260.77,19890.25,40863.82,77.46,0.1775,4.06,129.5,1.6,23.99,11.0,1365.5,0.374,102.5,0.044,1,0,0,0.08,63360.84,6
2025-11,2025-11-01,US,Toyota,7415,103.75,15260.77,19890.25,40863.82,77.46,0.1775,4.06,129.5,1.6,23.99,11.0,1365.5,0.374,102.5,0.044,1,0,0,0.05,39500.0,2
2025-11,2025-11-01,EU,Tesla,43502,103.75,15260.77,19890.25,40863.82,77.46,0.291,4.06,129.5,1.6,23.16,11.0,2223.1,0.396,35.3,0.036,0,1,0,0.5,40853.54,5
2025-11,2025-11-01,EU,BYD,16503,103.75,15260.77,19890.25,40863.82,77.46,0.291,4.06,129.5,1.6,23.16,11.0,2223.1,0.396,37.0,0.036,0,1,0,0.92,24355.17,16
2025-11,2025-11-01,EU,Volkswagen Group,60857,103.75,15260.77,19890.25,40863.82,77.46,0.291,4.06,129.5,1.6,23.16,11.0,2223.1,0.396,35.3,0.036,0,1,0,0.36,39698.73,8
2025-11,2025-11-01,EU,Hyundai-Kia Group,25659,103.75,15260.77,19890.25,40863.82,77.46,0.291,4.06,129.5,1.6,23.16,11.0,2223.1,0.396,35.3,0.036,0,1,0,0.48,35765.53,10
2025-11,2025-11-01,EU,BMW Group,23644,103.75,15260.77,19890.25,40863.82,77.46,0.291,4.06,129.5,1.6,23.16,11.0,2223.1,0.396,35.3,0.036,0,1,0,0.1,54212.43,7
2025-11,2025-11-01,EU,Mercedes-Benz Group,9590,103.75,15260.77,19890.25,40863.82,77.46,0.291,4.06,129.5,1.6,23.16,11.0,2223.1,0.396,35.3,0.036,0,1,0,0.08,64221.04,6
2025-11,2025-11-01,EU,Toyota,6660,103.75,15260.77,19890.25,40863.82,77.46,0.291,4.06,129.5,1.6,23.16,11.0,2223.1,0.396,35.3,0.036,0,1,0,0.05,39500.0,2
2025-11,2025-11-01,CN,Tesla,64338,103.75,15260.77,19890.25,40863.82,77.46,0.1006,4.06,129.5,1.6,23.57,11.0,4459.6,0.664,15.0,0.03,0,0,1,0.7,40556.1,5
2025-11,2025-11-01,CN,BYD,247022,103.75,15260.77,19890.25,40863.82,77.46,0.1006,4.06,129.5,1.6,23.57,11.0,4459.6,0.664,15.0,0.03,0,0,1,0.92,24695.15,16
2025-11,2025-11-01,CN,Volkswagen Group,29577,103.75,15260.77,19890.25,40863.82,77.46,0.1006,4.06,129.5,1.6,23.57,11.0,4459.6,0.664,15.0,0.03,0,0,1,0.36,39307.39,8
2025-11,2025-11-01,CN,Hyundai-Kia Group,4571,103.75,15260.77,19890.25,40863.82,77.46,0.1006,4.06,129.5,1.6,23.57,11.0,4459.6,0.664,15.0,0.03,0,0,1,0.48,36099.41,10
2025-11,2025-11-01,CN,BMW Group,14026,103.75,15260.77,19890.25,40863.82,77.46,0.1006,4.06,129.5,1.6,23.57,11.0,4459.6,0.664,15.0,0.03,0,0,1,0.1,55400.73,7
2025-11,2025-11-01,CN,Mercedes-Benz Group,5007,103.75,15260.77,19890.25,40863.82,77.46,0.1006,4.06,129.5,1.6,23.57,11.0,4459.6,0.664,15.0,0.03,0,0,1,0.08,62809.0,6
2025-11,2025-11-01,CN,Toyota,4731,103.75,15260.77,19890.25,40863.82,77.46,0.1006,4.06,129.5,1.6,23.57,11.0,4459.6,0.664,15.0,0.03,0,0,1,0.05,39500.0,2
2025-12,2025-12-01,US,Tesla,86999,101.51,13168.81,19058.8,40547.26,75.78,0.1782,4.02,129.79,1.51,23.61,11.2,1389.8,0.376,102.5,0.043,1,0,0,0.5,40784.91,5
2025-12,2025-12-01,US,BYD,2019,101.51,13168.81,19058.8,40547.26,75.78,0.1782,4.02,129.79,1.51,23.61,11.2,1389.8,0.376,102.5,0.043,1,0,0,0.92,24731.21,16
2025-12,2025-12-01,US,Volkswagen Group,15340,101.51,13168.81,19058.8,40547.26,75.78,0.1782,4.02,129.79,1.51,23.61,11.2,1389.8,0.376,102.5,0.043,1,0,0,0.36,39705.85,8
2025-12,2025-12-01,US,Hyundai-Kia Group,29275,101.51,13168.81,19058.8,40547.26,75.78,0.1782,4.02,129.79,1.51,23.61,11.2,1389.8,0.376,102.5,0.043,1,0,0,0.48,35897.16,10
2025-12,2025-12-01,US,BMW Group,9907,101.51,13168.81,19058.8,40547.26,75.78,0.1782,4.02,129.79,1.51,23.61,11.2,1389.8,0.376,102.5,0.043,1,0,0,0.1,54953.15,7
2025-12,2025-12-01,US,Mercedes-Benz Group,3774,101.51,13168.81,19058.8,40547.26,75.78,0.1782,4.02,129.79,1.51,23.61,11.2,1389.8,0.376,102.5,0.043,1,0,0,0.08,63077.83,6
2025-12,2025-12-01,US,Toyota,9081,101.51,13168.81,19058.8,40547.26,75.78,0.1782,4.02,129.79,1.51,23.61,11.2,1389.8,0.376,102.5,0.043,1,0,0,0.05,39500.0,2
2025-12,2025-12-01,EU,Tesla,54578,101.51,13168.81,19058.8,40547.26,75.78,0.2918,4.02,129.79,1.51,22.42,11.2,2247.6,0.399,35.3,0.035,0,1,0,0.5,40209.92,5
2025-12,2025-12-01,EU,BYD,18543,101.51,13168.81,19058.8,40547.26,75.78,0.2918,4.02,129.79,1.51,22.42,11.2,2247.6,0.399,37.0,0.035,0,1,0,0.92,24726.89,16
2025-12,2025-12-01,EU,Volkswagen Group,73923,101.51,13168.81,19058.8,40547.26,75.78,0.2918,4.02,129.79,1.51,22.42,11.2,2247.6,0.399,35.3,0.035,0,1,0,0.36,39684.08,8
2025-12,2025-12-01,EU,Hyundai-Kia Group,30395,101.51,13168.81,19058.8,40547.26,75.78,0.2918,4.02,129.79,1.51,22.42,11.2,2247.6,0.399,35.3,0.035,0,1,0,0.48,35229.45,10
2025-12,2025-12-01,EU,BMW Group,30080,101.51,13168.81,19058.8,40547.26,75.78,0.2918,4.02,129.79,1.51,22.42,11.2,2247.6,0.399,35.3,0.035,0,1,0,0.1,55274.32,7
2025-12,2025-12-01,EU,Mercedes-Benz Group,11391,101.51,13168.81,19058.8,40547.26,75.78,0.2918,4.02,129.79,1.51,22.42,11.2,2247.6,0.399,35.3,0.035,0,1,0,0.08,63370.1,6
2025-12,2025-12-01,EU,Toyota,7903,101.51,13168.81,19058.8,40547.26,75.78,0.2918,4.02,129.79,1.51,22.42,11.2,2247.6,0.399,35.3,0.035,0,1,0,0.05,39500.0,2
2025-12,2025-12-01,CN,Tesla,75516,101.51,13168.81,19058.8,40547.26,75.78,0.1008,4.02,129.79,1.51,22.22,11.2,4510.0,0.667,15.0,0.03,0,0,1,0.7,40575.15,5
2025-12,2025-12-01,CN,BYD,296192,101.51,13168.81,19058.8,40547.26,75.78,0.1008,4.02,129.79,1.51,22.22,11.2,4510.0,0.667,15.0,0.03,0,0,1,0.92,24615.46,16
2025-12,2025-12-01,CN,Volkswagen Group,35164,101.51,13168.81,19058.8,40547.26,75.78,0.1008,4.02,129.79,1.51,22.22,11.2,4510.0,0.667,15.0,0.03,0,0,1,0.36,39410.03,8
2025-12,2025-12-01,CN,Hyundai-Kia Group,5462,101.51,13168.81,19058.8,40547.26,75.78,0.1008,4.02,129.79,1.51,22.22,11.2,4510.0,0.667,15.0,0.03,0,0,1,0.48,35806.53,10
2025-12,2025-12-01,CN,BMW Group,17589,101.51,13168.81,19058.8,40547.26,75.78,0.1008,4.02,129.79,1.51,22.22,11.2,4510.0,0.667,15.0,0.03,0,0,1,0.1,54681.95,7
2025-12,2025-12-01,CN,Mercedes-Benz Group,6436,101.51,13168.81,19058.8,40547.26,75.78,0.1008,4.02,129.79,1.51,22.22,11.2,4510.0,0.667,15.0,0.03,0,0,1,0.08,62571.91,6
2025-12,2025-12-01,CN,Toyota,6017,101.51,13168.81,19058.8,40547.26,75.78,0.1008,4.02,129.79,1.51,22.22,11.2,4510.0,0.667,15.0,0.03,0,0,1,0.05,39500.0,2
