year_month,date,region,company,bev_sales,battery_pack_price_usd_kwh,lithium_carbonate_price_usd_ton,nickel_price_usd_ton,cobalt_price_usd_ton,wti_oil_price_usd,residential_electricity_price_usd_kwh,interest_rate_pct,cpi_index,gdp_growth_index,used_ev_depreciation_rate_pct,semiconductor_lead_time_weeks,public_chargers_per_million_capita,fast_chargers_ratio,applied_tariff_rate_pct,subsidy_intensity_ratio,us_ira_feoc_dummy,eu_co2_target_tightening_dummy,cn_trade_in_scheme_dummy,lfp_battery_mix_pct,average_msrp_usd,bev_lineup_count
2020-01,2020-01-01,US,Tesla,114490,159.05,12745.07,15861.74,44971.53,54.06,0.13,0.51,100.47,2.25,18.21,11.5,285.4,0.22,2.5,0.12,0,0,0,0.5,47767.14,4
2020-01,2020-01-01,US,BYD,36957,159.05,12745.07,15861.74,44971.53,54.06,0.13,0.51,100.47,2.25,18.21,11.5,285.4,0.22,27.5,0.12,0,0,0,0.92,21426.02,8
2020-01,2020-01-01,US,Volkswagen Group,57733,159.05,12745.07,15861.74,44971.53,54.06,0.13,0.51,100.47,2.25,18.21,11.5,285.4,0.22,2.5,0.12,0,0,0,0.15,43775.08,3
2020-01,2020-01-01,US,Hyundai-Kia Group,68781,159.05,12745.07,15861.74,44971.53,54.06,0.13,0.51,100.47,2.25,18.21,11.5,285.4,0.22,2.5,0.12,0,0,0,0.2,41125.7,3
2020-01,2020-01-01,US,BMW Group,68586,159.05,12745.07,15861.74,44971.53,54.06,0.13,0.51,100.47,2.25,18.21,11.5,285.4,0.22,2.5,0.12,0,0,0,0.1,57152.62,2
2020-01,2020-01-01,US,Mercedes-Benz Group,50260,159.05,12745.07,15861.74,44971.53,54.06,0.13,0.51,100.47,2.25,18.21,11.5,285.4,0.22,2.5,0.12,0,0,0,0.08,64819.38,2
2020-01,2020-01-01,US,Toyota,16161,159.05,12745.07,15861.74,44971.53,54.06,0.13,0.51,100.47,2.25,18.21,11.5,285.4,0.22,2.5,0.12,0,0,0,0.05,39000.0,1
2020-01,2020-01-01,EU,Tesla,106374,159.05,12745.07,15861.74,44971.53,54.06,0.24,0.51,100.47,2.25,18.9,11.5,411.8,0.18,10.0,0.14,0,0,0,0.5,47424.5,4
2020-01,2020-01-01,EU,BYD,74487,159.05,12745.07,15861.74,44971.53,54.06,0.24,0.51,100.47,2.25,18.9,11.5,411.8,0.18,10.0,0.14,0,0,0,0.92,21819.81,8
2020-01,2020-01-01,EU,Volkswagen Group,105100,159.05,12745.07,15861.74,44971.53,54.06,0.24,0.51,100.47,2.25,18.9,11.5,411.8,0.18,10.0,0.14,0,0,0,0.15,43759.32,3
2020-01,2020-01-01,EU,Hyundai-Kia Group,61768,159.05,12745.07,15861.74,44971.53,54.06,0.24,0.51,100.47,2.25,18.9,11.5,411.8,0.18,10.0,0.14,0,0,0,0.2,40994.6,3
2020-01,2020-01-01,EU,BMW Group,45428,159.05,12745.07,15861.74,44971.53,54.06,0.24,0.51,100.47,2.25,18.9,11.5,411.8,0.18,10.0,0.14,0,0,0,0.1,58493.53,2
2020-01,2020-01-01,EU,Mercedes-Benz Group,36030,159.05,12745.07,15861.74,44971.53,54.06,0.24,0.51,100.47,2.25,18.9,11.5,411.8,0.18,10.0,0.14,0,0,0,0.08,65167.09,2
2020-01,2020-01-01,EU,Toyota,14948,159.05,12745.07,15861.74,44971.53,54.06,0.24,0.51,100.47,2.25,18.9,11.5,411.8,0.18,10.0,0.14,0,0,0,0.05,39000.0,1
2020-01,2020-01-01,CN,Tesla,190355,159.05,12745.07,15861.74,44971.53,54.06,0.09,0.51,100.47,2.25,19.65,11.5,854.9,0.42,15.0,0.15,0,0,0,0.65,48085.68,4
2020-01,2020-01-01,CN,BYD,234093,159.05,12745.07,15861.74,44971.53,54.06,0.09,0.51,100.47,2.25,19.65,11.5,854.9,0.42,15.0,0.15,0,0,0,0.92,21909.67,8
2020-01,2020-01-01,CN,Volkswagen Group,107062,159.05,12745.07,15861.74,44971.53,54.06,0.09,0.51,100.47,2.25,19.65,11.5,854.9,0.42,15.0,0.15,0,0,0,0.15,43712.06,3
2020-01,2020-01-01,CN,Hyundai-Kia Group,138717,159.05,12745.07,15861.74,44971.53,54.06,0.09,0.51,100.47,2.25,19.65,11.5,854.9,0.42,15.0,0.15,0,0,0,0.2,41422.85,3
2020-01,2020-01-01,CN,BMW Group,103794,159.05,12745.07,15861.74,44971.53,54.06,0.09,0.51,100.47,2.25,19.65,11.5,854.9,0.42,15.0,0.15,0,0,0,0.1,56942.18,2
2020-01,2020-01-01,CN,Mercedes-Benz Group,79773,159.05,12745.07,15861.74,44971.53,54.06,0.09,0.51,100.47,2.25,19.65,11.5,854.9,0.42,15.0,0.15,0,0,0,0.08,64691.93,2
2020-01,2020-01-01,CN,Toyota,35813,159.05,12745.07,15861.74,44971.53,54.06,0.09,0.51,100.47,2.25,19.65,11.5,854.9,0.42,15.0,0.15,0,0,0,0.05,39000.0,1
2020-02,2020-02-01,US,Tesla,109924,154.63,13946.5,17928.68,42681.22,58.82,0.1307,0.64,100.31,2.26,19.93,10.9,282.5,0.222,2.5,0.119,0,0,0,0.5,48558.12,4
2020-02,2020-02-01,US,BYD,47328,154.63,13946.5,17928.68,42681.22,58.82,0.1307,0.64,100.31,2.26,19.93,10.9,282.5,0.222,27.5,0.119,0,0,0,0.92,22351.06,8
2020-02,2020-02-01,US,Volkswagen Group,67878,154.63,13946.5,17928.68,42681.22,58.82,0.1307,0.64,100.31,2.26,19.93,10.9,282.5,0.222,2.5,0.119,0,0,0,0.15,43661.95,3
2020-02,2020-02-01,US,Hyundai-Kia Group,76139,154.63,13946.5,17928.68,42681.22,58.82,0.1307,0.64,100.31,2.26,19.93,10.9,282.5,0.222,2.5,0.119,0,0,0,0.2,41525.21,3
2020-02,2020-02-01,US,BMW Group,41880,154.63,13946.5,17928.68,42681.22,58.82,0.1307,0.64,100.31,2.26,19.93,10.9,282.5,0.222,2.5,0.119,0,0,0,0.1,58878.79,2
2020-02,2020-02-01,US,Mercedes-Benz Group,50225,154.63,13946.5,17928.68,42681.22,58.82,0.1307,0.64,100.31,2.26,19.93,10.9,282.5,0.222,2.5,0.119,0,0,0,0.08,65607.52,2
2020-02,2020-02-01,US,Toyota,18664,154.63,13946.5,17928.68,42681.22,58.82,0.1307,0.64,100.31,2.26,19.93,10.9,282.5,0.222,2.5,0.119,0,0,0,0.05,39000.0,1
2020-02,2020-02-01,EU,Tesla,122440,154.63,13946.5,17928.68,42681.22,58.82,0.241,0.64,100.31,2.26,16.57,10.9,443.4,0.182,10.0,0.139,0,0,0,0.5,47770.16,4
2020-02,2020-02-01,EU,BYD,84383,154.63,13946.5,17928.68,42681.22,58.82,0.241,0.64,100.31,2.26,16.57,10.9,443.4,0.182,10.0,0.139,0,0,0,0.92,22493.37,8
2020-02,2020-02-01,EU,Volkswagen Group,91406,154.63,13946.5,17928.68,42681.22,58.82,0.241,0.64,100.31,2.26,16.57,10.9,443.4,0.182,10.0,0.139,0,0,0,0.15,43596.6,3
2020-02,2020-02-01,EU,Hyundai-Kia Group,84154,154.63,13946.5,17928.68,42681.22,58.82,0.241,0.64,100.31,2.26,16.57,10.9,443.4,0.182,10.0,0.139,0,0,0,0.2,41276.16,3
2020-02,2020-02-01,EU,BMW Group,64529,154.63,13946.5,17928.68,42681.22,58.82,0.241,0.64,100.31,2.26,16.57,10.9,443.4,0.182,10.0,0.139,0,0,0,0.1,57622.14,2
2020-02,2020-02-01,EU,Mercedes-Benz Group,59066,154.63,13946.5,17928.68,42681.22,58.82,0.241,0.64,100.31,2.26,16.57,10.9,443.4,0.182,10.0,0.139,0,0,0,0.08,65027.66,2
2020-02,2020-02-01,EU,Toyota,18813,154.63,13946.5,17928.68,42681.22,58.82,0.241,0.64,100.31,2.26,16.57,10.9,443.4,0.182,10.0,0.139,0,0,0,0.05,39000.0,1
2020-02,2020-02-01,CN,Tesla,219731,154.63,13946.5,17928.68,42681.22,58.82,0.0902,0.64,100.31,2.26,18.48,10.9,886.8,0.423,15.0,0.148,0,0,0,0.65,47148.24,4
2020-02,2020-02-01,CN,BYD,307310,154.63,13946.5,17928.68,42681.22,58.82,0.0902,0.64,100.31,2.26,18.48,10.9,886.8,0.423,15.0,0.148,0,0,0,0.92,22128.32,8
2020-02,2020-02-01,CN,Volkswagen Group,104893,154.63,13946.5,17928.68,42681.22,58.82,0.0902,0.64,100.31,2.26,18.48,10.9,886.8,0.423,15.0,0.148,0,0,0,0.15,43826.17,3
2020-02,2020-02-01,CN,Hyundai-Kia Group,140355,154.63,13946.5,17928.68,42681.22,58.82,0.0902,0.64,100.31,2.26,18.48,10.9,886.8,0.423,15.0,0.148,0,0,0,0.2,40741.74,3
2020-02,2020-02-01,CN,BMW Group,107583,154.63,13946.5,17928.68,42681.22,58.82,0.0902,0.64,100.31,2.26,18.48,10.9,886.8,0.423,15.0,0.148,0,0,0,0.1,57458.63,2
2020-02,2020-02-01,CN,Mercedes-Benz Group,119207,154.63,13946.5,17928.68,42681.22,58.82,0.0902,0.64,100.31,2.26,18.48,10.9,886.8,0.423,15.0,0.148,0,0,0,0.08,65273.24,2
2020-02,2020-02-01,CN,Toyota,37784,154.63,13946.5,17928.68,42681.22,58.82,0.0902,0.64,100.31,2.26,18.48,10.9,886.8,0.423,15.0,0.148,0,0,0,0.05,39000.0,1
2020-03,2020-03-01,US,Tesla,120657,154.45,13186.33,17904.79,40882.64,60.22,0.1314,0.79,100.84,2.55,20.56,12.0,297.3,0.224,2.5,0.118,0,0,0,0.5,48135.97,4
2020-03,2020-03-01,US,BYD,53072,154.45,13186.33,17904.79,40882.64,60.22,0.1314,0.79,100.84,2.55,20.56,12.0,297.3,0.224,27.5,0.118,0,0,0,0.92,21827.18,8
2020-03,2020-03-01,US,Volkswagen Group,69018,154.45,13186.33,17904.79,40882.64,60.22,0.1314,0.79,100.84,2.55,20.56,12.0,297.3,0.224,2.5,0.118,0,0,0,0.16,43279.26,3
2020-03,2020-03-01,US,Hyundai-Kia Group,67195,154.45,13186.33,17904.79,40882.64,60.22,0.1314,0.79,100.84,2.55,20.56,12.0,297.3,0.224,2.5,0.118,0,0,0,0.21,41696.18,3
2020-03,2020-03-01,US,BMW Group,57440,154.45,13186.33,17904.79,40882.64,60.22,0.1314,0.79,100.84,2.55,20.56,12.0,297.3,0.224,2.5,0.118,0,0,0,0.1,57540.22,2
2020-03,2020-03-01,US,Mercedes-Benz Group,40837,154.45,13186.33,17904.79,40882.64,60.22,0.1314,0.79,100.84,2.55,20.56,12.0,297.3,0.224,2.5,0.118,0,0,0,0.08,64497.22,2
2020-03,2020-03-01,US,Toyota,19533,154.45,13186.33,17904.79,40882.64,60.22,0.1314,0.79,100.84,2.55,20.56,12.0,297.3,0.224,2.5,0.118,0,0,0,0.05,39000.0,1
2020-03,2020-03-01,EU,Tesla,128084,154.45,13186.33,17904.79,40882.64,60.22,0.242,0.79,100.84,2.55,19.76,12.0,448.1,0.185,10.0,0.137,0,0,0,0.5,47300.29,4
2020-03,2020-03-01,EU,BYD,79028,154.45,13186.33,17904.79,40882.64,60.22,0.242,0.79,100.84,2.55,19.76,12.0,448.1,0.185,10.0,0.137,0,0,0,0.92,21865.02,8
2020-03,2020-03-01,EU,Volkswagen Group,75925,154.45,13186.33,17904.79,40882.64,60.22,0.242,0.79,100.84,2.55,19.76,12.0,448.1,0.185,10.0,0.137,0,0,0,0.16,44165.41,3
2020-03,2020-03-01,EU,Hyundai-Kia Group,85797,154.45,13186.33,17904.79,40882.64,60.22,0.242,0.79,100.84,2.55,19.76,12.0,448.1,0.185,10.0,0.137,0,0,0,0.21,40910.98,3
2020-03,2020-03-01,EU,BMW Group,56238,154.45,13186.33,17904.79,40882.64,60.22,0.242,0.79,100.84,2.55,19.76,12.0,448.1,0.185,10.0,0.137,0,0,0,0.1,56915.51,2
2020-03,2020-03-01,EU,Mercedes-Benz Group,52361,154.45,13186.33,17904.79,40882.64,60.22,0.242,0.79,100.84,2.55,19.76,12.0,448.1,0.185,10.0,0.137,0,0,0,0.08,65107.91,2
2020-03,2020-03-01,EU,Toyota,16185,154.45,13186.33,17904.79,40882.64,60.22,0.242,0.79,100.84,2.55,19.76,12.0,448.1,0.185,10.0,0.137,0,0,0,0.05,39000.0,1
2020-03,2020-03-01,CN,Tesla,209046,154.45,13186.33,17904.79,40882.64,60.22,0.0904,0.79,100.84,2.55,19.81,12.0,907.0,0.426,15.0,0.146,0,0,0,0.65,47908.49,4
2020-03,2020-03-01,CN,BYD,270770,154.45,13186.33,17904.79,40882.64,60.22,0.0904,0.79,100.84,2.55,19.81,12.0,907.0,0.426,15.0,0.146,0,0,0,0.92,22203.93,8
2020-03,2020-03-01,CN,Volkswagen Group,123172,154.45,13186.33,17904.79,40882.64,60.22,0.0904,0.79,100.84,2.55,19.81,12.0,907.0,0.426,15.0,0.146,0,0,0,0.16,43932.9,3
2020-03,2020-03-01,CN,Hyundai-Kia Group,175007,154.45,13186.33,17904.79,40882.64,60.22,0.0904,0.79,100.84,2.55,19.81,12.0,907.0,0.426,15.0,0.146,0,0,0,0.21,40534.26,3
2020-03,2020-03-01,CN,BMW Group,90948,154.45,13186.33,17904.79,40882.64,60.22,0.0904,0.79,100.84,2.55,19.81,12.0,907.0,0.426,15.0,0.146,0,0,0,0.1,58164.3,2
2020-03,2020-03-01,CN,Mercedes-Benz Group,80898,154.45,13186.33,17904.79,40882.64,60.22,0.0904,0.79,100.84,2.55,19.81,12.0,907.0,0.426,15.0,0.146,0,0,0,0.08,65425.24,2
2020-03,2020-03-01,CN,Toyota,39362,154.45,13186.33,17904.79,40882.64,60.22,0.0904,0.79,100.84,2.55,19.81,12.0,907.0,0.426,15.0,0.146,0,0,0,0.05,39000.0,1
2020-04,2020-04-01,US,Tesla,127168,154.58,14937.89,18109.5,44909.1,65.71,0.1321,0.74,101.28,2.52,19.02,11.1,315.3,0.226,2.5,0.117,0,0,0,0.5,47810.58,4
2020-04,2020-04-01,US,BYD,50358,154.58,14937.89,18109.5,44909.1,65.71,0.1321,0.74,101.28,2.52,19.02,11.1,315.3,0.226,27.5,0.117,0,0,0,0.92,22398.15,8
2020-04,2020-04-01,US,Volkswagen Group,69858,154.58,14937.89,18109.5,44909.1,65.71,0.1321,0.74,101.28,2.52,19.02,11.1,315.3,0.226,2.5,0.117,0,0,0,0.16,44341.41,3
2020-04,2020-04-01,US,Hyundai-Kia Group,91453,154.58,14937.89,18109.5,44909.1,65.71,0.1321,0.74,101.28,2.52,19.02,11.1,315.3,0.226,2.5,0.117,0,0,0,0.21,41818.07,3
2020-04,2020-04-01,US,BMW Group,55955,154.58,14937.89,18109.5,44909.1,65.71,0.1321,0.74,101.28,2.52,19.02,11.1,315.3,0.226,2.5,0.117,0,0,0,0.1,57305.71,2
2020-04,2020-04-01,US,Mercedes-Benz Group,53685,154.58,14937.89,18109.5,44909.1,65.71,0.1321,0.74,101.28,2.52,19.02,11.1,315.3,0.226,2.5,0.117,0,0,0,0.08,65235.98,2
2020-04,2020-04-01,US,Toyota,23938,154.58,14937.89,18109.5,44909.1,65.71,0.1321,0.74,101.28,2.52,19.02,11.1,315.3,0.226,2.5,0.117,0,0,0,0.05,39000.0,1
2020-04,2020-04-01,EU,Tesla,99263,154.58,14937.89,18109.5,44909.1,65.71,0.243,0.74,101.28,2.52,19.03,11.1,493.1,0.188,10.0,0.136,0,0,0,0.5,47216.6,4
2020-04,2020-04-01,EU,BYD,102820,154.58,14937.89,18109.5,44909.1,65.71,0.243,0.74,101.28,2.52,19.03,11.1,493.1,0.188,10.0,0.136,0,0,0,0.92,22016.05,8
2020-04,2020-04-01,EU,Volkswagen Group,84845,154.58,14937.89,18109.5,44909.1,65.71,0.243,0.74,101.28,2.52,19.03,11.1,493.1,0.188,10.0,0.136,0,0,0,0.16,43845.64,3
2020-04,2020-04-01,EU,Hyundai-Kia Group,85990,154.58,14937.89,18109.5,44909.1,65.71,0.243,0.74,101.28,2.52,19.03,11.1,493.1,0.188,10.0,0.136,0,0,0,0.21,40799.27,3
2020-04,2020-04-01,EU,BMW Group,62725,154.58,14937.89,18109.5,44909.1,65.71,0.243,0.74,101.28,2.52,19.03,11.1,493.1,0.188,10.0,0.136,0,0,0,0.1,57289.69,2
2020-04,2020-04-01,EU,Mercedes-Benz Group,46528,154.58,14937.89,18109.5,44909.1,65.71,0.243,0.74,101.28,2.52,19.03,11.1,493.1,0.188,10.0,0.136,0,0,0,0.08,64896.57,2
2020-04,2020-04-01,EU,Toyota,22198,154.58,14937.89,18109.5,44909.1,65.71,0.243,0.74,101.28,2.52,19.03,11.1,493.1,0.188,10.0,0.136,0,0,0,0.05,39000.0,1
2020-04,2020-04-01,CN,Tesla,186419,154.58,14937.89,18109.5,44909.1,65.71,0.0906,0.74,101.28,2.52,20.41,11.1,999.0,0.429,15.0,0.144,0,0,0,0.65,48166.9,4
2020-04,2020-04-01,CN,BYD,338829,154.58,14937.89,18109.5,44909.1,65.71,0.0906,0.74,101.28,2.52,20.41,11.1,999.0,0.429,15.0,0.144,0,0,0,0.92,21868.65,8
2020-04,2020-04-01,CN,Volkswagen Group,137145,154.58,14937.89,18109.5,44909.1,65.71,0.0906,0.74,101.28,2.52,20.41,11.1,999.0,0.429,15.0,0.144,0,0,0,0.16,43965.51,3
2020-04,2020-04-01,CN,Hyundai-Kia Group,162432,154.58,14937.89,18109.5,44909.1,65.71,0.0906,0.74,101.28,2.52,20.41,11.1,999.0,0.429,15.0,0.144,0,0,0,0.21,42271.09,3
2020-04,2020-04-01,CN,BMW Group,127555,154.58,14937.89,18109.5,44909.1,65.71,0.0906,0.74,101.28,2.52,20.41,11.1,999.0,0.429,15.0,0.144,0,0,0,0.1,58501.34,2
2020-04,2020-04-01,CN,Mercedes-Benz Group,94930,154.58,14937.89,18109.5,44909.1,65.71,0.0906,0.74,101.28,2.52,20.41,11.1,999.0,0.429,15.0,0.144,0,0,0,0.08,65371.11,2
2020-04,2020-04-01,CN,Toyota,43030,154.58,14937.89,18109.5,44909.1,65.71,0.0906,0.74,101.28,2.52,20.41,11.1,999.0,0.429,15.0,0.144,0,0,0,0.05,39000.0,1
2020-05,2020-05-01,US,Tesla,128994,153.16,12440.76,19598.59,42324.69,74.07,0.1328,0.38,102.01,2.52,18.64,11.5,348.9,0.228,2.5,0.116,0,0,0,0.5,46981.13,4
2020-05,2020-05-01,US,BYD,52628,153.16,12440.76,19598.59,42324.69,74.07,0.1328,0.38,102.01,2.52,18.64,11.5,348.9,0.228,27.5,0.116,0,0,0,0.92,22403.88,8
2020-05,2020-05-01,US,Volkswagen Group,82846,153.16,12440.76,19598.59,42324.69,74.07,0.1328,0.38,102.01,2.52,18.64,11.5,348.9,0.228,2.5,0.116,0,0,0,0.16,43766.58,3
2020-05,2020-05-01,US,Hyundai-Kia Group,125375,153.16,12440.76,19598.59,42324.69,74.07,0.1328,0.38,102.01,2.52,18.64,11.5,348.9,0.228,2.5,0.116,0,0,0,0.22,40379.36,3
2020-05,2020-05-01,US,BMW Group,57016,153.16,12440.76,19598.59,42324.69,74.07,0.1328,0.38,102.01,2.52,18.64,11.5,348.9,0.228,2.5,0.116,0,0,0,0.1,58140.35,2
2020-05,2020-05-01,US,Mercedes-Benz Group,58197,153.16,12440.76,19598.59,42324.69,74.07,0.1328,0.38,102.01,2.52,18.64,11.5,348.9,0.228,2.5,0.116,0,0,0,0.08,64949.16,2
2020-05,2020-05-01,US,Toyota,28132,153.16,12440.76,19598.59,42324.69,74.07,0.1328,0.38,102.01,2.52,18.64,11.5,348.9,0.228,2.5,0.116,0,0,0,0.05,39000.0,1
2020-05,2020-05-01,EU,Tesla,143809,153.16,12440.76,19598.59,42324.69,74.07,0.244,0.38,102.01,2.52,18.43,11.5,496.1,0.19,10.0,0.134,0,0,0,0.5,47772.49,4
2020-05,2020-05-01,EU,BYD,97898,153.16,12440.76,19598.59,42324.69,74.07,0.244,0.38,102.01,2.52,18.43,11.5,496.1,0.19,10.0,0.134,0,0,0,0.92,21839.91,8
2020-05,2020-05-01,EU,Volkswagen Group,99182,153.16,12440.76,19598.59,42324.69,74.07,0.244,0.38,102.01,2.52,18.43,11.5,496.1,0.19,10.0,0.134,0,0,0,0.16,43490.02,3
2020-05,2020-05-01,EU,Hyundai-Kia Group,93844,153.16,12440.76,19598.59,42324.69,74.07,0.244,0.38,102.01,2.52,18.43,11.5,496.1,0.19,10.0,0.134,0,0,0,0.22,41346.18,3
2020-05,2020-05-01,EU,BMW Group,74851,153.16,12440.76,19598.59,42324.69,74.07,0.244,0.38,102.01,2.52,18.43,11.5,496.1,0.19,10.0,0.134,0,0,0,0.1,57003.47,2
2020-05,2020-05-01,EU,Mercedes-Benz Group,65769,153.16,12440.76,19598.59,42324.69,74.07,0.244,0.38,102.01,2.52,18.43,11.5,496.1,0.19,10.0,0.134,0,0,0,0.08,66497.72,2
2020-05,2020-05-01,EU,Toyota,19517,153.16,12440.76,19598.59,42324.69,74.07,0.244,0.38,102.01,2.52,18.43,11.5,496.1,0.19,10.0,0.134,0,0,0,0.05,39000.0,1
2020-05,2020-05-01,CN,Tesla,252772,153.16,12440.76,19598.59,42324.69,74.07,0.0908,0.38,102.01,2.52,20.08,11.5,1017.9,0.432,15.0,0.142,0,0,0,0.65,47166.17,4
2020-05,2020-05-01,CN,BYD,310558,153.16,12440.76,19598.59,42324.69,74.07,0.0908,0.38,102.01,2.52,20.08,11.5,1017.9,0.432,15.0,0.142,0,0,0,0.92,22432.39,8
2020-05,2020-05-01,CN,Volkswagen Group,95220,153.16,12440.76,19598.59,42324.69,74.07,0.0908,0.38,102.01,2.52,20.08,11.5,1017.9,0.432,15.0,0.142,0,0,0,0.16,43656.19,3
2020-05,2020-05-01,CN,Hyundai-Kia Group,160350,153.16,12440.76,19598.59,42324.69,74.07,0.0908,0.38,102.01,2.52,20.08,11.5,1017.9,0.432,15.0,0.142,0,0,0,0.22,40230.24,3
2020-05,2020-05-01,CN,BMW Group,150788,153.16,12440.76,19598.59,42324.69,74.07,0.0908,0.38,102.01,2.52,20.08,11.5,1017.9,0.432,15.0,0.142,0,0,0,0.1,57011.33,2
2020-05,2020-05-01,CN,Mercedes-Benz Group,101908,153.16,12440.76,19598.59,42324.69,74.07,0.0908,0.38,102.01,2.52,20.08,11.5,1017.9,0.432,15.0,0.142,0,0,0,0.08,63655.89,2
2020-05,2020-05-01,CN,Toyota,43989,153.16,12440.76,19598.59,42324.69,74.07,0.0908,0.38,102.01,2.52,20.08,11.5,1017.9,0.432,15.0,0.142,0,0,0,0.05,39000.0,1
2020-06,2020-06-01,US,Tesla,154871,152.27,16161.91,19244.92,44275.74,63.22,0.1335,0.62,102.31,2.87,19.07,12.1,348.6,0.23,2.5,0.115,0,0,0,0.5,47731.07,4
2020-06,2020-06-01,US,BYD,67594,152.27,16161.91,19244.92,44275.74,63.22,0.1335,0.62,102.31,2.87,19.07,12.1,348.6,0.23,27.5,0.115,0,0,0,0.92,21878.66,8
2020-06,2020-06-01,US,Volkswagen Group,73698,152.27,16161.91,19244.92,44275.74,63.22,0.1335,0.62,102.31,2.87,19.07,12.1,348.6,0.23,2.5,0.115,0,0,0,0.16,42819.16,3
2020-06,2020-06-01,US,Hyundai-Kia Group,91325,152.27,16161.91,19244.92,44275.74,63.22,0.1335,0.62,102.31,2.87,19.07,12.1,348.6,0.23,2.5,0.115,0,0,0,0.22,40785.33,3
2020-06,2020-06-01,US,BMW Group,64589,152.27,16161.91,19244.92,44275.74,63.22,0.1335,0.62,102.31,2.87,19.07,12.1,348.6,0.23,2.5,0.115,0,0,0,0.1,57326.38,2
2020-06,2020-06-01,US,Mercedes-Benz Group,53474,152.27,16161.91,19244.92,44275.74,63.22,0.1335,0.62,102.31,2.87,19.07,12.1,348.6,0.23,2.5,0.115,0,0,0,0.08,64355.6,2
2020-06,2020-06-01,US,Toyota,25910,152.27,16161.91,19244.92,44275.74,63.22,0.1335,0.62,102.31,2.87,19.07,12.1,348.6,0.23,2.5,0.115,0,0,0,0.05,39000.0,1
2020-06,2020-06-01,EU,Tesla,130024,152.27,16161.91,19244.92,44275.74,63.22,0.245,0.62,102.31,2.87,18.1,12.1,535.4,0.193,10.0,0.133,0,0,0,0.5,47849.8,4
2020-06,2020-06-01,EU,BYD,107189,152.27,16161.91,19244.92,44275.74,63.22,0.245,0.62,102.31,2.87,18.1,12.1,535.4,0.193,10.0,0.133,0,0,0,0.92,22493.86,8
2020-06,2020-06-01,EU,Volkswagen Group,96968,152.27,16161.91,19244.92,44275.74,63.22,0.245,0.62,102.31,2.87,18.1,12.1,535.4,0.193,10.0,0.133,0,0,0,0.16,43268.4,3
2020-06,2020-06-01,EU,Hyundai-Kia Group,92993,152.27,16161.91,19244.92,44275.74,63.22,0.245,0.62,102.31,2.87,18.1,12.1,535.4,0.193,10.0,0.133,0,0,0,0.22,40848.92,3
2020-06,2020-06-01,EU,BMW Group,65738,152.27,16161.91,19244.92,44275.74,63.22,0.245,0.62,102.31,2.87,18.1,12.1,535.4,0.193,10.0,0.133,0,0,0,0.1,57687.46,2
2020-06,2020-06-01,EU,Mercedes-Benz Group,52326,152.27,16161.91,19244.92,44275.74,63.22,0.245,0.62,102.31,2.87,18.1,12.1,535.4,0.193,10.0,0.133,0,0,0,0.08,65772.13,2
2020-06,2020-06-01,EU,Toyota,24456,152.27,16161.91,19244.92,44275.74,63.22,0.245,0.62,102.31,2.87,18.1,12.1,535.4,0.193,10.0,0.133,0,0,0,0.05,39000.0,1
2020-06,2020-06-01,CN,Tesla,259297,152.27,16161.91,19244.92,44275.74,63.22,0.091,0.62,102.31,2.87,18.67,12.1,1069.9,0.435,15.0,0.14,0,0,0,0.65,47949.39,4
2020-06,2020-06-01,CN,BYD,397803,152.27,16161.91,19244.92,44275.74,63.22,0.091,0.62,102.31,2.87,18.67,12.1,1069.9,0.435,15.0,0.14,0,0,0,0.92,22494.05,8
2020-06,2020-06-01,CN,Volkswagen Group,149407,152.27,16161.91,19244.92,44275.74,63.22,0.091,0.62,102.31,2.87,18.67,12.1,1069.9,0.435,15.0,0.14,0,0,0,0.16,43608.4,3
2020-06,2020-06-01,CN,Hyundai-Kia Group,168386,152.27,16161.91,19244.92,44275.74,63.22,0.091,0.62,102.31,2.87,18.67,12.1,1069.9,0.435,15.0,0.14,0,0,0,0.22,40425.89,3
2020-06,2020-06-01,CN,BMW Group,122893,152.27,16161.91,19244.92,44275.74,63.22,0.091,0.62,102.31,2.87,18.67,12.1,1069.9,0.435,15.0,0.14,0,0,0,0.1,57621.91,2
2020-06,2020-06-01,CN,Mercedes-Benz Group,95430,152.27,16161.91,19244.92,44275.74,63.22,0.091,0.62,102.31,2.87,18.67,12.1,1069.9,0.435,15.0,0.14,0,0,0,0.08,65226.13,2
2020-06,2020-06-01,CN,Toyota,55170,152.27,16161.91,19244.92,44275.74,63.22,0.091,0.62,102.31,2.87,18.67,12.1,1069.9,0.435,15.0,0.14,0,0,0,0.05,39000.0,1
2020-07,2020-07-01,US,Tesla,119086,153.08,12890.97,20238.92,43641.19,71.88,0.1342,0.65,102.7,2.93,20.15,12.1,360.2,0.232,2.5,0.114,0,0,0,0.5,47206.47,4
2020-07,2020-07-01,US,BYD,56472,153.08,12890.97,20238.92,43641.19,71.88,0.1342,0.65,102.7,2.93,20.15,12.1,360.2,0.232,27.5,0.114,0,0,0,0.92,22203.58,8
2020-07,2020-07-01,US,Volkswagen Group,69836,153.08,12890.97,20238.92,43641.19,71.88,0.1342,0.65,102.7,2.93,20.15,12.1,360.2,0.232,2.5,0.114,0,0,0,0.17,43294.51,3
2020-07,2020-07-01,US,Hyundai-Kia Group,93386,153.08,12890.97,20238.92,43641.19,71.88,0.1342,0.65,102.7,2.93,20.15,12.1,360.2,0.232,2.5,0.114,0,0,0,0.22,40557.47,3
2020-07,2020-07-01,US,BMW Group,64273,153.08,12890.97,20238.92,43641.19,71.88,0.1342,0.65,102.7,2.93,20.15,12.1,360.2,0.232,2.5,0.114,0,0,0,0.1,57335.83,2
2020-07,2020-07-01,US,Mercedes-Benz Group,49540,153.08,12890.97,20238.92,43641.19,71.88,0.1342,0.65,102.7,2.93,20.15,12.1,360.2,0.232,2.5,0.114,0,0,0,0.08,64885.64,2
2020-07,2020-07-01,US,Toyota,20525,153.08,12890.97,20238.92,43641.19,71.88,0.1342,0.65,102.7,2.93,20.15,12.1,360.2,0.232,2.5,0.114,0,0,0,0.05,39000.0,1
2020-07,2020-07-01,EU,Tesla,153317,153.08,12890.97,20238.92,43641.19,71.88,0.246,0.65,102.7,2.93,18.72,12.1,541.2,0.195,10.0,0.131,0,0,0,0.5,47435.45,4
2020-07,2020-07-01,EU,BYD,100799,153.08,12890.97,20238.92,43641.19,71.88,0.246,0.65,102.7,2.93,18.72,12.1,541.2,0.195,10.0,0.131,0,0,0,0.92,22557.3,8
2020-07,2020-07-01,EU,Volkswagen Group,94247,153.08,12890.97,20238.92,43641.19,71.88,0.246,0.65,102.7,2.93,18.72,12.1,541.2,0.195,10.0,0.131,0,0,0,0.17,43512.39,3
2020-07,2020-07-01,EU,Hyundai-Kia Group,85564,153.08,12890.97,20238.92,43641.19,71.88,0.246,0.65,102.7,2.93,18.72,12.1,541.2,0.195,10.0,0.131,0,0,0,0.22,40452.59,3
2020-07,2020-07-01,EU,BMW Group,60156,153.08,12890.97,20238.92,43641.19,71.88,0.246,0.65,102.7,2.93,18.72,12.1,541.2,0.195,10.0,0.131,0,0,0,0.1,57833.63,2
2020-07,2020-07-01,EU,Mercedes-Benz Group,69203,153.08,12890.97,20238.92,43641.19,71.88,0.246,0.65,102.7,2.93,18.72,12.1,541.2,0.195,10.0,0.131,0,0,0,0.08,65115.48,2
2020-07,2020-07-01,EU,Toyota,23431,153.08,12890.97,20238.92,43641.19,71.88,0.246,0.65,102.7,2.93,18.72,12.1,541.2,0.195,10.0,0.131,0,0,0,0.05,39000.0,1
2020-07,2020-07-01,CN,Tesla,250222,153.08,12890.97,20238.92,43641.19,71.88,0.0912,0.65,102.7,2.93,19.8,12.1,1130.0,0.438,15.0,0.138,0,0,0,0.65,47079.39,4
2020-07,2020-07-01,CN,BYD,356935,153.08,12890.97,20238.92,43641.19,71.88,0.0912,0.65,102.7,2.93,19.8,12.1,1130.0,0.438,15.0,0.138,0,0,0,0.92,22303.78,8
2020-07,2020-07-01,CN,Volkswagen Group,143210,153.08,12890.97,20238.92,43641.19,71.88,0.0912,0.65,102.7,2.93,19.8,12.1,1130.0,0.438,15.0,0.138,0,0,0,0.17,43210.8,3
2020-07,2020-07-01,CN,Hyundai-Kia Group,199943,153.08,12890.97,20238.92,43641.19,71.88,0.0912,0.65,102.7,2.93,19.8,12.1,1130.0,0.438,15.0,0.138,0,0,0,0.22,40659.2,3
2020-07,2020-07-01,CN,BMW Group,163138,153.08,12890.97,20238.92,43641.19,71.88,0.0912,0.65,102.7,2.93,19.8,12.1,1130.0,0.438,15.0,0.138,0,0,0,0.1,58215.56,2
2020-07,2020-07-01,CN,Mercedes-Benz Group,121242,153.08,12890.97,20238.92,43641.19,71.88,0.0912,0.65,102.7,2.93,19.8,12.1,1130.0,0.438,15.0,0.138,0,0,0,0.08,64086.12,2
2020-07,2020-07-01,CN,Toyota,46022,153.08,12890.97,20238.92,43641.19,71.88,0.0912,0.65,102.7,2.93,19.8,12.1,1130.0,0.438,15.0,0.138,0,0,0,0.05,39000.0,1
2020-08,2020-08-01,US,Tesla,122030,149.55,18084.7,21332.05,39918.52,63.03,0.1349,0.55,102.92,3.23,19.97,12.3,400.3,0.234,2.5,0.113,0,0,0,0.5,46871.55,4
2020-08,2020-08-01,US,BYD,47415,149.55,18084.7,21332.05,39918.52,63.03,0.1349,0.55,102.92,3.23,19.97,12.3,400.3,0.234,27.5,0.113,0,0,0,0.92,22497.58,8
2020-08,2020-08-01,US,Volkswagen Group,91792,149.55,18084.7,21332.05,39918.52,63.03,0.1349,0.55,102.92,3.23,19.97,12.3,400.3,0.234,2.5,0.113,0,0,0,0.17,44172.58,3
2020-08,2020-08-01,US,Hyundai-Kia Group,76320,149.55,18084.7,21332.05,39918.52,63.03,0.1349,0.55,102.92,3.23,19.97,12.3,400.3,0.234,2.5,0.113,0,0,0,0.23,40182.33,3
2020-08,2020-08-01,US,BMW Group,69344,149.55,18084.7,21332.05,39918.52,63.03,0.1349,0.55,102.92,3.23,19.97,12.3,400.3,0.234,2.5,0.113,0,0,0,0.1,58392.32,2
2020-08,2020-08-01,US,Mercedes-Benz Group,50320,149.55,18084.7,21332.05,39918.52,63.03,0.1349,0.55,102.92,3.23,19.97,12.3,400.3,0.234,2.5,0.113,0,0,0,0.08,65640.25,2
2020-08,2020-08-01,US,Toyota,23640,149.55,18084.7,21332.05,39918.52,63.03,0.1349,0.55,102.92,3.23,19.97,12.3,400.3,0.234,2.5,0.113,0,0,0,0.05,39000.0,1
2020-08,2020-08-01,EU,Tesla,138073,149.55,18084.7,21332.05,39918.52,63.03,0.247,0.55,102.92,3.23,18.88,12.3,574.1,0.198,10.0,0.13,0,0,0,0.5,46934.97,4
2020-08,2020-08-01,EU,BYD,101635,149.55,18084.7,21332.05,39918.52,63.03,0.247,0.55,102.92,3.23,18.88,12.3,574.1,0.198,10.0,0.13,0,0,0,0.92,22029.71,8
2020-08,2020-08-01,EU,Volkswagen Group,112790,149.55,18084.7,21332.05,39918.52,63.03,0.247,0.55,102.92,3.23,18.88,12.3,574.1,0.198,10.0,0.13,0,0,0,0.17,43488.12,3
2020-08,2020-08-01,EU,Hyundai-Kia Group,77209,149.55,18084.7,21332.05,39918.52,63.03,0.247,0.55,102.92,3.23,18.88,12.3,574.1,0.198,10.0,0.13,0,0,0,0.23,40654.65,3
2020-08,2020-08-01,EU,BMW Group,77255,149.55,18084.7,21332.05,39918.52,63.03,0.247,0.55,102.92,3.23,18.88,12.3,574.1,0.198,10.0,0.13,0,0,0,0.1,56659.53,2
2020-08,2020-08-01,EU,Mercedes-Benz Group,52503,149.55,18084.7,21332.05,39918.52,63.03,0.247,0.55,102.92,3.23,18.88,12.3,574.1,0.198,10.0,0.13,0,0,0,0.08,64915.85,2
2020-08,2020-08-01,EU,Toyota,28846,149.55,18084.7,21332.05,39918.52,63.03,0.247,0.55,102.92,3.23,18.88,12.3,574.1,0.198,10.0,0.13,0,0,0,0.05,39000.0,1
2020-08,2020-08-01,CN,Tesla,304864,149.55,18084.7,21332.05,39918.52,63.03,0.0914,0.55,102.92,3.23,20.24,12.3,1167.9,0.441,15.0,0.136,0,0,0,0.65,47193.76,4
2020-08,2020-08-01,CN,BYD,334646,149.55,18084.7,21332.05,39918.52,63.03,0.0914,0.55,102.92,3.23,20.24,12.3,1167.9,0.441,15.0,0.136,0,0,0,0.92,22876.6,8
2020-08,2020-08-01,CN,Volkswagen Group,150797,149.55,18084.7,21332.05,39918.52,63.03,0.0914,0.55,102.92,3.23,20.24,12.3,1167.9,0.441,15.0,0.136,0,0,0,0.17,43828.63,3
2020-08,2020-08-01,CN,Hyundai-Kia Group,146236,149.55,18084.7,21332.05,39918.52,63.03,0.0914,0.55,102.92,3.23,20.24,12.3,1167.9,0.441,15.0,0.136,0,0,0,0.23,40917.45,3
2020-08,2020-08-01,CN,BMW Group,139818,149.55,18084.7,21332.05,39918.52,63.03,0.0914,0.55,102.92,3.23,20.24,12.3,1167.9,0.441,15.0,0.136,0,0,0,0.1,57991.63,2
2020-08,2020-08-01,CN,Mercedes-Benz Group,92595,149.55,18084.7,21332.05,39918.52,63.03,0.0914,0.55,102.92,3.23,20.24,12.3,1167.9,0.441,15.0,0.136,0,0,0,0.08,63243.01,2
2020-08,2020-08-01,CN,Toyota,34836,149.55,18084.7,21332.05,39918.52,63.03,0.0914,0.55,102.92,3.23,20.24,12.3,1167.9,0.441,15.0,0.136,0,0,0,0.05,39000.0,1
2020-09,2020-09-01,US,Tesla,137673,150.15,14795.89,23449.31,42614.02,80.07,0.1356,0.48,103.09,3.26,16.24,12.4,395.7,0.236,2.5,0.112,0,0,0,0.5,46995.44,4
2020-09,2020-09-01,US,BYD,68765,150.15,14795.89,23449.31,42614.02,80.07,0.1356,0.48,103.09,3.26,16.24,12.4,395.7,0.236,27.5,0.112,0,0,0,0.92,22600.9,9
2020-09,2020-09-01,US,Volkswagen Group,88737,150.15,14795.89,23449.31,42614.02,80.07,0.1356,0.48,103.09,3.26,16.24,12.4,395.7,0.236,2.5,0.112,0,0,0,0.17,42984.05,3
2020-09,2020-09-01,US,Hyundai-Kia Group,110204,150.15,14795.89,23449.31,42614.02,80.07,0.1356,0.48,103.09,3.26,16.24,12.4,395.7,0.236,2.5,0.112,0,0,0,0.23,39856.31,3
2020-09,2020-09-01,US,BMW Group,73987,150.15,14795.89,23449.31,42614.02,80.07,0.1356,0.48,103.09,3.26,16.24,12.4,395.7,0.236,2.5,0.112,0,0,0,0.1,58093.09,2
2020-09,2020-09-01,US,Mercedes-Benz Group,67724,150.15,14795.89,23449.31,42614.02,80.07,0.1356,0.48,103.09,3.26,16.24,12.4,395.7,0.236,2.5,0.112,0,0,0,0.08,65003.24,2
2020-09,2020-09-01,US,Toyota,27662,150.15,14795.89,23449.31,42614.02,80.07,0.1356,0.48,103.09,3.26,16.24,12.4,395.7,0.236,2.5,0.112,0,0,0,0.05,39000.0,1
2020-09,2020-09-01,EU,Tesla,127044,150.15,14795.89,23449.31,42614.02,80.07,0.248,0.48,103.09,3.26,17.48,12.4,594.4,0.2,10.0,0.128,0,0,0,0.5,46763.18,4
2020-09,2020-09-01,EU,BYD,119876,150.15,14795.89,23449.31,42614.02,80.07,0.248,0.48,103.09,3.26,17.48,12.4,594.4,0.2,10.0,0.128,0,0,0,0.92,22989.42,9
2020-09,2020-09-01,EU,Volkswagen Group,124551,150.15,14795.89,23449.31,42614.02,80.07,0.248,0.48,103.09,3.26,17.48,12.4,594.4,0.2,10.0,0.128,0,0,0,0.17,43080.11,3
2020-09,2020-09-01,EU,Hyundai-Kia Group,98514,150.15,14795.89,23449.31,42614.02,80.07,0.248,0.48,103.09,3.26,17.48,12.4,594.4,0.2,10.0,0.128,0,0,0,0.23,40235.07,3
2020-09,2020-09-01,EU,BMW Group,83091,150.15,14795.89,23449.31,42614.02,80.07,0.248,0.48,103.09,3.26,17.48,12.4,594.4,0.2,10.0,0.128,0,0,0,0.1,57888.5,2
2020-09,2020-09-01,EU,Mercedes-Benz Group,61364,150.15,14795.89,23449.31,42614.02,80.07,0.248,0.48,103.09,3.26,17.48,12.4,594.4,0.2,10.0,0.128,0,0,0,0.08,64175.6,2
2020-09,2020-09-01,EU,Toyota,26818,150.15,14795.89,23449.31,42614.02,80.07,0.248,0.48,103.09,3.26,17.48,12.4,594.4,0.2,10.0,0.128,0,0,0,0.05,39000.0,1
2020-09,2020-09-01,CN,Tesla,339622,150.15,14795.89,23449.31,42614.02,80.07,0.0916,0.48,103.09,3.26,16.91,12.4,1152.5,0.444,15.0,0.134,0,0,0,0.65,47723.44,4
2020-09,2020-09-01,CN,BYD,432680,150.15,14795.89,23449.31,42614.02,80.07,0.0916,0.48,103.09,3.26,16.91,12.4,1152.5,0.444,15.0,0.134,0,0,0,0.92,22325.29,9
2020-09,2020-09-01,CN,Volkswagen Group,236470,150.15,14795.89,23449.31,42614.02,80.07,0.0916,0.48,103.09,3.26,16.91,12.4,1152.5,0.444,15.0,0.134,0,0,0,0.17,43484.5,3
2020-09,2020-09-01,CN,Hyundai-Kia Group,189336,150.15,14795.89,23449.31,42614.02,80.07,0.0916,0.48,103.09,3.26,16.91,12.4,1152.5,0.444,15.0,0.134,0,0,0,0.23,40727.83,3
2020-09,2020-09-01,CN,BMW Group,118916,150.15,14795.89,23449.31,42614.02,80.07,0.0916,0.48,103.09,3.26,16.91,12.4,1152.5,0.444,15.0,0.134,0,0,0,0.1,56946.68,2
2020-09,2020-09-01,CN,Mercedes-Benz Group,114129,150.15,14795.89,23449.31,42614.02,80.07,0.0916,0.48,103.09,3.26,16.91,12.4,1152.5,0.444,15.0,0.134,0,0,0,0.08,64762.77,2
2020-09,2020-09-01,CN,Toyota,44415,150.15,14795.89,23449.31,42614.02,80.07,0.0916,0.48,103.09,3.26,16.91,12.4,1152.5,0.444,15.0,0.134,0,0,0,0.05,39000.0,1
2020-10,2020-10-01,US,Tesla,133175,151.01,14630.14,22136.59,41990.03,75.42,0.1363,0.79,104.07,3.12,17.94,13.5,415.9,0.238,2.5,0.111,0,0,0,0.5,46824.83,4
2020-10,2020-10-01,US,BYD,67570,151.01,14630.14,22136.59,41990.03,75.42,0.1363,0.79,104.07,3.12,17.94,13.5,415.9,0.238,27.5,0.111,0,0,0,0.92,22035.16,9
2020-10,2020-10-01,US,Volkswagen Group,73319,151.01,14630.14,22136.59,41990.03,75.42,0.1363,0.79,104.07,3.12,17.94,13.5,415.9,0.238,2.5,0.111,0,0,0,0.18,44043.77,3
2020-10,2020-10-01,US,Hyundai-Kia Group,94358,151.01,14630.14,22136.59,41990.03,75.42,0.1363,0.79,104.07,3.12,17.94,13.5,415.9,0.238,2.5,0.111,0,0,0,0.24,40415.19,3
2020-10,2020-10-01,US,BMW Group,71265,151.01,14630.14,22136.59,41990.03,75.42,0.1363,0.79,104.07,3.12,17.94,13.5,415.9,0.238,2.5,0.111,0,0,0,0.1,57167.72,2
2020-10,2020-10-01,US,Mercedes-Benz Group,66700,151.01,14630.14,22136.59,41990.03,75.42,0.1363,0.79,104.07,3.12,17.94,13.5,415.9,0.238,2.5,0.111,0,0,0,0.08,63858.81,2
2020-10,2020-10-01,US,Toyota,25577,151.01,14630.14,22136.59,41990.03,75.42,0.1363,0.79,104.07,3.12,17.94,13.5,415.9,0.238,2.5,0.111,0,0,0,0.05,39000.0,1
2020-10,2020-10-01,EU,Tesla,120561,151.01,14630.14,22136.59,41990.03,75.42,0.249,0.79,104.07,3.12,19.12,13.5,622.1,0.202,10.0,0.127,0,0,0,0.5,46800.53,4
2020-10,2020-10-01,EU,BYD,120796,151.01,14630.14,22136.59,41990.03,75.42,0.249,0.79,104.07,3.12,19.12,13.5,622.1,0.202,10.0,0.127,0,0,0,0.92,22276.97,9
2020-10,2020-10-01,EU,Volkswagen Group,98940,151.01,14630.14,22136.59,41990.03,75.42,0.249,0.79,104.07,3.12,19.12,13.5,622.1,0.202,10.0,0.127,0,0,0,0.18,43480.37,3
2020-10,2020-10-01,EU,Hyundai-Kia Group,101460,151.01,14630.14,22136.59,41990.03,75.42,0.249,0.79,104.07,3.12,19.12,13.5,622.1,0.202,10.0,0.127,0,0,0,0.24,40229.73,3
2020-10,2020-10-01,EU,BMW Group,74219,151.01,14630.14,22136.59,41990.03,75.42,0.249,0.79,104.07,3.12,19.12,13.5,622.1,0.202,10.0,0.127,0,0,0,0.1,56458.36,2
2020-10,2020-10-01,EU,Mercedes-Benz Group,64534,151.01,14630.14,22136.59,41990.03,75.42,0.249,0.79,104.07,3.12,19.12,13.5,622.1,0.202,10.0,0.127,0,0,0,0.08,64019.9,2
2020-10,2020-10-01,EU,Toyota,23433,151.01,14630.14,22136.59,41990.03,75.42,0.249,0.79,104.07,3.12,19.12,13.5,622.1,0.202,10.0,0.127,0,0,0,0.05,39000.0,1
2020-10,2020-10-01,CN,Tesla,273072,151.01,14630.14,22136.59,41990.03,75.42,0.0918,0.79,104.07,3.12,17.23,13.5,1209.9,0.447,15.0,0.132,0,0,0,0.65,46944.04,4
2020-10,2020-10-01,CN,BYD,413880,151.01,14630.14,22136.59,41990.03,75.42,0.0918,0.79,104.07,3.12,17.23,13.5,1209.9,0.447,15.0,0.132,0,0,0,0.92,22178.71,9
2020-10,2020-10-01,CN,Volkswagen Group,153939,151.01,14630.14,22136.59,41990.03,75.42,0.0918,0.79,104.07,3.12,17.23,13.5,1209.9,0.447,15.0,0.132,0,0,0,0.18,42615.39,3
2020-10,2020-10-01,CN,Hyundai-Kia Group,168812,151.01,14630.14,22136.59,41990.03,75.42,0.0918,0.79,104.07,3.12,17.23,13.5,1209.9,0.447,15.0,0.132,0,0,0,0.24,39705.59,3
2020-10,2020-10-01,CN,BMW Group,123479,151.01,14630.14,22136.59,41990.03,75.42,0.0918,0.79,104.07,3.12,17.23,13.5,1209.9,0.447,15.0,0.132,0,0,0,0.1,57488.44,2
2020-10,2020-10-01,CN,Mercedes-Benz Group,133884,151.01,14630.14,22136.59,41990.03,75.42,0.0918,0.79,104.07,3.12,17.23,13.5,1209.9,0.447,15.0,0.132,0,0,0,0.08,64242.36,2
2020-10,2020-10-01,CN,Toyota,47183,151.01,14630.14,22136.59,41990.03,75.42,0.0918,0.79,104.07,3.12,17.23,13.5,1209.9,0.447,15.0,0.132,0,0,0,0.05,39000.0,1
2020-11,2020-11-01,US,Tesla,164636,151.38,17253.54,22462.17,39278.33,67.32,0.137,0.59,104.67,3.25,18.98,12.4,419.0,0.24,2.5,0.11,0,0,0,0.5,46722.16,4
2020-11,2020-11-01,US,BYD,60911,151.38,17253.54,22462.17,39278.33,67.32,0.137,0.59,104.67,3.25,18.98,12.4,419.0,0.24,27.5,0.11,0,0,0,0.92,22576.33,9
2020-11,2020-11-01,US,Volkswagen Group,79123,151.38,17253.54,22462.17,39278.33,67.32,0.137,0.59,104.67,3.25,18.98,12.4,419.0,0.24,2.5,0.11,0,0,0,0.18,43035.25,3
2020-11,2020-11-01,US,Hyundai-Kia Group,103480,151.38,17253.54,22462.17,39278.33,67.32,0.137,0.59,104.67,3.25,18.98,12.4,419.0,0.24,2.5,0.11,0,0,0,0.24,39926.98,4
2020-11,2020-11-01,US,BMW Group,76641,151.38,17253.54,22462.17,39278.33,67.32,0.137,0.59,104.67,3.25,18.98,12.4,419.0,0.24,2.5,0.11,0,0,0,0.1,57147.41,2
2020-11,2020-11-01,US,Mercedes-Benz Group,71221,151.38,17253.54,22462.17,39278.33,67.32,0.137,0.59,104.67,3.25,18.98,12.4,419.0,0.24,2.5,0.11,0,0,0,0.08,66160.32,2
2020-11,2020-11-01,US,Toyota,26574,151.38,17253.54,22462.17,39278.33,67.32,0.137,0.59,104.67,3.25,18.98,12.4,419.0,0.24,2.5,0.11,0,0,0,0.05,39000.0,1
2020-11,2020-11-01,EU,Tesla,123566,151.38,17253.54,22462.17,39278.33,67.32,0.25,0.59,104.67,3.25,18.39,12.4,658.0,0.205,10.0,0.125,0,0,0,0.5,45780.94,4
2020-11,2020-11-01,EU,BYD,110644,151.38,17253.54,22462.17,39278.33,67.32,0.25,0.59,104.67,3.25,18.39,12.4,658.0,0.205,10.0,0.125,0,0,0,0.92,21938.76,9
2020-11,2020-11-01,EU,Volkswagen Group,141129,151.38,17253.54,22462.17,39278.33,67.32,0.25,0.59,104.67,3.25,18.39,12.4,658.0,0.205,10.0,0.125,0,0,0,0.18,43207.37,3
2020-11,2020-11-01,EU,Hyundai-Kia Group,93680,151.38,17253.54,22462.17,39278.33,67.32,0.25,0.59,104.67,3.25,18.39,12.4,658.0,0.205,10.0,0.125,0,0,0,0.24,40230.77,4
2020-11,2020-11-01,EU,BMW Group,55321,151.38,17253.54,22462.17,39278.33,67.32,0.25,0.59,104.67,3.25,18.39,12.4,658.0,0.205,10.0,0.125,0,0,0,0.1,57897.64,2
2020-11,2020-11-01,EU,Mercedes-Benz Group,68573,151.38,17253.54,22462.17,39278.33,67.32,0.25,0.59,104.67,3.25,18.39,12.4,658.0,0.205,10.0,0.125,0,0,0,0.08,64688.49,2
2020-11,2020-11-01,EU,Toyota,22551,151.38,17253.54,22462.17,39278.33,67.32,0.25,0.59,104.67,3.25,18.39,12.4,658.0,0.205,10.0,0.125,0,0,0,0.05,39000.0,1
2020-11,2020-11-01,CN,Tesla,282235,151.38,17253.54,22462.17,39278.33,67.32,0.092,0.59,104.67,3.25,19.29,12.4,1328.6,0.45,15.0,0.13,0,0,0,0.65,46592.36,4
2020-11,2020-11-01,CN,BYD,387224,151.38,17253.54,22462.17,39278.33,67.32,0.092,0.59,104.67,3.25,19.29,12.4,1328.6,0.45,15.0,0.13,0,0,0,0.92,23181.21,9
2020-11,2020-11-01,CN,Volkswagen Group,145125,151.38,17253.54,22462.17,39278.33,67.32,0.092,0.59,104.67,3.25,19.29,12.4,1328.6,0.45,15.0,0.13,0,0,0,0.18,43299.29,3
2020-11,2020-11-01,CN,Hyundai-Kia Group,199314,151.38,17253.54,22462.17,39278.33,67.32,0.092,0.59,104.67,3.25,19.29,12.4,1328.6,0.45,15.0,0.13,0,0,0,0.24,39760.06,4
2020-11,2020-11-01,CN,BMW Group,136476,151.38,17253.54,22462.17,39278.33,67.32,0.092,0.59,104.67,3.25,19.29,12.4,1328.6,0.45,15.0,0.13,0,0,0,0.1,56886.35,2
2020-11,2020-11-01,CN,Mercedes-Benz Group,124205,151.38,17253.54,22462.17,39278.33,67.32,0.092,0.59,104.67,3.25,19.29,12.4,1328.6,0.45,15.0,0.13,0,0,0,0.08,64117.87,2
2020-11,2020-11-01,CN,Toyota,52579,151.38,17253.54,22462.17,39278.33,67.32,0.092,0.59,104.67,3.25,19.29,12.4,1328.6,0.45,15.0,0.13,0,0,0,0.05,39000.0,1
2020-12,2020-12-01,US,Tesla,140962,145.79,17956.31,23337.13,37038.34,77.03,0.1377,0.73,105.18,3.07,19.59,12.9,453.1,0.242,2.5,0.109,0,0,0,0.5,47618.4,4
2020-12,2020-12-01,US,BYD,51069,145.79,17956.31,23337.13,37038.34,77.03,0.1377,0.73,105.18,3.07,19.59,12.9,453.1,0.242,27.5,0.109,0,0,0,0.92,22176.6,9
2020-12,2020-12-01,US,Volkswagen Group,98080,145.79,17956.31,23337.13,37038.34,77.03,0.1377,0.73,105.18,3.07,19.59,12.9,453.1,0.242,2.5,0.109,0,0,0,0.18,43718.42,3
2020-12,2020-12-01,US,Hyundai-Kia Group,110319,145.79,17956.31,23337.13,37038.34,77.03,0.1377,0.73,105.18,3.07,19.59,12.9,453.1,0.242,2.5,0.109,0,0,0,0.24,39987.77,4
2020-12,2020-12-01,US,BMW Group,107295,145.79,17956.31,23337.13,37038.34,77.03,0.1377,0.73,105.18,3.07,19.59,12.9,453.1,0.242,2.5,0.109,0,0,0,0.1,56664.71,2
2020-12,2020-12-01,US,Mercedes-Benz Group,70254,145.79,17956.31,23337.13,37038.34,77.03,0.1377,0.73,105.18,3.07,19.59,12.9,453.1,0.242,2.5,0.109,0,0,0,0.08,64553.38,2
2020-12,2020-12-01,US,Toyota,32935,145.79,17956.31,23337.13,37038.34,77.03,0.1377,0.73,105.18,3.07,19.59,12.9,453.1,0.242,2.5,0.109,0,0,0,0.05,39000.0,1
2020-12,2020-12-01,EU,Tesla,152575,145.79,17956.31,23337.13,37038.34,77.03,0.251,0.73,105.18,3.07,19.37,12.9,669.2,0.207,10.0,0.124,0,0,0,0.5,46284.76,4
2020-12,2020-12-01,EU,BYD,141399,145.79,17956.31,23337.13,37038.34,77.03,0.251,0.73,105.18,3.07,19.37,12.9,669.2,0.207,10.0,0.124,0,0,0,0.92,23114.61,9
2020-12,2020-12-01,EU,Volkswagen Group,112223,145.79,17956.31,23337.13,37038.34,77.03,0.251,0.73,105.18,3.07,19.37,12.9,669.2,0.207,10.0,0.124,0,0,0,0.18,43757.27,3
2020-12,2020-12-01,EU,Hyundai-Kia Group,97946,145.79,17956.31,23337.13,37038.34,77.03,0.251,0.73,105.18,3.07,19.37,12.9,669.2,0.207,10.0,0.124,0,0,0,0.24,39614.16,4
2020-12,2020-12-01,EU,BMW Group,85041,145.79,17956.31,23337.13,37038.34,77.03,0.251,0.73,105.18,3.07,19.37,12.9,669.2,0.207,10.0,0.124,0,0,0,0.1,57373.43,2
2020-12,2020-12-01,EU,Mercedes-Benz Group,77655,145.79,17956.31,23337.13,37038.34,77.03,0.251,0.73,105.18,3.07,19.37,12.9,669.2,0.207,10.0,0.124,0,0,0,0.08,63096.03,2
2020-12,2020-12-01,EU,Toyota,27611,145.79,17956.31,23337.13,37038.34,77.03,0.251,0.73,105.18,3.07,19.37,12.9,669.2,0.207,10.0,0.124,0,0,0,0.05,39000.0,1
2020-12,2020-12-01,CN,Tesla,314877,145.79,17956.31,23337.13,37038.34,77.03,0.0922,0.73,105.18,3.07,17.88,12.9,1334.3,0.453,15.0,0.128,0,0,0,0.65,45852.57,4
2020-12,2020-12-01,CN,BYD,353888,145.79,17956.31,23337.13,37038.34,77.03,0.0922,0.73,105.18,3.07,17.88,12.9,1334.3,0.453,15.0,0.128,0,0,0,0.92,22572.0,9
2020-12,2020-12-01,CN,Volkswagen Group,160617,145.79,17956.31,23337.13,37038.34,77.03,0.0922,0.73,105.18,3.07,17.88,12.9,1334.3,0.453,15.0,0.128,0,0,0,0.18,42601.97,3
2020-12,2020-12-01,CN,Hyundai-Kia Group,190697,145.79,17956.31,23337.13,37038.34,77.03,0.0922,0.73,105.18,3.07,17.88,12.9,1334.3,0.453,15.0,0.128,0,0,0,0.24,40677.61,4
2020-12,2020-12-01,CN,BMW Group,143260,145.79,17956.31,23337.13,37038.34,77.03,0.0922,0.73,105.18,3.07,17.88,12.9,1334.3,0.453,15.0,0.128,0,0,0,0.1,56438.11,2
2020-12,2020-12-01,CN,Mercedes-Benz Group,92520,145.79,17956.31,23337.13,37038.34,77.03,0.0922,0.73,105.18,3.07,17.88,12.9,1334.3,0.453,15.0,0.128,0,0,0,0.08,64231.82,2
2020-12,2020-12-01,CN,Toyota,55313,145.79,17956.31,23337.13,37038.34,77.03,0.0922,0.73,105.18,3.07,17.88,12.9,1334.3,0.453,15.0,0.128,0,0,0,0.05,39000.0,1
2021-01,2021-01-01,US,Tesla,112959,149.25,16453.6,24676.17,39121.73,79.17,0.1384,0.62,106.17,3.2,19.16,30.0,453.8,0.244,2.5,0.108,0,0,0,0.5,46487.82,4
2021-01,2021-01-01,US,BYD,49265,149.25,16453.6,24676.17,39121.73,79.17,0.1384,0.62,106.17,3.2,19.16,30.0,453.8,0.244,27.5,0.108,0,0,0,0.92,22435.94,9
2021-01,2021-01-01,US,Volkswagen Group,65120,149.25,16453.6,24676.17,39121.73,79.17,0.1384,0.62,106.17,3.2,19.16,30.0,453.8,0.244,2.5,0.108,0,0,0,0.19,42822.63,4
2021-01,2021-01-01,US,Hyundai-Kia Group,80939,149.25,16453.6,24676.17,39121.73,79.17,0.1384,0.62,106.17,3.2,19.16,30.0,453.8,0.244,2.5,0.108,0,0,0,0.25,39962.57,4
2021-01,2021-01-01,US,BMW Group,45535,149.25,16453.6,24676.17,39121.73,79.17,0.1384,0.62,106.17,3.2,19.16,30.0,453.8,0.244,2.5,0.108,0,0,0,0.1,58182.4,2
2021-01,2021-01-01,US,Mercedes-Benz Group,62994,149.25,16453.6,24676.17,39121.73,79.17,0.1384,0.62,106.17,3.2,19.16,30.0,453.8,0.244,2.5,0.108,0,0,0,0.08,65273.21,2
2021-01,2021-01-01,US,Toyota,18610,149.25,16453.6,24676.17,39121.73,79.17,0.1384,0.62,106.17,3.2,19.16,30.0,453.8,0.244,2.5,0.108,0,0,0,0.05,39000.0,1
2021-01,2021-01-01,EU,Tesla,104499,149.25,16453.6,24676.17,39121.73,79.17,0.252,0.62,106.17,3.2,18.48,30.0,678.9,0.21,10.0,0.122,0,0,0,0.5,45856.24,4
2021-01,2021-01-01,EU,BYD,119113,149.25,16453.6,24676.17,39121.73,79.17,0.252,0.62,106.17,3.2,18.48,30.0,678.9,0.21,10.0,0.122,0,0,0,0.92,22266.83,9
2021-01,2021-01-01,EU,Volkswagen Group,110593,149.25,16453.6,24676.17,39121.73,79.17,0.252,0.62,106.17,3.2,18.48,30.0,678.9,0.21,10.0,0.122,0,0,0,0.19,43414.27,4
2021-01,2021-01-01,EU,Hyundai-Kia Group,69093,149.25,16453.6,24676.17,39121.73,79.17,0.252,0.62,106.17,3.2,18.48,30.0,678.9,0.21,10.0,0.122,0,0,0,0.25,40208.67,4
2021-01,2021-01-01,EU,BMW Group,62928,149.25,16453.6,24676.17,39121.73,79.17,0.252,0.62,106.17,3.2,18.48,30.0,678.9,0.21,10.0,0.122,0,0,0,0.1,56965.29,2
2021-01,2021-01-01,EU,Mercedes-Benz Group,56021,149.25,16453.6,24676.17,39121.73,79.17,0.252,0.62,106.17,3.2,18.48,30.0,678.9,0.21,10.0,0.122,0,0,0,0.08,63422.3,2
2021-01,2021-01-01,EU,Toyota,21984,149.25,16453.6,24676.17,39121.73,79.17,0.252,0.62,106.17,3.2,18.48,30.0,678.9,0.21,10.0,0.122,0,0,0,0.05,39000.0,1
2021-01,2021-01-01,CN,Tesla,205113,149.25,16453.6,24676.17,39121.73,79.17,0.0924,0.62,106.17,3.2,19.78,30.0,1380.6,0.456,15.0,0.126,0,0,0,0.65,46782.13,4
2021-01,2021-01-01,CN,BYD,272469,149.25,16453.6,24676.17,39121.73,79.17,0.0924,0.62,106.17,3.2,19.78,30.0,1380.6,0.456,15.0,0.126,0,0,0,0.92,22947.8,9
2021-01,2021-01-01,CN,Volkswagen Group,134823,149.25,16453.6,24676.17,39121.73,79.17,0.0924,0.62,106.17,3.2,19.78,30.0,1380.6,0.456,15.0,0.126,0,0,0,0.19,43286.37,4
2021-01,2021-01-01,CN,Hyundai-Kia Group,153615,149.25,16453.6,24676.17,39121.73,79.17,0.0924,0.62,106.17,3.2,19.78,30.0,1380.6,0.456,15.0,0.126,0,0,0,0.25,39796.18,4
2021-01,2021-01-01,CN,BMW Group,123781,149.25,16453.6,24676.17,39121.73,79.17,0.0924,0.62,106.17,3.2,19.78,30.0,1380.6,0.456,15.0,0.126,0,0,0,0.1,56529.33,2
2021-01,2021-01-01,CN,Mercedes-Benz Group,90179,149.25,16453.6,24676.17,39121.73,79.17,0.0924,0.62,106.17,3.2,19.78,30.0,1380.6,0.456,15.0,0.126,0,0,0,0.08,64252.08,2
2021-01,2021-01-01,CN,Toyota,47915,149.25,16453.6,24676.17,39121.73,79.17,0.0924,0.62,106.17,3.2,19.78,30.0,1380.6,0.456,15.0,0.126,0,0,0,0.05,39000.0,1
2021-02,2021-02-01,US,Tesla,119266,147.46,16143.48,22579.79,32875.04,76.38,0.1391,0.94,105.23,3.43,18.76,30.2,467.5,0.246,2.5,0.107,0,0,0,0.5,46639.57,4
2021-02,2021-02-01,US,BYD,49643,147.46,16143.48,22579.79,32875.04,76.38,0.1391,0.94,105.23,3.43,18.76,30.2,467.5,0.246,27.5,0.107,0,0,0,0.92,22980.99,9
2021-02,2021-02-01,US,Volkswagen Group,67232,147.46,16143.48,22579.79,32875.04,76.38,0.1391,0.94,105.23,3.43,18.76,30.2,467.5,0.246,2.5,0.107,0,0,0,0.19,43020.12,4
2021-02,2021-02-01,US,Hyundai-Kia Group,85733,147.46,16143.48,22579.79,32875.04,76.38,0.1391,0.94,105.23,3.43,18.76,30.2,467.5,0.246,2.5,0.107,0,0,0,0.25,39807.22,4
2021-02,2021-02-01,US,BMW Group,52712,147.46,16143.48,22579.79,32875.04,76.38,0.1391,0.94,105.23,3.43,18.76,30.2,467.5,0.246,2.5,0.107,0,0,0,0.1,56193.9,2
2021-02,2021-02-01,US,Mercedes-Benz Group,54818,147.46,16143.48,22579.79,32875.04,76.38,0.1391,0.94,105.23,3.43,18.76,30.2,467.5,0.246,2.5,0.107,0,0,0,0.08,64944.61,2
2021-02,2021-02-01,US,Toyota,23357,147.46,16143.48,22579.79,32875.04,76.38,0.1391,0.94,105.23,3.43,18.76,30.2,467.5,0.246,2.5,0.107,0,0,0,0.05,39000.0,1
2021-02,2021-02-01,EU,Tesla,99394,147.46,16143.48,22579.79,32875.04,76.38,0.253,0.94,105.23,3.43,19.83,30.2,706.3,0.212,10.0,0.121,0,0,0,0.5,46170.12,4
2021-02,2021-02-01,EU,BYD,82314,147.46,16143.48,22579.79,32875.04,76.38,0.253,0.94,105.23,3.43,19.83,30.2,706.3,0.212,10.0,0.121,0,0,0,0.92,22708.75,9
2021-02,2021-02-01,EU,Volkswagen Group,73621,147.46,16143.48,22579.79,32875.04,76.38,0.253,0.94,105.23,3.43,19.83,30.2,706.3,0.212,10.0,0.121,0,0,0,0.19,43123.3,4
2021-02,2021-02-01,EU,Hyundai-Kia Group,79650,147.46,16143.48,22579.79,32875.04,76.38,0.253,0.94,105.23,3.43,19.83,30.2,706.3,0.212,10.0,0.121,0,0,0,0.25,40241.66,4
2021-02,2021-02-01,EU,BMW Group,63508,147.46,16143.48,22579.79,32875.04,76.38,0.253,0.94,105.23,3.43,19.83,30.2,706.3,0.212,10.0,0.121,0,0,0,0.1,57373.62,2
2021-02,2021-02-01,EU,Mercedes-Benz Group,55250,147.46,16143.48,22579.79,32875.04,76.38,0.253,0.94,105.23,3.43,19.83,30.2,706.3,0.212,10.0,0.121,0,0,0,0.08,65682.38,2
2021-02,2021-02-01,EU,Toyota,17438,147.46,16143.48,22579.79,32875.04,76.38,0.253,0.94,105.23,3.43,19.83,30.2,706.3,0.212,10.0,0.121,0,0,0,0.05,39000.0,1
2021-02,2021-02-01,CN,Tesla,227782,147.46,16143.48,22579.79,32875.04,76.38,0.0926,0.94,105.23,3.43,18.66,30.2,1403.0,0.459,15.0,0.124,0,0,0,0.65,46453.05,4
2021-02,2021-02-01,CN,BYD,317048,147.46,16143.48,22579.79,32875.04,76.38,0.0926,0.94,105.23,3.43,18.66,30.2,1403.0,0.459,15.0,0.124,0,0,0,0.92,22432.28,9
2021-02,2021-02-01,CN,Volkswagen Group,116606,147.46,16143.48,22579.79,32875.04,76.38,0.0926,0.94,105.23,3.43,18.66,30.2,1403.0,0.459,15.0,0.124,0,0,0,0.19,42657.85,4
2021-02,2021-02-01,CN,Hyundai-Kia Group,132147,147.46,16143.48,22579.79,32875.04,76.38,0.0926,0.94,105.23,3.43,18.66,30.2,1403.0,0.459,15.0,0.124,0,0,0,0.25,39267.34,4
2021-02,2021-02-01,CN,BMW Group,98486,147.46,16143.48,22579.79,32875.04,76.38,0.0926,0.94,105.23,3.43,18.66,30.2,1403.0,0.459,15.0,0.124,0,0,0,0.1,56408.99,2
2021-02,2021-02-01,CN,Mercedes-Benz Group,85626,147.46,16143.48,22579.79,32875.04,76.38,0.0926,0.94,105.23,3.43,18.66,30.2,1403.0,0.459,15.0,0.124,0,0,0,0.08,65192.91,2
2021-02,2021-02-01,CN,Toyota,58513,147.46,16143.48,22579.79,32875.04,76.38,0.0926,0.94,105.23,3.43,18.66,30.2,1403.0,0.459,15.0,0.124,0,0,0,0.05,39000.0,1
2021-03,2021-03-01,US,Tesla,112378,146.9,18339.98,24056.72,32752.07,80.28,0.1398,0.82,107.07,2.95,19.19,31.1,476.0,0.248,2.5,0.106,0,0,0,0.5,47205.4,4
2021-03,2021-03-01,US,BYD,53910,146.9,18339.98,24056.72,32752.07,80.28,0.1398,0.82,107.07,2.95,19.19,31.1,476.0,0.248,27.5,0.106,0,0,0,0.92,23243.73,9
2021-03,2021-03-01,US,Volkswagen Group,76624,146.9,18339.98,24056.72,32752.07,80.28,0.1398,0.82,107.07,2.95,19.19,31.1,476.0,0.248,2.5,0.106,0,0,0,0.19,42655.01,4
2021-03,2021-03-01,US,Hyundai-Kia Group,90031,146.9,18339.98,24056.72,32752.07,80.28,0.1398,0.82,107.07,2.95,19.19,31.1,476.0,0.248,2.5,0.106,0,0,0,0.26,40129.02,4
2021-03,2021-03-01,US,BMW Group,57432,146.9,18339.98,24056.72,32752.07,80.28,0.1398,0.82,107.07,2.95,19.19,31.1,476.0,0.248,2.5,0.106,0,0,0,0.1,56217.87,3
2021-03,2021-03-01,US,Mercedes-Benz Group,53829,146.9,18339.98,24056.72,32752.07,80.28,0.1398,0.82,107.07,2.95,19.19,31.1,476.0,0.248,2.5,0.106,0,0,0,0.08,64101.99,2
2021-03,2021-03-01,US,Toyota,26285,146.9,18339.98,24056.72,32752.07,80.28,0.1398,0.82,107.07,2.95,19.19,31.1,476.0,0.248,2.5,0.106,0,0,0,0.05,39000.0,1
2021-03,2021-03-01,EU,Tesla,127755,146.9,18339.98,24056.72,32752.07,80.28,0.254,0.82,107.07,2.95,17.63,31.1,730.7,0.215,10.0,0.119,0,0,0,0.5,46510.1,4
2021-03,2021-03-01,EU,BYD,115594,146.9,18339.98,24056.72,32752.07,80.28,0.254,0.82,107.07,2.95,17.63,31.1,730.7,0.215,10.0,0.119,0,0,0,0.92,22867.94,9
2021-03,2021-03-01,EU,Volkswagen Group,103825,146.9,18339.98,24056.72,32752.07,80.28,0.254,0.82,107.07,2.95,17.63,31.1,730.7,0.215,10.0,0.119,0,0,0,0.19,43213.57,4
2021-03,2021-03-01,EU,Hyundai-Kia Group,67085,146.9,18339.98,24056.72,32752.07,80.28,0.254,0.82,107.07,2.95,17.63,31.1,730.7,0.215,10.0,0.119,0,0,0,0.26,39711.93,4
2021-03,2021-03-01,EU,BMW Group,62961,146.9,18339.98,24056.72,32752.07,80.28,0.254,0.82,107.07,2.95,17.63,31.1,730.7,0.215,10.0,0.119,0,0,0,0.1,57417.77,3
2021-03,2021-03-01,EU,Mercedes-Benz Group,45663,146.9,18339.98,24056.72,32752.07,80.28,0.254,0.82,107.07,2.95,17.63,31.1,730.7,0.215,10.0,0.119,0,0,0,0.08,64517.26,2
2021-03,2021-03-01,EU,Toyota,21000,146.9,18339.98,24056.72,32752.07,80.28,0.254,0.82,107.07,2.95,17.63,31.1,730.7,0.215,10.0,0.119,0,0,0,0.05,39000.0,1
2021-03,2021-03-01,CN,Tesla,222980,146.9,18339.98,24056.72,32752.07,80.28,0.0928,0.82,107.07,2.95,19.18,31.1,1506.3,0.462,15.0,0.122,0,0,0,0.65,46660.75,4
2021-03,2021-03-01,CN,BYD,360198,146.9,18339.98,24056.72,32752.07,80.28,0.0928,0.82,107.07,2.95,19.18,31.1,1506.3,0.462,15.0,0.122,0,0,0,0.92,22708.93,9
2021-03,2021-03-01,CN,Volkswagen Group,131780,146.9,18339.98,24056.72,32752.07,80.28,0.0928,0.82,107.07,2.95,19.18,31.1,1506.3,0.462,15.0,0.122,0,0,0,0.19,42673.58,4
2021-03,2021-03-01,CN,Hyundai-Kia Group,145472,146.9,18339.98,24056.72,32752.07,80.28,0.0928,0.82,107.07,2.95,19.18,31.1,1506.3,0.462,15.0,0.122,0,0,0,0.26,39555.09,4
2021-03,2021-03-01,CN,BMW Group,118048,146.9,18339.98,24056.72,32752.07,80.28,0.0928,0.82,107.07,2.95,19.18,31.1,1506.3,0.462,15.0,0.122,0,0,0,0.1,56974.5,3
2021-03,2021-03-01,CN,Mercedes-Benz Group,115819,146.9,18339.98,24056.72,32752.07,80.28,0.0928,0.82,107.07,2.95,19.18,31.1,1506.3,0.462,15.0,0.122,0,0,0,0.08,63917.0,2
2021-03,2021-03-01,CN,Toyota,40196,146.9,18339.98,24056.72,32752.07,80.28,0.0928,0.82,107.07,2.95,19.18,31.1,1506.3,0.462,15.0,0.122,0,0,0,0.05,39000.0,1
2021-04,2021-04-01,US,Tesla,179046,145.14,17719.69,23192.96,35019.31,87.6,0.1405,0.71,106.83,3.0,18.45,30.1,508.2,0.25,2.5,0.105,0,0,0,0.5,46904.67,4
2021-04,2021-04-01,US,BYD,52647,145.14,17719.69,23192.96,35019.31,87.6,0.1405,0.71,106.83,3.0,18.45,30.1,508.2,0.25,27.5,0.105,0,0,0,0.92,22641.15,9
2021-04,2021-04-01,US,Volkswagen Group,96278,145.14,17719.69,23192.96,35019.31,87.6,0.1405,0.71,106.83,3.0,18.45,30.1,508.2,0.25,2.5,0.105,0,0,0,0.2,43381.35,4
2021-04,2021-04-01,US,Hyundai-Kia Group,89102,145.14,17719.69,23192.96,35019.31,87.6,0.1405,0.71,106.83,3.0,18.45,30.1,508.2,0.25,2.5,0.105,0,0,0,0.26,39440.86,4
2021-04,2021-04-01,US,BMW Group,59811,145.14,17719.69,23192.96,35019.31,87.6,0.1405,0.71,106.83,3.0,18.45,30.1,508.2,0.25,2.5,0.105,0,0,0,0.1,56930.93,3
2021-04,2021-04-01,US,Mercedes-Benz Group,53997,145.14,17719.69,23192.96,35019.31,87.6,0.1405,0.71,106.83,3.0,18.45,30.1,508.2,0.25,2.5,0.105,0,0,0,0.08,63515.08,3
2021-04,2021-04-01,US,Toyota,25211,145.14,17719.69,23192.96,35019.31,87.6,0.1405,0.71,106.83,3.0,18.45,30.1,508.2,0.25,2.5,0.105,0,0,0,0.05,39000.0,1
2021-04,2021-04-01,EU,Tesla,108489,145.14,17719.69,23192.96,35019.31,87.6,0.255,0.71,106.83,3.0,19.35,30.1,749.5,0.217,10.0,0.118,0,0,0,0.5,46975.25,4
2021-04,2021-04-01,EU,BYD,102756,145.14,17719.69,23192.96,35019.31,87.6,0.255,0.71,106.83,3.0,19.35,30.1,749.5,0.217,10.0,0.118,0,0,0,0.92,23045.3,9
2021-04,2021-04-01,EU,Volkswagen Group,109748,145.14,17719.69,23192.96,35019.31,87.6,0.255,0.71,106.83,3.0,19.35,30.1,749.5,0.217,10.0,0.118,0,0,0,0.2,42780.21,4
2021-04,2021-04-01,EU,Hyundai-Kia Group,88303,145.14,17719.69,23192.96,35019.31,87.6,0.255,0.71,106.83,3.0,19.35,30.1,749.5,0.217,10.0,0.118,0,0,0,0.26,39200.91,4
2021-04,2021-04-01,EU,BMW Group,67108,145.14,17719.69,23192.96,35019.31,87.6,0.255,0.71,106.83,3.0,19.35,30.1,749.5,0.217,10.0,0.118,0,0,0,0.1,57199.87,3
2021-04,2021-04-01,EU,Mercedes-Benz Group,73607,145.14,17719.69,23192.96,35019.31,87.6,0.255,0.71,106.83,3.0,19.35,30.1,749.5,0.217,10.0,0.118,0,0,0,0.08,64481.33,3
2021-04,2021-04-01,EU,Toyota,23048,145.14,17719.69,23192.96,35019.31,87.6,0.255,0.71,106.83,3.0,19.35,30.1,749.5,0.217,10.0,0.118,0,0,0,0.05,39000.0,1
2021-04,2021-04-01,CN,Tesla,223651,145.14,17719.69,23192.96,35019.31,87.6,0.093,0.71,106.83,3.0,18.32,30.1,1511.7,0.465,15.0,0.12,0,0,0,0.65,45922.26,4
2021-04,2021-04-01,CN,BYD,414639,145.14,17719.69,23192.96,35019.31,87.6,0.093,0.71,106.83,3.0,18.32,30.1,1511.7,0.465,15.0,0.12,0,0,0,0.92,23106.7,9
2021-04,2021-04-01,CN,Volkswagen Group,128074,145.14,17719.69,23192.96,35019.31,87.6,0.093,0.71,106.83,3.0,18.32,30.1,1511.7,0.465,15.0,0.12,0,0,0,0.2,42571.7,4
2021-04,2021-04-01,CN,Hyundai-Kia Group,155826,145.14,17719.69,23192.96,35019.31,87.6,0.093,0.71,106.83,3.0,18.32,30.1,1511.7,0.465,15.0,0.12,0,0,0,0.26,39838.57,4
2021-04,2021-04-01,CN,BMW Group,127955,145.14,17719.69,23192.96,35019.31,87.6,0.093,0.71,106.83,3.0,18.32,30.1,1511.7,0.465,15.0,0.12,0,0,0,0.1,57479.76,3
2021-04,2021-04-01,CN,Mercedes-Benz Group,130311,145.14,17719.69,23192.96,35019.31,87.6,0.093,0.71,106.83,3.0,18.32,30.1,1511.7,0.465,15.0,0.12,0,0,0,0.08,63037.4,3
2021-04,2021-04-01,CN,Toyota,60930,145.14,17719.69,23192.96,35019.31,87.6,0.093,0.71,106.83,3.0,18.32,30.1,1511.7,0.465,15.0,0.12,0,0,0,0.05,39000.0,1
2021-05,2021-05-01,US,Tesla,121653,144.67,17480.82,22886.68,32078.4,86.79,0.1412,1.12,107.15,2.49,19.64,28.6,504.7,0.252,2.5,0.104,0,0,0,0.5,46977.28,4
2021-05,2021-05-01,US,BYD,52805,144.67,17480.82,22886.68,32078.4,86.79,0.1412,1.12,107.15,2.49,19.64,28.6,504.7,0.252,27.5,0.104,0,0,0,0.92,22867.14,10
2021-05,2021-05-01,US,Volkswagen Group,102764,144.67,17480.82,22886.68,32078.4,86.79,0.1412,1.12,107.15,2.49,19.64,28.6,504.7,0.252,2.5,0.104,0,0,0,0.2,43195.36,4
2021-05,2021-05-01,US,Hyundai-Kia Group,84183,144.67,17480.82,22886.68,32078.4,86.79,0.1412,1.12,107.15,2.49,19.64,28.6,504.7,0.252,2.5,0.104,0,0,0,0.26,39347.65,4
2021-05,2021-05-01,US,BMW Group,72665,144.67,17480.82,22886.68,32078.4,86.79,0.1412,1.12,107.15,2.49,19.64,28.6,504.7,0.252,2.5,0.104,0,0,0,0.1,57666.5,3
2021-05,2021-05-01,US,Mercedes-Benz Group,62241,144.67,17480.82,22886.68,32078.4,86.79,0.1412,1.12,107.15,2.49,19.64,28.6,504.7,0.252,2.5,0.104,0,0,0,0.08,65677.37,3
2021-05,2021-05-01,US,Toyota,25481,144.67,17480.82,22886.68,32078.4,86.79,0.1412,1.12,107.15,2.49,19.64,28.6,504.7,0.252,2.5,0.104,0,0,0,0.05,39000.0,1
2021-05,2021-05-01,EU,Tesla,125456,144.67,17480.82,22886.68,32078.4,86.79,0.256,1.12,107.15,2.49,21.01,28.6,780.9,0.22,10.0,0.116,0,0,0,0.5,46490.24,4
2021-05,2021-05-01,EU,BYD,118031,144.67,17480.82,22886.68,32078.4,86.79,0.256,1.12,107.15,2.49,21.01,28.6,780.9,0.22,10.0,0.116,0,0,0,0.92,23120.0,10
2021-05,2021-05-01,EU,Volkswagen Group,105603,144.67,17480.82,22886.68,32078.4,86.79,0.256,1.12,107.15,2.49,21.01,28.6,780.9,0.22,10.0,0.116,0,0,0,0.2,43272.86,4
2021-05,2021-05-01,EU,Hyundai-Kia Group,82857,144.67,17480.82,22886.68,32078.4,86.79,0.256,1.12,107.15,2.49,21.01,28.6,780.9,0.22,10.0,0.116,0,0,0,0.26,39493.15,4
2021-05,2021-05-01,EU,BMW Group,55357,144.67,17480.82,22886.68,32078.4,86.79,0.256,1.12,107.15,2.49,21.01,28.6,780.9,0.22,10.0,0.116,0,0,0,0.1,57763.91,3
2021-05,2021-05-01,EU,Mercedes-Benz Group,50477,144.67,17480.82,22886.68,32078.4,86.79,0.256,1.12,107.15,2.49,21.01,28.6,780.9,0.22,10.0,0.116,0,0,0,0.08,64494.94,3
2021-05,2021-05-01,EU,Toyota,24344,144.67,17480.82,22886.68,32078.4,86.79,0.256,1.12,107.15,2.49,21.01,28.6,780.9,0.22,10.0,0.116,0,0,0,0.05,39000.0,1
2021-05,2021-05-01,CN,Tesla,200307,144.67,17480.82,22886.68,32078.4,86.79,0.0932,1.12,107.15,2.49,19.91,28.6,1602.0,0.468,15.0,0.118,0,0,0,0.65,46103.22,4
2021-05,2021-05-01,CN,BYD,369026,144.67,17480.82,22886.68,32078.4,86.79,0.0932,1.12,107.15,2.49,19.91,28.6,1602.0,0.468,15.0,0.118,0,0,0,0.92,23023.88,10
2021-05,2021-05-01,CN,Volkswagen Group,133222,144.67,17480.82,22886.68,32078.4,86.79,0.0932,1.12,107.15,2.49,19.91,28.6,1602.0,0.468,15.0,0.118,0,0,0,0.2,43585.3,4
2021-05,2021-05-01,CN,Hyundai-Kia Group,167569,144.67,17480.82,22886.68,32078.4,86.79,0.0932,1.12,107.15,2.49,19.91,28.6,1602.0,0.468,15.0,0.118,0,0,0,0.26,39647.66,4
2021-05,2021-05-01,CN,BMW Group,120584,144.67,17480.82,22886.68,32078.4,86.79,0.0932,1.12,107.15,2.49,19.91,28.6,1602.0,0.468,15.0,0.118,0,0,0,0.1,57986.47,3
2021-05,2021-05-01,CN,Mercedes-Benz Group,113708,144.67,17480.82,22886.68,32078.4,86.79,0.0932,1.12,107.15,2.49,19.91,28.6,1602.0,0.468,15.0,0.118,0,0,0,0.08,64423.22,3
2021-05,2021-05-01,CN,Toyota,49560,144.67,17480.82,22886.68,32078.4,86.79,0.0932,1.12,107.15,2.49,19.91,28.6,1602.0,0.468,15.0,0.118,0,0,0,0.05,39000.0,1
2021-06,2021-06-01,US,Tesla,120737,141.2,18130.35,22996.65,32064.31,85.18,0.1419,0.91,108.01,2.16,21.25,29.4,530.3,0.254,2.5,0.103,0,0,0,0.5,45927.12,4
2021-06,2021-06-01,US,BYD,44335,141.2,18130.35,22996.65,32064.31,85.18,0.1419,0.91,108.01,2.16,21.25,29.4,530.3,0.254,27.5,0.103,0,0,0,0.92,23414.35,10
2021-06,2021-06-01,US,Volkswagen Group,79755,141.2,18130.35,22996.65,32064.31,85.18,0.1419,0.91,108.01,2.16,21.25,29.4,530.3,0.254,2.5,0.103,0,0,0,0.2,41760.48,4
2021-06,2021-06-01,US,Hyundai-Kia Group,78738,141.2,18130.35,22996.65,32064.31,85.18,0.1419,0.91,108.01,2.16,21.25,29.4,530.3,0.254,2.5,0.103,0,0,0,0.27,39269.18,4
2021-06,2021-06-01,US,BMW Group,68734,141.2,18130.35,22996.65,32064.31,85.18,0.1419,0.91,108.01,2.16,21.25,29.4,530.3,0.254,2.5,0.103,0,0,0,0.1,57405.01,3
2021-06,2021-06-01,US,Mercedes-Benz Group,49613,141.2,18130.35,22996.65,32064.31,85.18,0.1419,0.91,108.01,2.16,21.25,29.4,530.3,0.254,2.5,0.103,0,0,0,0.08,63698.74,3
2021-06,2021-06-01,US,Toyota,29747,141.2,18130.35,22996.65,32064.31,85.18,0.1419,0.91,108.01,2.16,21.25,29.4,530.3,0.254,2.5,0.103,0,0,0,0.05,39000.0,1
2021-06,2021-06-01,EU,Tesla,111165,141.2,18130.35,22996.65,32064.31,85.18,0.257,0.91,108.01,2.16,19.25,29.4,803.8,0.223,10.0,0.115,0,0,0,0.5,46883.32,4
2021-06,2021-06-01,EU,BYD,101886,141.2,18130.35,22996.65,32064.31,85.18,0.257,0.91,108.01,2.16,19.25,29.4,803.8,0.223,10.0,0.115,0,0,0,0.92,22392.34,10
2021-06,2021-06-01,EU,Volkswagen Group,107704,141.2,18130.35,22996.65,32064.31,85.18,0.257,0.91,108.01,2.16,19.25,29.4,803.8,0.223,10.0,0.115,0,0,0,0.2,42621.77,4
2021-06,2021-06-01,EU,Hyundai-Kia Group,90932,141.2,18130.35,22996.65,32064.31,85.18,0.257,0.91,108.01,2.16,19.25,29.4,803.8,0.223,10.0,0.115,0,0,0,0.27,39373.51,4
2021-06,2021-06-01,EU,BMW Group,77745,141.2,18130.35,22996.65,32064.31,85.18,0.257,0.91,108.01,2.16,19.25,29.4,803.8,0.223,10.0,0.115,0,0,0,0.1,56229.08,3
2021-06,2021-06-01,EU,Mercedes-Benz Group,64790,141.2,18130.35,22996.65,32064.31,85.18,0.257,0.91,108.01,2.16,19.25,29.4,803.8,0.223,10.0,0.115,0,0,0,0.08,64084.28,3
2021-06,2021-06-01,EU,Toyota,27340,141.2,18130.35,22996.65,32064.31,85.18,0.257,0.91,108.01,2.16,19.25,29.4,803.8,0.223,10.0,0.115,0,0,0,0.05,39000.0,1
2021-06,2021-06-01,CN,Tesla,258283,141.2,18130.35,22996.65,32064.31,85.18,0.0934,0.91,108.01,2.16,20.05,29.4,1626.4,0.471,15.0,0.116,0,0,0,0.65,46183.85,4
2021-06,2021-06-01,CN,BYD,354562,141.2,18130.35,22996.65,32064.31,85.18,0.0934,0.91,108.01,2.16,20.05,29.4,1626.4,0.471,15.0,0.116,0,0,0,0.92,23248.75,10
2021-06,2021-06-01,CN,Volkswagen Group,138667,141.2,18130.35,22996.65,32064.31,85.18,0.0934,0.91,108.01,2.16,20.05,29.4,1626.4,0.471,15.0,0.116,0,0,0,0.2,42923.6,4
2021-06,2021-06-01,CN,Hyundai-Kia Group,152048,141.2,18130.35,22996.65,32064.31,85.18,0.0934,0.91,108.01,2.16,20.05,29.4,1626.4,0.471,15.0,0.116,0,0,0,0.27,40046.05,4
2021-06,2021-06-01,CN,BMW Group,123083,141.2,18130.35,22996.65,32064.31,85.18,0.0934,0.91,108.01,2.16,20.05,29.4,1626.4,0.471,15.0,0.116,0,0,0,0.1,58060.56,3
2021-06,2021-06-01,CN,Mercedes-Benz Group,108848,141.2,18130.35,22996.65,32064.31,85.18,0.0934,0.91,108.01,2.16,20.05,29.4,1626.4,0.471,15.0,0.116,0,0,0,0.08,63005.38,3
2021-06,2021-06-01,CN,Toyota,45740,141.2,18130.35,22996.65,32064.31,85.18,0.0934,0.91,108.01,2.16,20.05,29.4,1626.4,0.471,15.0,0.116,0,0,0,0.05,39000.0,1
2021-07,2021-07-01,US,Tesla,140038,138.72,20460.97,21571.96,28604.3,83.12,0.1426,0.81,107.62,2.42,18.06,30.8,545.3,0.256,2.5,0.102,0,0,0,0.5,45816.14,4
2021-07,2021-07-01,US,BYD,68583,138.72,20460.97,21571.96,28604.3,83.12,0.1426,0.81,107.62,2.42,18.06,30.8,545.3,0.256,27.5,0.102,0,0,0,0.92,22552.49,10
2021-07,2021-07-01,US,Volkswagen Group,79978,138.72,20460.97,21571.96,28604.3,83.12,0.1426,0.81,107.62,2.42,18.06,30.8,545.3,0.256,2.5,0.102,0,0,0,0.2,42910.94,4
2021-07,2021-07-01,US,Hyundai-Kia Group,99066,138.72,20460.97,21571.96,28604.3,83.12,0.1426,0.81,107.62,2.42,18.06,30.8,545.3,0.256,2.5,0.102,0,0,0,0.27,39390.75,4
2021-07,2021-07-01,US,BMW Group,70347,138.72,20460.97,21571.96,28604.3,83.12,0.1426,0.81,107.62,2.42,18.06,30.8,545.3,0.256,2.5,0.102,0,0,0,0.1,55694.96,3
2021-07,2021-07-01,US,Mercedes-Benz Group,55690,138.72,20460.97,21571.96,28604.3,83.12,0.1426,0.81,107.62,2.42,18.06,30.8,545.3,0.256,2.5,0.102,0,0,0,0.08,63554.41,3
2021-07,2021-07-01,US,Toyota,28398,138.72,20460.97,21571.96,28604.3,83.12,0.1426,0.81,107.62,2.42,18.06,30.8,545.3,0.256,2.5,0.102,0,0,0,0.05,39000.0,1
2021-07,2021-07-01,EU,Tesla,134484,138.72,20460.97,21571.96,28604.3,83.12,0.258,0.81,107.62,2.42,19.99,30.8,843.0,0.225,10.0,0.113,0,0,0,0.5,45554.41,4
2021-07,2021-07-01,EU,BYD,123840,138.72,20460.97,21571.96,28604.3,83.12,0.258,0.81,107.62,2.42,19.99,30.8,843.0,0.225,10.0,0.113,0,0,0,0.92,23319.81,10
2021-07,2021-07-01,EU,Volkswagen Group,96145,138.72,20460.97,21571.96,28604.3,83.12,0.258,0.81,107.62,2.42,19.99,30.8,843.0,0.225,10.0,0.113,0,0,0,0.2,42583.85,4
2021-07,2021-07-01,EU,Hyundai-Kia Group,90775,138.72,20460.97,21571.96,28604.3,83.12,0.258,0.81,107.62,2.42,19.99,30.8,843.0,0.225,10.0,0.113,0,0,0,0.27,39659.29,4
2021-07,2021-07-01,EU,BMW Group,70085,138.72,20460.97,21571.96,28604.3,83.12,0.258,0.81,107.62,2.42,19.99,30.8,843.0,0.225,10.0,0.113,0,0,0,0.1,57457.12,3
2021-07,2021-07-01,EU,Mercedes-Benz Group,52781,138.72,20460.97,21571.96,28604.3,83.12,0.258,0.81,107.62,2.42,19.99,30.8,843.0,0.225,10.0,0.113,0,0,0,0.08,64939.64,3
2021-07,2021-07-01,EU,Toyota,30831,138.72,20460.97,21571.96,28604.3,83.12,0.258,0.81,107.62,2.42,19.99,30.8,843.0,0.225,10.0,0.113,0,0,0,0.05,39000.0,1
2021-07,2021-07-01,CN,Tesla,282297,138.72,20460.97,21571.96,28604.3,83.12,0.0936,0.81,107.62,2.42,21.71,30.8,1664.9,0.474,15.0,0.114,0,0,0,0.65,45495.41,4
2021-07,2021-07-01,CN,BYD,307000,138.72,20460.97,21571.96,28604.3,83.12,0.0936,0.81,107.62,2.42,21.71,30.8,1664.9,0.474,15.0,0.114,0,0,0,0.92,22959.37,10
2021-07,2021-07-01,CN,Volkswagen Group,129298,138.72,20460.97,21571.96,28604.3,83.12,0.0936,0.81,107.62,2.42,21.71,30.8,1664.9,0.474,15.0,0.114,0,0,0,0.2,42366.45,4
2021-07,2021-07-01,CN,Hyundai-Kia Group,168312,138.72,20460.97,21571.96,28604.3,83.12,0.0936,0.81,107.62,2.42,21.71,30.8,1664.9,0.474,15.0,0.114,0,0,0,0.27,39549.67,4
2021-07,2021-07-01,CN,BMW Group,118211,138.72,20460.97,21571.96,28604.3,83.12,0.0936,0.81,107.62,2.42,21.71,30.8,1664.9,0.474,15.0,0.114,0,0,0,0.1,56575.78,3
2021-07,2021-07-01,CN,Mercedes-Benz Group,126419,138.72,20460.97,21571.96,28604.3,83.12,0.0936,0.81,107.62,2.42,21.71,30.8,1664.9,0.474,15.0,0.114,0,0,0,0.08,65813.82,3
2021-07,2021-07-01,CN,Toyota,50638,138.72,20460.97,21571.96,28604.3,83.12,0.0936,0.81,107.62,2.42,21.71,30.8,1664.9,0.474,15.0,0.114,0,0,0,0.05,39000.0,1
2021-08,2021-08-01,US,Tesla,148275,139.7,19657.01,21669.51,29040.8,83.97,0.1433,0.97,108.67,2.2,17.99,29.5,571.2,0.258,2.5,0.101,0,0,0,0.5,44987.81,4
2021-08,2021-08-01,US,BYD,72204,139.7,19657.01,21669.51,29040.8,83.97,0.1433,0.97,108.67,2.2,17.99,29.5,571.2,0.258,27.5,0.101,0,0,0,0.92,23264.13,10
2021-08,2021-08-01,US,Volkswagen Group,96303,139.7,19657.01,21669.51,29040.8,83.97,0.1433,0.97,108.67,2.2,17.99,29.5,571.2,0.258,2.5,0.101,0,0,0,0.21,42296.45,4
2021-08,2021-08-01,US,Hyundai-Kia Group,97500,139.7,19657.01,21669.51,29040.8,83.97,0.1433,0.97,108.67,2.2,17.99,29.5,571.2,0.258,2.5,0.101,0,0,0,0.28,39274.6,4
2021-08,2021-08-01,US,BMW Group,80735,139.7,19657.01,21669.51,29040.8,83.97,0.1433,0.97,108.67,2.2,17.99,29.5,571.2,0.258,2.5,0.101,0,0,0,0.1,57390.2,3
2021-08,2021-08-01,US,Mercedes-Benz Group,77244,139.7,19657.01,21669.51,29040.8,83.97,0.1433,0.97,108.67,2.2,17.99,29.5,571.2,0.258,2.5,0.101,0,0,0,0.08,62788.89,3
2021-08,2021-08-01,US,Toyota,36063,139.7,19657.01,21669.51,29040.8,83.97,0.1433,0.97,108.67,2.2,17.99,29.5,571.2,0.258,2.5,0.101,0,0,0,0.05,39000.0,1
2021-08,2021-08-01,EU,Tesla,128617,139.7,19657.01,21669.51,29040.8,83.97,0.259,0.97,108.67,2.2,19.93,29.5,828.6,0.227,10.0,0.112,0,0,0,0.5,45967.02,4
2021-08,2021-08-01,EU,BYD,102314,139.7,19657.01,21669.51,29040.8,83.97,0.259,0.97,108.67,2.2,19.93,29.5,828.6,0.227,10.0,0.112,0,0,0,0.92,22784.91,10
2021-08,2021-08-01,EU,Volkswagen Group,118753,139.7,19657.01,21669.51,29040.8,83.97,0.259,0.97,108.67,2.2,19.93,29.5,828.6,0.227,10.0,0.112,0,0,0,0.21,42469.78,4
2021-08,2021-08-01,EU,Hyundai-Kia Group,82230,139.7,19657.01,21669.51,29040.8,83.97,0.259,0.97,108.67,2.2,19.93,29.5,828.6,0.227,10.0,0.112,0,0,0,0.28,39507.44,4
2021-08,2021-08-01,EU,BMW Group,45809,139.7,19657.01,21669.51,29040.8,83.97,0.259,0.97,108.67,2.2,19.93,29.5,828.6,0.227,10.0,0.112,0,0,0,0.1,57323.02,3
2021-08,2021-08-01,EU,Mercedes-Benz Group,45351,139.7,19657.01,21669.51,29040.8,83.97,0.259,0.97,108.67,2.2,19.93,29.5,828.6,0.227,10.0,0.112,0,0,0,0.08,64969.01,3
2021-08,2021-08-01,EU,Toyota,25269,139.7,19657.01,21669.51,29040.8,83.97,0.259,0.97,108.67,2.2,19.93,29.5,828.6,0.227,10.0,0.112,0,0,0,0.05,39000.0,1
2021-08,2021-08-01,CN,Tesla,239657,139.7,19657.01,21669.51,29040.8,83.97,0.0938,0.97,108.67,2.2,17.9,29.5,1677.0,0.477,15.0,0.112,0,0,0,0.65,46300.41,4
2021-08,2021-08-01,CN,BYD,365065,139.7,19657.01,21669.51,29040.8,83.97,0.0938,0.97,108.67,2.2,17.9,29.5,1677.0,0.477,15.0,0.112,0,0,0,0.92,23053.95,10
2021-08,2021-08-01,CN,Volkswagen Group,149975,139.7,19657.01,21669.51,29040.8,83.97,0.0938,0.97,108.67,2.2,17.9,29.5,1677.0,0.477,15.0,0.112,0,0,0,0.21,42670.82,4
2021-08,2021-08-01,CN,Hyundai-Kia Group,197023,139.7,19657.01,21669.51,29040.8,83.97,0.0938,0.97,108.67,2.2,17.9,29.5,1677.0,0.477,15.0,0.112,0,0,0,0.28,38776.8,4
2021-08,2021-08-01,CN,BMW Group,108776,139.7,19657.01,21669.51,29040.8,83.97,0.0938,0.97,108.67,2.2,17.9,29.5,1677.0,0.477,15.0,0.112,0,0,0,0.1,56563.75,3
2021-08,2021-08-01,CN,Mercedes-Benz Group,136057,139.7,19657.01,21669.51,29040.8,83.97,0.0938,0.97,108.67,2.2,17.9,29.5,1677.0,0.477,15.0,0.112,0,0,0,0.08,63707.51,3
2021-08,2021-08-01,CN,Toyota,59435,139.7,19657.01,21669.51,29040.8,83.97,0.0938,0.97,108.67,2.2,17.9,29.5,1677.0,0.477,15.0,0.112,0,0,0,0.05,39000.0,1
2021-09,2021-09-01,US,Tesla,143334,145.15,19477.02,20438.52,26523.79,86.39,0.144,1.27,109.31,1.92,19.82,29.7,568.0,0.26,2.5,0.1,0,0,0,0.5,45581.39,4
2021-09,2021-09-01,US,BYD,58619,145.15,19477.02,20438.52,26523.79,86.39,0.144,1.27,109.31,1.92,19.82,29.7,568.0,0.26,27.5,0.1,0,0,0,0.92,23015.58,10
2021-09,2021-09-01,US,Volkswagen Group,77728,145.15,19477.02,20438.52,26523.79,86.39,0.144,1.27,109.31,1.92,19.82,29.7,568.0,0.26,2.5,0.1,0,0,0,0.21,42367.71,4
2021-09,2021-09-01,US,Hyundai-Kia Group,101115,145.15,19477.02,20438.52,26523.79,86.39,0.144,1.27,109.31,1.92,19.82,29.7,568.0,0.26,2.5,0.1,0,0,0,0.28,38400.72,5
2021-09,2021-09-01,US,BMW Group,76583,145.15,19477.02,20438.52,26523.79,86.39,0.144,1.27,109.31,1.92,19.82,29.7,568.0,0.26,2.5,0.1,0,0,0,0.1,57007.89,3
2021-09,2021-09-01,US,Mercedes-Benz Group,75650,145.15,19477.02,20438.52,26523.79,86.39,0.144,1.27,109.31,1.92,19.82,29.7,568.0,0.26,2.5,0.1,0,0,0,0.08,61683.0,3
2021-09,2021-09-01,US,Toyota,27615,145.15,19477.02,20438.52,26523.79,86.39,0.144,1.27,109.31,1.92,19.82,29.7,568.0,0.26,2.5,0.1,0,0,0,0.05,39000.0,1
2021-09,2021-09-01,EU,Tesla,111624,145.15,19477.02,20438.52,26523.79,86.39,0.26,1.27,109.31,1.92,18.66,29.7,876.6,0.23,10.0,0.11,0,0,0,0.5,45906.39,4
2021-09,2021-09-01,EU,BYD,142884,145.15,19477.02,20438.52,26523.79,86.39,0.26,1.27,109.31,1.92,18.66,29.7,876.6,0.23,10.0,0.11,0,0,0,0.92,22812.87,10
2021-09,2021-09-01,EU,Volkswagen Group,107598,145.15,19477.02,20438.52,26523.79,86.39,0.26,1.27,109.31,1.92,18.66,29.7,876.6,0.23,10.0,0.11,0,0,0,0.21,42323.73,4
2021-09,2021-09-01,EU,Hyundai-Kia Group,92709,145.15,19477.02,20438.52,26523.79,86.39,0.26,1.27,109.31,1.92,18.66,29.7,876.6,0.23,10.0,0.11,0,0,0,0.28,39548.03,5
2021-09,2021-09-01,EU,BMW Group,68450,145.15,19477.02,20438.52,26523.79,86.39,0.26,1.27,109.31,1.92,18.66,29.7,876.6,0.23,10.0,0.11,0,0,0,0.1,56890.25,3
2021-09,2021-09-01,EU,Mercedes-Benz Group,56390,145.15,19477.02,20438.52,26523.79,86.39,0.26,1.27,109.31,1.92,18.66,29.7,876.6,0.23,10.0,0.11,0,0,0,0.08,65922.73,3
2021-09,2021-09-01,EU,Toyota,27741,145.15,19477.02,20438.52,26523.79,86.39,0.26,1.27,109.31,1.92,18.66,29.7,876.6,0.23,10.0,0.11,0,0,0,0.05,39000.0,1
2021-09,2021-09-01,CN,Tesla,248202,145.15,19477.02,20438.52,26523.79,86.39,0.094,1.27,109.31,1.92,21.24,29.7,1776.3,0.48,15.0,0.11,0,0,0,0.65,46193.52,4
2021-09,2021-09-01,CN,BYD,405038,145.15,19477.02,20438.52,26523.79,86.39,0.094,1.27,109.31,1.92,21.24,29.7,1776.3,0.48,15.0,0.11,0,0,0,0.92,22657.1,10
2021-09,2021-09-01,CN,Volkswagen Group,139746,145.15,19477.02,20438.52,26523.79,86.39,0.094,1.27,109.31,1.92,21.24,29.7,1776.3,0.48,15.0,0.11,0,0,0,0.21,41941.46,4
2021-09,2021-09-01,CN,Hyundai-Kia Group,157328,145.15,19477.02,20438.52,26523.79,86.39,0.094,1.27,109.31,1.92,21.24,29.7,1776.3,0.48,15.0,0.11,0,0,0,0.28,38898.29,5
2021-09,2021-09-01,CN,BMW Group,123583,145.15,19477.02,20438.52,26523.79,86.39,0.094,1.27,109.31,1.92,21.24,29.7,1776.3,0.48,15.0,0.11,0,0,0,0.1,56997.26,3
2021-09,2021-09-01,CN,Mercedes-Benz Group,125072,145.15,19477.02,20438.52,26523.79,86.39,0.094,1.27,109.31,1.92,21.24,29.7,1776.3,0.48,15.0,0.11,0,0,0,0.08,64337.54,3
2021-09,2021-09-01,CN,Toyota,51897,145.15,19477.02,20438.52,26523.79,86.39,0.094,1.27,109.31,1.92,21.24,29.7,1776.3,0.48,15.0,0.11,0,0,0,0.05,39000.0,1
2021-10,2021-10-01,US,Tesla,119292,137.79,20033.77,20915.45,27726.05,86.91,0.1447,1.4,109.36,1.95,19.89,29.8,585.8,0.262,2.5,0.099,0,0,0,0.5,45487.79,4
2021-10,2021-10-01,US,BYD,67340,137.79,20033.77,20915.45,27726.05,86.91,0.1447,1.4,109.36,1.95,19.89,29.8,585.8,0.262,27.5,0.099,0,0,0,0.92,22617.98,10
2021-10,2021-10-01,US,Volkswagen Group,70815,137.79,20033.77,20915.45,27726.05,86.91,0.1447,1.4,109.36,1.95,19.89,29.8,585.8,0.262,2.5,0.099,0,0,0,0.21,41981.22,4
2021-10,2021-10-01,US,Hyundai-Kia Group,86911,137.79,20033.77,20915.45,27726.05,86.91,0.1447,1.4,109.36,1.95,19.89,29.8,585.8,0.262,2.5,0.099,0,0,0,0.28,38248.64,5
2021-10,2021-10-01,US,BMW Group,85706,137.79,20033.77,20915.45,27726.05,86.91,0.1447,1.4,109.36,1.95,19.89,29.8,585.8,0.262,2.5,0.099,0,0,0,0.1,55946.15,3
2021-10,2021-10-01,US,Mercedes-Benz Group,56160,137.79,20033.77,20915.45,27726.05,86.91,0.1447,1.4,109.36,1.95,19.89,29.8,585.8,0.262,2.5,0.099,0,0,0,0.08,64757.85,3
2021-10,2021-10-01,US,Toyota,38486,137.79,20033.77,20915.45,27726.05,86.91,0.1447,1.4,109.36,1.95,19.89,29.8,585.8,0.262,2.5,0.099,0,0,0,0.05,39000.0,1
2021-10,2021-10-01,EU,Tesla,167555,137.79,20033.77,20915.45,27726.05,86.91,0.261,1.4,109.36,1.95,19.71,29.8,896.7,0.232,10.0,0.109,0,0,0,0.5,44230.3,4
2021-10,2021-10-01,EU,BYD,94388,137.79,20033.77,20915.45,27726.05,86.91,0.261,1.4,109.36,1.95,19.71,29.8,896.7,0.232,10.0,0.109,0,0,0,0.92,22633.13,10
2021-10,2021-10-01,EU,Volkswagen Group,141164,137.79,20033.77,20915.45,27726.05,86.91,0.261,1.4,109.36,1.95,19.71,29.8,896.7,0.232,10.0,0.109,0,0,0,0.21,42729.03,4
2021-10,2021-10-01,EU,Hyundai-Kia Group,93925,137.79,20033.77,20915.45,27726.05,86.91,0.261,1.4,109.36,1.95,19.71,29.8,896.7,0.232,10.0,0.109,0,0,0,0.28,39663.71,5
2021-10,2021-10-01,EU,BMW Group,72934,137.79,20033.77,20915.45,27726.05,86.91,0.261,1.4,109.36,1.95,19.71,29.8,896.7,0.232,10.0,0.109,0,0,0,0.1,57096.85,3
2021-10,2021-10-01,EU,Mercedes-Benz Group,59015,137.79,20033.77,20915.45,27726.05,86.91,0.261,1.4,109.36,1.95,19.71,29.8,896.7,0.232,10.0,0.109,0,0,0,0.08,64557.14,3
2021-10,2021-10-01,EU,Toyota,27820,137.79,20033.77,20915.45,27726.05,86.91,0.261,1.4,109.36,1.95,19.71,29.8,896.7,0.232,10.0,0.109,0,0,0,0.05,39000.0,1
2021-10,2021-10-01,CN,Tesla,202359,137.79,20033.77,20915.45,27726.05,86.91,0.0942,1.4,109.36,1.95,19.2,29.8,1793.4,0.483,15.0,0.108,0,0,0,0.65,45339.66,4
2021-10,2021-10-01,CN,BYD,318920,137.79,20033.77,20915.45,27726.05,86.91,0.0942,1.4,109.36,1.95,19.2,29.8,1793.4,0.483,15.0,0.108,0,0,0,0.92,23020.5,10
2021-10,2021-10-01,CN,Volkswagen Group,148517,137.79,20033.77,20915.45,27726.05,86.91,0.0942,1.4,109.36,1.95,19.2,29.8,1793.4,0.483,15.0,0.108,0,0,0,0.21,41878.56,4
2021-10,2021-10-01,CN,Hyundai-Kia Group,190915,137.79,20033.77,20915.45,27726.05,86.91,0.0942,1.4,109.36,1.95,19.2,29.8,1793.4,0.483,15.0,0.108,0,0,0,0.28,39666.8,5
2021-10,2021-10-01,CN,BMW Group,113885,137.79,20033.77,20915.45,27726.05,86.91,0.0942,1.4,109.36,1.95,19.2,29.8,1793.4,0.483,15.0,0.108,0,0,0,0.1,55797.7,3
2021-10,2021-10-01,CN,Mercedes-Benz Group,98785,137.79,20033.77,20915.45,27726.05,86.91,0.0942,1.4,109.36,1.95,19.2,29.8,1793.4,0.483,15.0,0.108,0,0,0,0.08,64702.62,3
2021-10,2021-10-01,CN,Toyota,52098,137.79,20033.77,20915.45,27726.05,86.91,0.0942,1.4,109.36,1.95,19.2,29.8,1793.4,0.483,15.0,0.108,0,0,0,0.05,39000.0,1
2021-11,2021-11-01,US,Tesla,134572,136.83,21625.08,18084.94,25096.05,81.57,0.1454,1.47,109.42,1.59,20.48,30.0,604.5,0.264,2.5,0.098,0,0,0,0.5,46042.07,4
2021-11,2021-11-01,US,BYD,54983,136.83,21625.08,18084.94,25096.05,81.57,0.1454,1.47,109.42,1.59,20.48,30.0,604.5,0.264,27.5,0.098,0,0,0,0.92,22971.18,10
2021-11,2021-11-01,US,Volkswagen Group,78167,136.83,21625.08,18084.94,25096.05,81.57,0.1454,1.47,109.42,1.59,20.48,30.0,604.5,0.264,2.5,0.098,0,0,0,0.22,42457.32,4
2021-11,2021-11-01,US,Hyundai-Kia Group,84038,136.83,21625.08,18084.94,25096.05,81.57,0.1454,1.47,109.42,1.59,20.48,30.0,604.5,0.264,2.5,0.098,0,0,0,0.29,39036.24,5
2021-11,2021-11-01,US,BMW Group,57946,136.83,21625.08,18084.94,25096.05,81.57,0.1454,1.47,109.42,1.59,20.48,30.0,604.5,0.264,2.5,0.098,0,0,0,0.1,56282.26,3
2021-11,2021-11-01,US,Mercedes-Benz Group,51185,136.83,21625.08,18084.94,25096.05,81.57,0.1454,1.47,109.42,1.59,20.48,30.0,604.5,0.264,2.5,0.098,0,0,0,0.08,65299.66,3
2021-11,2021-11-01,US,Toyota,26585,136.83,21625.08,18084.94,25096.05,81.57,0.1454,1.47,109.42,1.59,20.48,30.0,604.5,0.264,2.5,0.098,0,0,0,0.05,39000.0,1
2021-11,2021-11-01,EU,Tesla,137605,136.83,21625.08,18084.94,25096.05,81.57,0.262,1.47,109.42,1.59,21.28,30.0,893.2,0.235,10.0,0.107,0,0,0,0.5,45212.53,4
2021-11,2021-11-01,EU,BYD,111520,136.83,21625.08,18084.94,25096.05,81.57,0.262,1.47,109.42,1.59,21.28,30.0,893.2,0.235,10.0,0.107,0,0,0,0.92,22897.95,10
2021-11,2021-11-01,EU,Volkswagen Group,126828,136.83,21625.08,18084.94,25096.05,81.57,0.262,1.47,109.42,1.59,21.28,30.0,893.2,0.235,10.0,0.107,0,0,0,0.22,41905.86,4
2021-11,2021-11-01,EU,Hyundai-Kia Group,84798,136.83,21625.08,18084.94,25096.05,81.57,0.262,1.47,109.42,1.59,21.28,30.0,893.2,0.235,10.0,0.107,0,0,0,0.29,38544.96,5
2021-11,2021-11-01,EU,BMW Group,64397,136.83,21625.08,18084.94,25096.05,81.57,0.262,1.47,109.42,1.59,21.28,30.0,893.2,0.235,10.0,0.107,0,0,0,0.1,57060.27,3
2021-11,2021-11-01,EU,Mercedes-Benz Group,52286,136.83,21625.08,18084.94,25096.05,81.57,0.262,1.47,109.42,1.59,21.28,30.0,893.2,0.235,10.0,0.107,0,0,0,0.08,63751.77,3
2021-11,2021-11-01,EU,Toyota,25954,136.83,21625.08,18084.94,25096.05,81.57,0.262,1.47,109.42,1.59,21.28,30.0,893.2,0.235,10.0,0.107,0,0,0,0.05,39000.0,1
2021-11,2021-11-01,CN,Tesla,216040,136.83,21625.08,18084.94,25096.05,81.57,0.0944,1.47,109.42,1.59,21.37,30.0,1836.3,0.486,15.0,0.106,0,0,0,0.65,46465.26,4
2021-11,2021-11-01,CN,BYD,331009,136.83,21625.08,18084.94,25096.05,81.57,0.0944,1.47,109.42,1.59,21.37,30.0,1836.3,0.486,15.0,0.106,0,0,0,0.92,22689.06,10
2021-11,2021-11-01,CN,Volkswagen Group,122958,136.83,21625.08,18084.94,25096.05,81.57,0.0944,1.47,109.42,1.59,21.37,30.0,1836.3,0.486,15.0,0.106,0,0,0,0.22,43271.88,4
2021-11,2021-11-01,CN,Hyundai-Kia Group,194829,136.83,21625.08,18084.94,25096.05,81.57,0.0944,1.47,109.42,1.59,21.37,30.0,1836.3,0.486,15.0,0.106,0,0,0,0.29,39675.65,5
2021-11,2021-11-01,CN,BMW Group,127919,136.83,21625.08,18084.94,25096.05,81.57,0.0944,1.47,109.42,1.59,21.37,30.0,1836.3,0.486,15.0,0.106,0,0,0,0.1,56347.85,3
2021-11,2021-11-01,CN,Mercedes-Benz Group,98941,136.83,21625.08,18084.94,25096.05,81.57,0.0944,1.47,109.42,1.59,21.37,30.0,1836.3,0.486,15.0,0.106,0,0,0,0.08,65202.72,3
2021-11,2021-11-01,CN,Toyota,49124,136.83,21625.08,18084.94,25096.05,81.57,0.0944,1.47,109.42,1.59,21.37,30.0,1836.3,0.486,15.0,0.106,0,0,0,0.05,39000.0,1
2021-12,2021-12-01,US,Tesla,166802,136.3,20327.48,17092.81,23030.77,83.36,0.1461,1.48,110.42,1.02,17.83,30.3,621.8,0.266,2.5,0.097,0,0,0,0.5,45427.03,4
2021-12,2021-12-01,US,BYD,71915,136.3,20327.48,17092.81,23030.77,83.36,0.1461,1.48,110.42,1.02,17.83,30.3,621.8,0.266,27.5,0.097,0,0,0,0.92,22787.11,10
2021-12,2021-12-01,US,Volkswagen Group,77540,136.3,20327.48,17092.81,23030.77,83.36,0.1461,1.48,110.42,1.02,17.83,30.3,621.8,0.266,2.5,0.097,0,0,0,0.22,42327.61,4
2021-12,2021-12-01,US,Hyundai-Kia Group,106157,136.3,20327.48,17092.81,23030.77,83.36,0.1461,1.48,110.42,1.02,17.83,30.3,621.8,0.266,2.5,0.097,0,0,0,0.29,38907.69,5
2021-12,2021-12-01,US,BMW Group,79431,136.3,20327.48,17092.81,23030.77,83.36,0.1461,1.48,110.42,1.02,17.83,30.3,621.8,0.266,2.5,0.097,0,0,0,0.1,56665.6,3
2021-12,2021-12-01,US,Mercedes-Benz Group,65855,136.3,20327.48,17092.81,23030.77,83.36,0.1461,1.48,110.42,1.02,17.83,30.3,621.8,0.266,2.5,0.097,0,0,0,0.08,63113.46,3
2021-12,2021-12-01,US,Toyota,26728,136.3,20327.48,17092.81,23030.77,83.36,0.1461,1.48,110.42,1.02,17.83,30.3,621.8,0.266,2.5,0.097,0,0,0,0.05,39000.0,1
2021-12,2021-12-01,EU,Tesla,147620,136.3,20327.48,17092.81,23030.77,83.36,0.263,1.48,110.42,1.02,19.14,30.3,924.3,0.237,10.0,0.106,0,0,0,0.5,44872.24,4
2021-12,2021-12-01,EU,BYD,125590,136.3,20327.48,17092.81,23030.77,83.36,0.263,1.48,110.42,1.02,19.14,30.3,924.3,0.237,10.0,0.106,0,0,0,0.92,23477.39,10
2021-12,2021-12-01,EU,Volkswagen Group,101402,136.3,20327.48,17092.81,23030.77,83.36,0.263,1.48,110.42,1.02,19.14,30.3,924.3,0.237,10.0,0.106,0,0,0,0.22,41723.07,4
2021-12,2021-12-01,EU,Hyundai-Kia Group,89277,136.3,20327.48,17092.81,23030.77,83.36,0.263,1.48,110.42,1.02,19.14,30.3,924.3,0.237,10.0,0.106,0,0,0,0.29,39415.24,5
2021-12,2021-12-01,EU,BMW Group,69010,136.3,20327.48,17092.81,23030.77,83.36,0.263,1.48,110.42,1.02,19.14,30.3,924.3,0.237,10.0,0.106,0,0,0,0.1,58011.6,3
2021-12,2021-12-01,EU,Mercedes-Benz Group,54974,136.3,20327.48,17092.81,23030.77,83.36,0.263,1.48,110.42,1.02,19.14,30.3,924.3,0.237,10.0,0.106,0,0,0,0.08,64003.64,3
2021-12,2021-12-01,EU,Toyota,28451,136.3,20327.48,17092.81,23030.77,83.36,0.263,1.48,110.42,1.02,19.14,30.3,924.3,0.237,10.0,0.106,0,0,0,0.05,39000.0,1
2021-12,2021-12-01,CN,Tesla,214552,136.3,20327.48,17092.81,23030.77,83.36,0.0946,1.48,110.42,1.02,21.07,30.3,1881.2,0.489,15.0,0.104,0,0,0,0.65,45718.35,4
2021-12,2021-12-01,CN,BYD,273938,136.3,20327.48,17092.81,23030.77,83.36,0.0946,1.48,110.42,1.02,21.07,30.3,1881.2,0.489,15.0,0.104,0,0,0,0.92,22750.63,10
2021-12,2021-12-01,CN,Volkswagen Group,121072,136.3,20327.48,17092.81,23030.77,83.36,0.0946,1.48,110.42,1.02,21.07,30.3,1881.2,0.489,15.0,0.104,0,0,0,0.22,42363.2,4
2021-12,2021-12-01,CN,Hyundai-Kia Group,170364,136.3,20327.48,17092.81,23030.77,83.36,0.0946,1.48,110.42,1.02,21.07,30.3,1881.2,0.489,15.0,0.104,0,0,0,0.29,38068.84,5
2021-12,2021-12-01,CN,BMW Group,121863,136.3,20327.48,17092.81,23030.77,83.36,0.0946,1.48,110.42,1.02,21.07,30.3,1881.2,0.489,15.0,0.104,0,0,0,0.1,58115.8,3
2021-12,2021-12-01,CN,Mercedes-Benz Group,106734,136.3,20327.48,17092.81,23030.77,83.36,0.0946,1.48,110.42,1.02,21.07,30.3,1881.2,0.489,15.0,0.104,0,0,0,0.08,64520.79,3
2021-12,2021-12-01,CN,Toyota,51258,136.3,20327.48,17092.81,23030.77,83.36,0.0946,1.48,110.42,1.02,21.07,30.3,1881.2,0.489,15.0,0.104,0,0,0,0.05,39000.0,1
2022-01,2022-01-01,US,Tesla,132563,156.64,36378.61,16838.69,23552.36,79.61,0.1468,1.79,110.75,1.04,20.71,30.5,619.0,0.268,2.5,0.096,0,0,0,0.5,45115.44,4
2022-01,2022-01-01,US,BYD,47420,156.64,36378.61,16838.69,23552.36,79.61,0.1468,1.79,110.75,1.04,20.71,30.5,619.0,0.268,27.5,0.096,0,0,0,0.92,23342.41,11
2022-01,2022-01-01,US,Volkswagen Group,80599,156.64,36378.61,16838.69,23552.36,79.61,0.1468,1.79,110.75,1.04,20.71,30.5,619.0,0.268,2.5,0.096,0,0,0,0.22,42407.11,5
2022-01,2022-01-01,US,Hyundai-Kia Group,80353,156.64,36378.61,16838.69,23552.36,79.61,0.1468,1.79,110.75,1.04,20.71,30.5,619.0,0.268,2.5,0.096,0,0,0,0.3,39063.12,5
2022-01,2022-01-01,US,BMW Group,52968,156.64,36378.61,16838.69,23552.36,79.61,0.1468,1.79,110.75,1.04,20.71,30.5,619.0,0.268,2.5,0.096,0,0,0,0.1,55772.9,3
2022-01,2022-01-01,US,Mercedes-Benz Group,48485,156.64,36378.61,16838.69,23552.36,79.61,0.1468,1.79,110.75,1.04,20.71,30.5,619.0,0.268,2.5,0.096,0,0,0,0.08,63555.82,3
2022-01,2022-01-01,US,Toyota,25268,156.64,36378.61,16838.69,23552.36,79.61,0.1468,1.79,110.75,1.04,20.71,30.5,619.0,0.268,2.5,0.096,0,0,0,0.05,39000.0,1
2022-01,2022-01-01,EU,Tesla,88677,156.64,36378.61,16838.69,23552.36,79.61,0.384,1.79,110.75,1.04,21.32,30.5,948.8,0.24,10.0,0.104,0,0,0,0.5,45084.75,4
2022-01,2022-01-01,EU,BYD,60987,156.64,36378.61,16838.69,23552.36,79.61,0.384,1.79,110.75,1.04,21.32,30.5,948.8,0.24,10.0,0.104,0,0,0,0.92,23219.34,11
2022-01,2022-01-01,EU,Volkswagen Group,68039,156.64,36378.61,16838.69,23552.36,79.61,0.384,1.79,110.75,1.04,21.32,30.5,948.8,0.24,10.0,0.104,0,0,0,0.22,41704.27,5
2022-01,2022-01-01,EU,Hyundai-Kia Group,61994,156.64,36378.61,16838.69,23552.36,79.61,0.384,1.79,110.75,1.04,21.32,30.5,948.8,0.24,10.0,0.104,0,0,0,0.3,38356.12,5
2022-01,2022-01-01,EU,BMW Group,50080,156.64,36378.61,16838.69,23552.36,79.61,0.384,1.79,110.75,1.04,21.32,30.5,948.8,0.24,10.0,0.104,0,0,0,0.1,57478.45,3
2022-01,2022-01-01,EU,Mercedes-Benz Group,44842,156.64,36378.61,16838.69,23552.36,79.61,0.384,1.79,110.75,1.04,21.32,30.5,948.8,0.24,10.0,0.104,0,0,0,0.08,63629.25,3
2022-01,2022-01-01,EU,Toyota,18910,156.64,36378.61,16838.69,23552.36,79.61,0.384,1.79,110.75,1.04,21.32,30.5,948.8,0.24,10.0,0.104,0,0,0,0.05,39000.0,1
2022-01,2022-01-01,CN,Tesla,203821,156.64,36378.61,16838.69,23552.36,79.61,0.0948,1.79,110.75,1.04,19.94,30.5,1921.6,0.492,15.0,0.102,0,0,0,0.65,44968.77,4
2022-01,2022-01-01,CN,BYD,315282,156.64,36378.61,16838.69,23552.36,79.61,0.0948,1.79,110.75,1.04,19.94,30.5,1921.6,0.492,15.0,0.102,0,0,0,0.92,23251.12,11
2022-01,2022-01-01,CN,Volkswagen Group,131917,156.64,36378.61,16838.69,23552.36,79.61,0.0948,1.79,110.75,1.04,19.94,30.5,1921.6,0.492,15.0,0.102,0,0,0,0.22,42081.22,5
2022-01,2022-01-01,CN,Hyundai-Kia Group,165043,156.64,36378.61,16838.69,23552.36,79.61,0.0948,1.79,110.75,1.04,19.94,30.5,1921.6,0.492,15.0,0.102,0,0,0,0.3,39316.26,5
2022-01,2022-01-01,CN,BMW Group,81297,156.64,36378.61,16838.69,23552.36,79.61,0.0948,1.79,110.75,1.04,19.94,30.5,1921.6,0.492,15.0,0.102,0,0,0,0.1,55669.06,3
2022-01,2022-01-01,CN,Mercedes-Benz Group,81243,156.64,36378.61,16838.69,23552.36,79.61,0.0948,1.79,110.75,1.04,19.94,30.5,1921.6,0.492,15.0,0.102,0,0,0,0.08,64547.46,3
2022-01,2022-01-01,CN,Toyota,46158,156.64,36378.61,16838.69,23552.36,79.61,0.0948,1.79,110.75,1.04,19.94,30.5,1921.6,0.492,15.0,0.102,0,0,0,0.05,39000.0,1
2022-02,2022-02-01,US,Tesla,126961,156.77,39322.52,14330.75,23198.47,78.84,0.1475,1.56,111.09,1.15,20.33,28.5,644.3,0.27,2.5,0.095,0,0,0,0.5,45289.65,4
2022-02,2022-02-01,US,BYD,59052,156.77,39322.52,14330.75,23198.47,78.84,0.1475,1.56,111.09,1.15,20.33,28.5,644.3,0.27,27.5,0.095,0,0,0,0.92,22958.08,11
2022-02,2022-02-01,US,Volkswagen Group,73125,156.77,39322.52,14330.75,23198.47,78.84,0.1475,1.56,111.09,1.15,20.33,28.5,644.3,0.27,2.5,0.095,0,0,0,0.22,41936.59,5
2022-02,2022-02-01,US,Hyundai-Kia Group,81841,156.77,39322.52,14330.75,23198.47,78.84,0.1475,1.56,111.09,1.15,20.33,28.5,644.3,0.27,2.5,0.095,0,0,0,0.3,38376.69,5
2022-02,2022-02-01,US,BMW Group,63404,156.77,39322.52,14330.75,23198.47,78.84,0.1475,1.56,111.09,1.15,20.33,28.5,644.3,0.27,2.5,0.095,0,0,0,0.1,55969.12,3
2022-02,2022-02-01,US,Mercedes-Benz Group,47587,156.77,39322.52,14330.75,23198.47,78.84,0.1475,1.56,111.09,1.15,20.33,28.5,644.3,0.27,2.5,0.095,0,0,0,0.08,65119.37,3
2022-02,2022-02-01,US,Toyota,23113,156.77,39322.52,14330.75,23198.47,78.84,0.1475,1.56,111.09,1.15,20.33,28.5,644.3,0.27,2.5,0.095,0,0,0,0.05,39000.0,1
2022-02,2022-02-01,EU,Tesla,104168,156.77,39322.52,14330.75,23198.47,78.84,0.385,1.56,111.09,1.15,20.09,28.5,992.1,0.242,10.0,0.103,0,0,0,0.5,44665.46,4
2022-02,2022-02-01,EU,BYD,106578,156.77,39322.52,14330.75,23198.47,78.84,0.385,1.56,111.09,1.15,20.09,28.5,992.1,0.242,10.0,0.103,0,0,0,0.92,23068.32,11
2022-02,2022-02-01,EU,Volkswagen Group,71767,156.77,39322.52,14330.75,23198.47,78.84,0.385,1.56,111.09,1.15,20.09,28.5,992.1,0.242,10.0,0.103,0,0,0,0.22,42271.17,5
2022-02,2022-02-01,EU,Hyundai-Kia Group,58966,156.77,39322.52,14330.75,23198.47,78.84,0.385,1.56,111.09,1.15,20.09,28.5,992.1,0.242,10.0,0.103,0,0,0,0.3,39612.92,5
2022-02,2022-02-01,EU,BMW Group,49298,156.77,39322.52,14330.75,23198.47,78.84,0.385,1.56,111.09,1.15,20.09,28.5,992.1,0.242,10.0,0.103,0,0,0,0.1,56945.26,3
2022-02,2022-02-01,EU,Mercedes-Benz Group,49712,156.77,39322.52,14330.75,23198.47,78.84,0.385,1.56,111.09,1.15,20.09,28.5,992.1,0.242,10.0,0.103,0,0,0,0.08,64791.39,3
2022-02,2022-02-01,EU,Toyota,20688,156.77,39322.52,14330.75,23198.47,78.84,0.385,1.56,111.09,1.15,20.09,28.5,992.1,0.242,10.0,0.103,0,0,0,0.05,39000.0,1
2022-02,2022-02-01,CN,Tesla,279128,156.77,39322.52,14330.75,23198.47,78.84,0.095,1.56,111.09,1.15,20.9,28.5,1956.2,0.495,15.0,0.1,0,0,0,0.65,44661.14,4
2022-02,2022-02-01,CN,BYD,303870,156.77,39322.52,14330.75,23198.47,78.84,0.095,1.56,111.09,1.15,20.9,28.5,1956.2,0.495,15.0,0.1,0,0,0,0.92,23290.96,11
2022-02,2022-02-01,CN,Volkswagen Group,109325,156.77,39322.52,14330.75,23198.47,78.84,0.095,1.56,111.09,1.15,20.9,28.5,1956.2,0.495,15.0,0.1,0,0,0,0.22,42073.87,5
2022-02,2022-02-01,CN,Hyundai-Kia Group,174609,156.77,39322.52,14330.75,23198.47,78.84,0.095,1.56,111.09,1.15,20.9,28.5,1956.2,0.495,15.0,0.1,0,0,0,0.3,38361.35,5
2022-02,2022-02-01,CN,BMW Group,100002,156.77,39322.52,14330.75,23198.47,78.84,0.095,1.56,111.09,1.15,20.9,28.5,1956.2,0.495,15.0,0.1,0,0,0,0.1,56105.86,3
2022-02,2022-02-01,CN,Mercedes-Benz Group,113296,156.77,39322.52,14330.75,23198.47,78.84,0.095,1.56,111.09,1.15,20.9,28.5,1956.2,0.495,15.0,0.1,0,0,0,0.08,64179.32,3
2022-02,2022-02-01,CN,Toyota,53562,156.77,39322.52,14330.75,23198.47,78.84,0.095,1.56,111.09,1.15,20.9,28.5,1956.2,0.495,15.0,0.1,0,0,0,0.05,39000.0,1
2022-03,2022-03-01,US,Tesla,121875,157.5,48464.78,14377.64,22000.0,78.54,0.1482,1.94,112.1,1.1,20.13,30.5,678.7,0.272,2.5,0.094,0,0,0,0.5,45343.92,4
2022-03,2022-03-01,US,BYD,59434,157.5,48464.78,14377.64,22000.0,78.54,0.1482,1.94,112.1,1.1,20.13,30.5,678.7,0.272,27.5,0.094,0,0,0,0.92,23380.58,11
2022-03,2022-03-01,US,Volkswagen Group,75692,157.5,48464.78,14377.64,22000.0,78.54,0.1482,1.94,112.1,1.1,20.13,30.5,678.7,0.272,2.5,0.094,0,0,0,0.23,42123.13,5
2022-03,2022-03-01,US,Hyundai-Kia Group,79902,157.5,48464.78,14377.64,22000.0,78.54,0.1482,1.94,112.1,1.1,20.13,30.5,678.7,0.272,2.5,0.094,0,0,0,0.3,39089.0,5
2022-03,2022-03-01,US,BMW Group,55231,157.5,48464.78,14377.64,22000.0,78.54,0.1482,1.94,112.1,1.1,20.13,30.5,678.7,0.272,2.5,0.094,0,0,0,0.1,55936.47,3
2022-03,2022-03-01,US,Mercedes-Benz Group,69446,157.5,48464.78,14377.64,22000.0,78.54,0.1482,1.94,112.1,1.1,20.13,30.5,678.7,0.272,2.5,0.094,0,0,0,0.08,62126.91,3
2022-03,2022-03-01,US,Toyota,23985,157.5,48464.78,14377.64,22000.0,78.54,0.1482,1.94,112.1,1.1,20.13,30.5,678.7,0.272,2.5,0.094,0,0,0,0.05,39000.0,1
2022-03,2022-03-01,EU,Tesla,93409,157.5,48464.78,14377.64,22000.0,78.54,0.386,1.94,112.1,1.1,20.57,30.5,988.7,0.245,10.0,0.101,0,0,0,0.5,45033.7,4
2022-03,2022-03-01,EU,BYD,74073,157.5,48464.78,14377.64,22000.0,78.54,0.386,1.94,112.1,1.1,20.57,30.5,988.7,0.245,10.0,0.101,0,0,0,0.92,23558.14,11
2022-03,2022-03-01,EU,Volkswagen Group,72513,157.5,48464.78,14377.64,22000.0,78.54,0.386,1.94,112.1,1.1,20.57,30.5,988.7,0.245,10.0,0.101,0,0,0,0.23,41853.15,5
2022-03,2022-03-01,EU,Hyundai-Kia Group,70839,157.5,48464.78,14377.64,22000.0,78.54,0.386,1.94,112.1,1.1,20.57,30.5,988.7,0.245,10.0,0.101,0,0,0,0.3,38560.52,5
2022-03,2022-03-01,EU,BMW Group,47848,157.5,48464.78,14377.64,22000.0,78.54,0.386,1.94,112.1,1.1,20.57,30.5,988.7,0.245,10.0,0.101,0,0,0,0.1,56734.58,3
2022-03,2022-03-01,EU,Mercedes-Benz Group,43709,157.5,48464.78,14377.64,22000.0,78.54,0.386,1.94,112.1,1.1,20.57,30.5,988.7,0.245,10.0,0.101,0,0,0,0.08,64230.31,3
2022-03,2022-03-01,EU,Toyota,19580,157.5,48464.78,14377.64,22000.0,78.54,0.386,1.94,112.1,1.1,20.57,30.5,988.7,0.245,10.0,0.101,0,0,0,0.05,39000.0,1
2022-03,2022-03-01,CN,Tesla,191644,157.5,48464.78,14377.64,22000.0,78.54,0.0952,1.94,112.1,1.1,21.38,30.5,1987.6,0.498,15.0,0.098,0,0,0,0.65,44554.32,4
2022-03,2022-03-01,CN,BYD,343107,157.5,48464.78,14377.64,22000.0,78.54,0.0952,1.94,112.1,1.1,21.38,30.5,1987.6,0.498,15.0,0.098,0,0,0,0.92,23475.91,11
2022-03,2022-03-01,CN,Volkswagen Group,124219,157.5,48464.78,14377.64,22000.0,78.54,0.0952,1.94,112.1,1.1,21.38,30.5,1987.6,0.498,15.0,0.098,0,0,0,0.23,41928.51,5
2022-03,2022-03-01,CN,Hyundai-Kia Group,144951,157.5,48464.78,14377.64,22000.0,78.54,0.0952,1.94,112.1,1.1,21.38,30.5,1987.6,0.498,15.0,0.098,0,0,0,0.3,39340.89,5
2022-03,2022-03-01,CN,BMW Group,113034,157.5,48464.78,14377.64,22000.0,78.54,0.0952,1.94,112.1,1.1,21.38,30.5,1987.6,0.498,15.0,0.098,0,0,0,0.1,58001.01,3
2022-03,2022-03-01,CN,Mercedes-Benz Group,100196,157.5,48464.78,14377.64,22000.0,78.54,0.0952,1.94,112.1,1.1,21.38,30.5,1987.6,0.498,15.0,0.098,0,0,0,0.08,62291.39,3
2022-03,2022-03-01,CN,Toyota,48352,157.5,48464.78,14377.64,22000.0,78.54,0.0952,1.94,112.1,1.1,21.38,30.5,1987.6,0.498,15.0,0.098,0,0,0,0.05,39000.0,1
2022-04,2022-04-01,US,Tesla,140579,151.3,54434.63,14822.83,22000.0,77.51,0.1489,2.02,111.98,1.04,19.59,31.7,675.4,0.274,2.5,0.093,0,0,0,0.5,44982.3,4
2022-04,2022-04-01,US,BYD,48978,151.3,54434.63,14822.83,22000.0,77.51,0.1489,2.02,111.98,1.04,19.59,31.7,675.4,0.274,27.5,0.093,0,0,0,0.92,23167.07,11
2022-04,2022-04-01,US,Volkswagen Group,64968,151.3,54434.63,14822.83,22000.0,77.51,0.1489,2.02,111.98,1.04,19.59,31.7,675.4,0.274,2.5,0.093,0,0,0,0.23,41845.88,5
2022-04,2022-04-01,US,Hyundai-Kia Group,82772,151.3,54434.63,14822.83,22000.0,77.51,0.1489,2.02,111.98,1.04,19.59,31.7,675.4,0.274,2.5,0.093,0,0,0,0.31,38829.31,5
2022-04,2022-04-01,US,BMW Group,56623,151.3,54434.63,14822.83,22000.0,77.51,0.1489,2.02,111.98,1.04,19.59,31.7,675.4,0.274,2.5,0.093,0,0,0,0.1,56631.72,3
2022-04,2022-04-01,US,Mercedes-Benz Group,59532,151.3,54434.63,14822.83,22000.0,77.51,0.1489,2.02,111.98,1.04,19.59,31.7,675.4,0.274,2.5,0.093,0,0,0,0.08,63300.03,3
2022-04,2022-04-01,US,Toyota,26582,151.3,54434.63,14822.83,22000.0,77.51,0.1489,2.02,111.98,1.04,19.59,31.7,675.4,0.274,2.5,0.093,0,0,0,0.05,39000.0,1
2022-04,2022-04-01,EU,Tesla,96836,151.3,54434.63,14822.83,22000.0,77.51,0.387,2.02,111.98,1.04,20.55,31.7,1039.9,0.247,10.0,0.1,0,0,0,0.5,44872.34,4
2022-04,2022-04-01,EU,BYD,66225,151.3,54434.63,14822.83,22000.0,77.51,0.387,2.02,111.98,1.04,20.55,31.7,1039.9,0.247,10.0,0.1,0,0,0,0.92,22924.49,11
2022-04,2022-04-01,EU,Volkswagen Group,83378,151.3,54434.63,14822.83,22000.0,77.51,0.387,2.02,111.98,1.04,20.55,31.7,1039.9,0.247,10.0,0.1,0,0,0,0.23,41229.74,5
2022-04,2022-04-01,EU,Hyundai-Kia Group,81169,151.3,54434.63,14822.83,22000.0,77.51,0.387,2.02,111.98,1.04,20.55,31.7,1039.9,0.247,10.0,0.1,0,0,0,0.31,38349.26,5
2022-04,2022-04-01,EU,BMW Group,45787,151.3,54434.63,14822.83,22000.0,77.51,0.387,2.02,111.98,1.04,20.55,31.7,1039.9,0.247,10.0,0.1,0,0,0,0.1,56041.45,3
2022-04,2022-04-01,EU,Mercedes-Benz Group,49377,151.3,54434.63,14822.83,22000.0,77.51,0.387,2.02,111.98,1.04,20.55,31.7,1039.9,0.247,10.0,0.1,0,0,0,0.08,64883.69,3
2022-04,2022-04-01,EU,Toyota,25312,151.3,54434.63,14822.83,22000.0,77.51,0.387,2.02,111.98,1.04,20.55,31.7,1039.9,0.247,10.0,0.1,0,0,0,0.05,39000.0,1
2022-04,2022-04-01,CN,Tesla,224527,151.3,54434.63,14822.83,22000.0,77.51,0.0954,2.02,111.98,1.04,22.26,31.7,2095.2,0.501,15.0,0.096,0,0,0,0.65,45056.26,4
2022-04,2022-04-01,CN,BYD,268482,151.3,54434.63,14822.83,22000.0,77.51,0.0954,2.02,111.98,1.04,22.26,31.7,2095.2,0.501,15.0,0.096,0,0,0,0.92,23184.64,11
2022-04,2022-04-01,CN,Volkswagen Group,117459,151.3,54434.63,14822.83,22000.0,77.51,0.0954,2.02,111.98,1.04,22.26,31.7,2095.2,0.501,15.0,0.096,0,0,0,0.23,41838.65,5
2022-04,2022-04-01,CN,Hyundai-Kia Group,153330,151.3,54434.63,14822.83,22000.0,77.51,0.0954,2.02,111.98,1.04,22.26,31.7,2095.2,0.501,15.0,0.096,0,0,0,0.31,38388.71,5
2022-04,2022-04-01,CN,BMW Group,106906,151.3,54434.63,14822.83,22000.0,77.51,0.0954,2.02,111.98,1.04,22.26,31.7,2095.2,0.501,15.0,0.096,0,0,0,0.1,56953.18,3
2022-04,2022-04-01,CN,Mercedes-Benz Group,79937,151.3,54434.63,14822.83,22000.0,77.51,0.0954,2.02,111.98,1.04,22.26,31.7,2095.2,0.501,15.0,0.096,0,0,0,0.08,64832.02,3
2022-04,2022-04-01,CN,Toyota,45611,151.3,54434.63,14822.83,22000.0,77.51,0.0954,2.02,111.98,1.04,22.26,31.7,2095.2,0.501,15.0,0.096,0,0,0,0.05,39000.0,1
2022-05,2022-05-01,US,Tesla,112954,152.76,56422.33,12000.0,22000.0,82.75,0.1496,2.31,112.29,1.27,21.2,31.2,691.8,0.276,2.5,0.092,0,0,0,0.5,44160.28,4
2022-05,2022-05-01,US,BYD,60527,152.76,56422.33,12000.0,22000.0,82.75,0.1496,2.31,112.29,1.27,21.2,31.2,691.8,0.276,27.5,0.092,0,0,0,0.92,23726.62,11
2022-05,2022-05-01,US,Volkswagen Group,65294,152.76,56422.33,12000.0,22000.0,82.75,0.1496,2.31,112.29,1.27,21.2,31.2,691.8,0.276,2.5,0.092,0,0,0,0.23,42377.3,5
2022-05,2022-05-01,US,Hyundai-Kia Group,82846,152.76,56422.33,12000.0,22000.0,82.75,0.1496,2.31,112.29,1.27,21.2,31.2,691.8,0.276,2.5,0.092,0,0,0,0.31,38032.15,5
2022-05,2022-05-01,US,BMW Group,63509,152.76,56422.33,12000.0,22000.0,82.75,0.1496,2.31,112.29,1.27,21.2,31.2,691.8,0.276,2.5,0.092,0,0,0,0.1,55258.94,4
2022-05,2022-05-01,US,Mercedes-Benz Group,50067,152.76,56422.33,12000.0,22000.0,82.75,0.1496,2.31,112.29,1.27,21.2,31.2,691.8,0.276,2.5,0.092,0,0,0,0.08,63481.92,3
2022-05,2022-05-01,US,Toyota,22468,152.76,56422.33,12000.0,22000.0,82.75,0.1496,2.31,112.29,1.27,21.2,31.2,691.8,0.276,2.5,0.092,0,0,0,0.05,39000.0,1
2022-05,2022-05-01,EU,Tesla,60723,152.76,56422.33,12000.0,22000.0,82.75,0.388,2.31,112.29,1.27,20.83,31.2,1043.7,0.25,10.0,0.098,0,0,0,0.5,44055.04,4
2022-05,2022-05-01,EU,BYD,100905,152.76,56422.33,12000.0,22000.0,82.75,0.388,2.31,112.29,1.27,20.83,31.2,1043.7,0.25,10.0,0.098,0,0,0,0.92,23391.75,11
2022-05,2022-05-01,EU,Volkswagen Group,67148,152.76,56422.33,12000.0,22000.0,82.75,0.388,2.31,112.29,1.27,20.83,31.2,1043.7,0.25,10.0,0.098,0,0,0,0.23,42424.5,5
2022-05,2022-05-01,EU,Hyundai-Kia Group,62532,152.76,56422.33,12000.0,22000.0,82.75,0.388,2.31,112.29,1.27,20.83,31.2,1043.7,0.25,10.0,0.098,0,0,0,0.31,38239.12,5
2022-05,2022-05-01,EU,BMW Group,45968,152.76,56422.33,12000.0,22000.0,82.75,0.388,2.31,112.29,1.27,20.83,31.2,1043.7,0.25,10.0,0.098,0,0,0,0.1,55720.97,4
2022-05,2022-05-01,EU,Mercedes-Benz Group,44517,152.76,56422.33,12000.0,22000.0,82.75,0.388,2.31,112.29,1.27,20.83,31.2,1043.7,0.25,10.0,0.098,0,0,0,0.08,64212.86,3
2022-05,2022-05-01,EU,Toyota,19507,152.76,56422.33,12000.0,22000.0,82.75,0.388,2.31,112.29,1.27,20.83,31.2,1043.7,0.25,10.0,0.098,0,0,0,0.05,39000.0,1
2022-05,2022-05-01,CN,Tesla,208013,152.76,56422.33,12000.0,22000.0,82.75,0.0956,2.31,112.29,1.27,20.42,31.2,2104.9,0.504,15.0,0.094,0,0,0,0.65,44226.56,4
2022-05,2022-05-01,CN,BYD,345427,152.76,56422.33,12000.0,22000.0,82.75,0.0956,2.31,112.29,1.27,20.42,31.2,2104.9,0.504,15.0,0.094,0,0,0,0.92,23510.21,11
2022-05,2022-05-01,CN,Volkswagen Group,149877,152.76,56422.33,12000.0,22000.0,82.75,0.0956,2.31,112.29,1.27,20.42,31.2,2104.9,0.504,15.0,0.094,0,0,0,0.23,41438.73,5
2022-05,2022-05-01,CN,Hyundai-Kia Group,147032,152.76,56422.33,12000.0,22000.0,82.75,0.0956,2.31,112.29,1.27,20.42,31.2,2104.9,0.504,15.0,0.094,0,0,0,0.31,38371.55,5
2022-05,2022-05-01,CN,BMW Group,82650,152.76,56422.33,12000.0,22000.0,82.75,0.0956,2.31,112.29,1.27,20.42,31.2,2104.9,0.504,15.0,0.094,0,0,0,0.1,55871.67,4
2022-05,2022-05-01,CN,Mercedes-Benz Group,104674,152.76,56422.33,12000.0,22000.0,82.75,0.0956,2.31,112.29,1.27,20.42,31.2,2104.9,0.504,15.0,0.094,0,0,0,0.08,64307.24,3
2022-05,2022-05-01,CN,Toyota,47600,152.76,56422.33,12000.0,22000.0,82.75,0.0956,2.31,112.29,1.27,20.42,31.2,2104.9,0.504,15.0,0.094,0,0,0,0.05,39000.0,1
2022-06,2022-06-01,US,Tesla,113475,151.19,61912.04,12797.55,22000.0,78.07,0.1503,2.27,113.14,0.64,19.47,30.5,700.1,0.278,2.5,0.091,0,0,0,0.5,45102.37,4
2022-06,2022-06-01,US,BYD,51888,151.19,61912.04,12797.55,22000.0,78.07,0.1503,2.27,113.14,0.64,19.47,30.5,700.1,0.278,27.5,0.091,0,0,0,0.92,23206.92,11
2022-06,2022-06-01,US,Volkswagen Group,64312,151.19,61912.04,12797.55,22000.0,78.07,0.1503,2.27,113.14,0.64,19.47,30.5,700.1,0.278,2.5,0.091,0,0,0,0.24,42139.45,5
2022-06,2022-06-01,US,Hyundai-Kia Group,89983,151.19,61912.04,12797.55,22000.0,78.07,0.1503,2.27,113.14,0.64,19.47,30.5,700.1,0.278,2.5,0.091,0,0,0,0.32,38414.67,5
2022-06,2022-06-01,US,BMW Group,65474,151.19,61912.04,12797.55,22000.0,78.07,0.1503,2.27,113.14,0.64,19.47,30.5,700.1,0.278,2.5,0.091,0,0,0,0.1,56675.86,4
2022-06,2022-06-01,US,Mercedes-Benz Group,50303,151.19,61912.04,12797.55,22000.0,78.07,0.1503,2.27,113.14,0.64,19.47,30.5,700.1,0.278,2.5,0.091,0,0,0,0.08,63256.38,3
2022-06,2022-06-01,US,Toyota,29102,151.19,61912.04,12797.55,22000.0,78.07,0.1503,2.27,113.14,0.64,19.47,30.5,700.1,0.278,2.5,0.091,0,0,0,0.05,39000.0,1
2022-06,2022-06-01,EU,Tesla,102364,151.19,61912.04,12797.55,22000.0,78.07,0.389,2.27,113.14,0.64,17.9,30.5,1041.9,0.253,10.0,0.097,0,0,0,0.5,44738.28,4
2022-06,2022-06-01,EU,BYD,77994,151.19,61912.04,12797.55,22000.0,78.07,0.389,2.27,113.14,0.64,17.9,30.5,1041.9,0.253,10.0,0.097,0,0,0,0.92,22741.12,11
2022-06,2022-06-01,EU,Volkswagen Group,97292,151.19,61912.04,12797.55,22000.0,78.07,0.389,2.27,113.14,0.64,17.9,30.5,1041.9,0.253,10.0,0.097,0,0,0,0.24,41927.66,5
2022-06,2022-06-01,EU,Hyundai-Kia Group,58040,151.19,61912.04,12797.55,22000.0,78.07,0.389,2.27,113.14,0.64,17.9,30.5,1041.9,0.253,10.0,0.097,0,0,0,0.32,38398.32,5
2022-06,2022-06-01,EU,BMW Group,56025,151.19,61912.04,12797.55,22000.0,78.07,0.389,2.27,113.14,0.64,17.9,30.5,1041.9,0.253,10.0,0.097,0,0,0,0.1,56150.26,4
2022-06,2022-06-01,EU,Mercedes-Benz Group,37405,151.19,61912.04,12797.55,22000.0,78.07,0.389,2.27,113.14,0.64,17.9,30.5,1041.9,0.253,10.0,0.097,0,0,0,0.08,63033.23,3
2022-06,2022-06-01,EU,Toyota,20143,151.19,61912.04,12797.55,22000.0,78.07,0.389,2.27,113.14,0.64,17.9,30.5,1041.9,0.253,10.0,0.097,0,0,0,0.05,39000.0,1
2022-06,2022-06-01,CN,Tesla,216891,151.19,61912.04,12797.55,22000.0,78.07,0.0958,2.27,113.14,0.64,21.55,30.5,2131.2,0.507,15.0,0.092,0,0,0,0.65,45332.34,4
2022-06,2022-06-01,CN,BYD,291775,151.19,61912.04,12797.55,22000.0,78.07,0.0958,2.27,113.14,0.64,21.55,30.5,2131.2,0.507,15.0,0.092,0,0,0,0.92,23374.29,11
2022-06,2022-06-01,CN,Volkswagen Group,135981,151.19,61912.04,12797.55,22000.0,78.07,0.0958,2.27,113.14,0.64,21.55,30.5,2131.2,0.507,15.0,0.092,0,0,0,0.24,41054.72,5
2022-06,2022-06-01,CN,Hyundai-Kia Group,140809,151.19,61912.04,12797.55,22000.0,78.07,0.0958,2.27,113.14,0.64,21.55,30.5,2131.2,0.507,15.0,0.092,0,0,0,0.32,38358.87,5
2022-06,2022-06-01,CN,BMW Group,111858,151.19,61912.04,12797.55,22000.0,78.07,0.0958,2.27,113.14,0.64,21.55,30.5,2131.2,0.507,15.0,0.092,0,0,0,0.1,58175.86,4
2022-06,2022-06-01,CN,Mercedes-Benz Group,88865,151.19,61912.04,12797.55,22000.0,78.07,0.0958,2.27,113.14,0.64,21.55,30.5,2131.2,0.507,15.0,0.092,0,0,0,0.08,62948.57,3
2022-06,2022-06-01,CN,Toyota,55656,151.19,61912.04,12797.55,22000.0,78.07,0.0958,2.27,113.14,0.64,21.55,30.5,2131.2,0.507,15.0,0.092,0,0,0,0.05,39000.0,1
2022-07,2022-07-01,US,Tesla,106825,150.16,65480.79,12000.0,22000.0,80.45,0.151,2.65,113.37,1.21,22.55,30.1,723.5,0.28,2.5,0.09,0,0,0,0.5,43976.82,4
2022-07,2022-07-01,US,BYD,45310,150.16,65480.79,12000.0,22000.0,80.45,0.151,2.65,113.37,1.21,22.55,30.1,723.5,0.28,27.5,0.09,0,0,0,0.92,23808.99,11
2022-07,2022-07-01,US,Volkswagen Group,60323,150.16,65480.79,12000.0,22000.0,80.45,0.151,2.65,113.37,1.21,22.55,30.1,723.5,0.28,2.5,0.09,0,0,0,0.24,41438.54,5
2022-07,2022-07-01,US,Hyundai-Kia Group,101938,150.16,65480.79,12000.0,22000.0,80.45,0.151,2.65,113.37,1.21,22.55,30.1,723.5,0.28,2.5,0.09,0,0,0,0.32,38469.44,6
2022-07,2022-07-01,US,BMW Group,59864,150.16,65480.79,12000.0,22000.0,80.45,0.151,2.65,113.37,1.21,22.55,30.1,723.5,0.28,2.5,0.09,0,0,0,0.1,55559.48,4
2022-07,2022-07-01,US,Mercedes-Benz Group,51240,150.16,65480.79,12000.0,22000.0,80.45,0.151,2.65,113.37,1.21,22.55,30.1,723.5,0.28,2.5,0.09,0,0,0,0.08,64629.78,4
2022-07,2022-07-01,US,Toyota,28569,150.16,65480.79,12000.0,22000.0,80.45,0.151,2.65,113.37,1.21,22.55,30.1,723.5,0.28,2.5,0.09,0,0,0,0.05,39000.0,1
2022-07,2022-07-01,EU,Tesla,91977,150.16,65480.79,12000.0,22000.0,80.45,0.39,2.65,113.37,1.21,22.48,30.1,1064.1,0.255,10.0,0.095,0,0,0,0.5,44306.43,4
2022-07,2022-07-01,EU,BYD,107653,150.16,65480.79,12000.0,22000.0,80.45,0.39,2.65,113.37,1.21,22.48,30.1,1064.1,0.255,10.0,0.095,0,0,0,0.92,23856.22,11
2022-07,2022-07-01,EU,Volkswagen Group,70324,150.16,65480.79,12000.0,22000.0,80.45,0.39,2.65,113.37,1.21,22.48,30.1,1064.1,0.255,10.0,0.095,0,0,0,0.24,41831.85,5
2022-07,2022-07-01,EU,Hyundai-Kia Group,54018,150.16,65480.79,12000.0,22000.0,80.45,0.39,2.65,113.37,1.21,22.48,30.1,1064.1,0.255,10.0,0.095,0,0,0,0.32,38377.75,6
2022-07,2022-07-01,EU,BMW Group,40795,150.16,65480.79,12000.0,22000.0,80.45,0.39,2.65,113.37,1.21,22.48,30.1,1064.1,0.255,10.0,0.095,0,0,0,0.1,56403.09,4
2022-07,2022-07-01,EU,Mercedes-Benz Group,42906,150.16,65480.79,12000.0,22000.0,80.45,0.39,2.65,113.37,1.21,22.48,30.1,1064.1,0.255,10.0,0.095,0,0,0,0.08,63634.77,4
2022-07,2022-07-01,EU,Toyota,16981,150.16,65480.79,12000.0,22000.0,80.45,0.39,2.65,113.37,1.21,22.48,30.1,1064.1,0.255,10.0,0.095,0,0,0,0.05,39000.0,1
2022-07,2022-07-01,CN,Tesla,155640,150.16,65480.79,12000.0,22000.0,80.45,0.096,2.65,113.37,1.21,23.55,30.1,2228.5,0.51,15.0,0.09,0,0,0,0.65,44340.97,4
2022-07,2022-07-01,CN,BYD,339742,150.16,65480.79,12000.0,22000.0,80.45,0.096,2.65,113.37,1.21,23.55,30.1,2228.5,0.51,15.0,0.09,0,0,0,0.92,23317.65,11
2022-07,2022-07-01,CN,Volkswagen Group,104394,150.16,65480.79,12000.0,22000.0,80.45,0.096,2.65,113.37,1.21,23.55,30.1,2228.5,0.51,15.0,0.09,0,0,0,0.24,41590.85,5
2022-07,2022-07-01,CN,Hyundai-Kia Group,153160,150.16,65480.79,12000.0,22000.0,80.45,0.096,2.65,113.37,1.21,23.55,30.1,2228.5,0.51,15.0,0.09,0,0,0,0.32,38098.09,6
2022-07,2022-07-01,CN,BMW Group,100912,150.16,65480.79,12000.0,22000.0,80.45,0.096,2.65,113.37,1.21,23.55,30.1,2228.5,0.51,15.0,0.09,0,0,0,0.1,56528.04,4
2022-07,2022-07-01,CN,Mercedes-Benz Group,85868,150.16,65480.79,12000.0,22000.0,80.45,0.096,2.65,113.37,1.21,23.55,30.1,2228.5,0.51,15.0,0.09,0,0,0,0.08,63206.54,4
2022-07,2022-07-01,CN,Toyota,42144,150.16,65480.79,12000.0,22000.0,80.45,0.096,2.65,113.37,1.21,23.55,30.1,2228.5,0.51,15.0,0.09,0,0,0,0.05,39000.0,1
2022-08,2022-08-01,US,Tesla,112265,153.79,70312.31,12000.0,22000.0,74.88,0.1517,2.64,114.07,1.02,20.54,29.1,732.7,0.282,2.5,0.089,0,0,0,0.5,44873.84,4
2022-08,2022-08-01,US,BYD,50194,153.79,70312.31,12000.0,22000.0,74.88,0.1517,2.64,114.07,1.02,20.54,29.1,732.7,0.282,27.5,0.089,0,0,0,0.92,23610.35,11
2022-08,2022-08-01,US,Volkswagen Group,74659,153.79,70312.31,12000.0,22000.0,74.88,0.1517,2.64,114.07,1.02,20.54,29.1,732.7,0.282,2.5,0.089,0,0,0,0.24,41416.44,5
2022-08,2022-08-01,US,Hyundai-Kia Group,90886,153.79,70312.31,12000.0,22000.0,74.88,0.1517,2.64,114.07,1.02,20.54,29.1,732.7,0.282,2.5,0.089,0,0,0,0.32,38020.04,6
2022-08,2022-08-01,US,BMW Group,62336,153.79,70312.31,12000.0,22000.0,74.88,0.1517,2.64,114.07,1.02,20.54,29.1,732.7,0.282,2.5,0.089,0,0,0,0.1,55332.41,4
2022-08,2022-08-01,US,Mercedes-Benz Group,47192,153.79,70312.31,12000.0,22000.0,74.88,0.1517,2.64,114.07,1.02,20.54,29.1,732.7,0.282,2.5,0.089,0,0,0,0.08,65001.14,4
2022-08,2022-08-01,US,Toyota,25886,153.79,70312.31,12000.0,22000.0,74.88,0.1517,2.64,114.07,1.02,20.54,29.1,732.7,0.282,2.5,0.089,0,0,0,0.05,39000.0,1
2022-08,2022-08-01,EU,Tesla,86690,153.79,70312.31,12000.0,22000.0,74.88,0.391,2.64,114.07,1.02,22.17,29.1,1109.7,0.258,10.0,0.094,0,0,0,0.5,44455.32,4
2022-08,2022-08-01,EU,BYD,90816,153.79,70312.31,12000.0,22000.0,74.88,0.391,2.64,114.07,1.02,22.17,29.1,1109.7,0.258,10.0,0.094,0,0,0,0.92,23740.42,11
2022-08,2022-08-01,EU,Volkswagen Group,65723,153.79,70312.31,12000.0,22000.0,74.88,0.391,2.64,114.07,1.02,22.17,29.1,1109.7,0.258,10.0,0.094,0,0,0,0.24,41683.93,5
2022-08,2022-08-01,EU,Hyundai-Kia Group,70814,153.79,70312.31,12000.0,22000.0,74.88,0.391,2.64,114.07,1.02,22.17,29.1,1109.7,0.258,10.0,0.094,0,0,0,0.32,38479.03,6
2022-08,2022-08-01,EU,BMW Group,37617,153.79,70312.31,12000.0,22000.0,74.88,0.391,2.64,114.07,1.02,22.17,29.1,1109.7,0.258,10.0,0.094,0,0,0,0.1,56060.42,4
2022-08,2022-08-01,EU,Mercedes-Benz Group,36120,153.79,70312.31,12000.0,22000.0,74.88,0.391,2.64,114.07,1.02,22.17,29.1,1109.7,0.258,10.0,0.094,0,0,0,0.08,64335.66,4
2022-08,2022-08-01,EU,Toyota,14899,153.79,70312.31,12000.0,22000.0,74.88,0.391,2.64,114.07,1.02,22.17,29.1,1109.7,0.258,10.0,0.094,0,0,0,0.05,39000.0,1
2022-08,2022-08-01,CN,Tesla,216443,153.79,70312.31,12000.0,22000.0,74.88,0.0962,2.64,114.07,1.02,21.31,29.1,2266.2,0.513,15.0,0.088,0,0,0,0.65,44234.73,4
2022-08,2022-08-01,CN,BYD,327995,153.79,70312.31,12000.0,22000.0,74.88,0.0962,2.64,114.07,1.02,21.31,29.1,2266.2,0.513,15.0,0.088,0,0,0,0.92,23607.15,11
2022-08,2022-08-01,CN,Volkswagen Group,129668,153.79,70312.31,12000.0,22000.0,74.88,0.0962,2.64,114.07,1.02,21.31,29.1,2266.2,0.513,15.0,0.088,0,0,0,0.24,41345.81,5
2022-08,2022-08-01,CN,Hyundai-Kia Group,156739,153.79,70312.31,12000.0,22000.0,74.88,0.0962,2.64,114.07,1.02,21.31,29.1,2266.2,0.513,15.0,0.088,0,0,0,0.32,38106.18,6
2022-08,2022-08-01,CN,BMW Group,96158,153.79,70312.31,12000.0,22000.0,74.88,0.0962,2.64,114.07,1.02,21.31,29.1,2266.2,0.513,15.0,0.088,0,0,0,0.1,56509.22,4
2022-08,2022-08-01,CN,Mercedes-Benz Group,87429,153.79,70312.31,12000.0,22000.0,74.88,0.0962,2.64,114.07,1.02,21.31,29.1,2266.2,0.513,15.0,0.088,0,0,0,0.08,64318.79,4
2022-08,2022-08-01,CN,Toyota,54210,153.79,70312.31,12000.0,22000.0,74.88,0.0962,2.64,114.07,1.02,21.31,29.1,2266.2,0.513,15.0,0.088,0,0,0,0.05,39000.0,1
2022-09,2022-09-01,US,Tesla,106929,149.3,70019.2,12000.0,22000.0,68.64,0.1524,2.78,114.64,0.8,23.31,28.9,733.3,0.284,2.5,0.088,0,0,0,0.5,45015.31,4
2022-09,2022-09-01,US,BYD,44629,149.3,70019.2,12000.0,22000.0,68.64,0.1524,2.78,114.64,0.8,23.31,28.9,733.3,0.284,27.5,0.088,0,0,0,0.92,23549.35,12
2022-09,2022-09-01,US,Volkswagen Group,56788,149.3,70019.2,12000.0,22000.0,68.64,0.1524,2.78,114.64,0.8,23.31,28.9,733.3,0.284,2.5,0.088,0,0,0,0.25,41904.75,5
2022-09,2022-09-01,US,Hyundai-Kia Group,83945,149.3,70019.2,12000.0,22000.0,68.64,0.1524,2.78,114.64,0.8,23.31,28.9,733.3,0.284,2.5,0.088,0,0,0,0.33,38215.35,6
2022-09,2022-09-01,US,BMW Group,57294,149.3,70019.2,12000.0,22000.0,68.64,0.1524,2.78,114.64,0.8,23.31,28.9,733.3,0.284,2.5,0.088,0,0,0,0.1,56380.66,4
2022-09,2022-09-01,US,Mercedes-Benz Group,35091,149.3,70019.2,12000.0,22000.0,68.64,0.1524,2.78,114.64,0.8,23.31,28.9,733.3,0.284,2.5,0.088,0,0,0,0.08,64200.84,4
2022-09,2022-09-01,US,Toyota,28027,149.3,70019.2,12000.0,22000.0,68.64,0.1524,2.78,114.64,0.8,23.31,28.9,733.3,0.284,2.5,0.088,0,0,0,0.05,39000.0,1
2022-09,2022-09-01,EU,Tesla,99587,149.3,70019.2,12000.0,22000.0,68.64,0.392,2.78,114.64,0.8,19.98,28.9,1114.2,0.26,10.0,0.092,0,0,0,0.5,44415.6,4
2022-09,2022-09-01,EU,BYD,92724,149.3,70019.2,12000.0,22000.0,68.64,0.392,2.78,114.64,0.8,19.98,28.9,1114.2,0.26,10.0,0.092,0,0,0,0.92,23558.77,12
2022-09,2022-09-01,EU,Volkswagen Group,81838,149.3,70019.2,12000.0,22000.0,68.64,0.392,2.78,114.64,0.8,19.98,28.9,1114.2,0.26,10.0,0.092,0,0,0,0.25,42084.91,5
2022-09,2022-09-01,EU,Hyundai-Kia Group,63668,149.3,70019.2,12000.0,22000.0,68.64,0.392,2.78,114.64,0.8,19.98,28.9,1114.2,0.26,10.0,0.092,0,0,0,0.33,38775.99,6
2022-09,2022-09-01,EU,BMW Group,36043,149.3,70019.2,12000.0,22000.0,68.64,0.392,2.78,114.64,0.8,19.98,28.9,1114.2,0.26,10.0,0.092,0,0,0,0.1,56125.26,4
2022-09,2022-09-01,EU,Mercedes-Benz Group,34214,149.3,70019.2,12000.0,22000.0,68.64,0.392,2.78,114.64,0.8,19.98,28.9,1114.2,0.26,10.0,0.092,0,0,0,0.08,63203.15,4
2022-09,2022-09-01,EU,Toyota,26149,149.3,70019.2,12000.0,22000.0,68.64,0.392,2.78,114.64,0.8,19.98,28.9,1114.2,0.26,10.0,0.092,0,0,0,0.05,39000.0,1
2022-09,2022-09-01,CN,Tesla,200014,149.3,70019.2,12000.0,22000.0,68.64,0.0964,2.78,114.64,0.8,22.32,28.9,2285.6,0.516,15.0,0.086,0,0,0,0.65,44435.74,4
2022-09,2022-09-01,CN,BYD,267418,149.3,70019.2,12000.0,22000.0,68.64,0.0964,2.78,114.64,0.8,22.32,28.9,2285.6,0.516,15.0,0.086,0,0,0,0.92,24108.52,12
2022-09,2022-09-01,CN,Volkswagen Group,106695,149.3,70019.2,12000.0,22000.0,68.64,0.0964,2.78,114.64,0.8,22.32,28.9,2285.6,0.516,15.0,0.086,0,0,0,0.25,41517.84,5
2022-09,2022-09-01,CN,Hyundai-Kia Group,127508,149.3,70019.2,12000.0,22000.0,68.64,0.0964,2.78,114.64,0.8,22.32,28.9,2285.6,0.516,15.0,0.086,0,0,0,0.33,37591.99,6
2022-09,2022-09-01,CN,BMW Group,97748,149.3,70019.2,12000.0,22000.0,68.64,0.0964,2.78,114.64,0.8,22.32,28.9,2285.6,0.516,15.0,0.086,0,0,0,0.1,56057.78,4
2022-09,2022-09-01,CN,Mercedes-Benz Group,75343,149.3,70019.2,12000.0,22000.0,68.64,0.0964,2.78,114.64,0.8,22.32,28.9,2285.6,0.516,15.0,0.086,0,0,0,0.08,62846.06,4
2022-09,2022-09-01,CN,Toyota,47007,149.3,70019.2,12000.0,22000.0,68.64,0.0964,2.78,114.64,0.8,22.32,28.9,2285.6,0.516,15.0,0.086,0,0,0,0.05,39000.0,1
2022-10,2022-10-01,US,Tesla,152610,146.33,67742.92,12000.0,22000.0,65.21,0.1531,2.86,114.95,1.52,22.1,10.1,759.7,0.286,2.5,0.087,0,0,0,0.5,44375.67,4
2022-10,2022-10-01,US,BYD,58516,146.33,67742.92,12000.0,22000.0,65.21,0.1531,2.86,114.95,1.52,22.1,10.1,759.7,0.286,27.5,0.087,0,0,0,0.92,23424.41,12
2022-10,2022-10-01,US,Volkswagen Group,99220,146.33,67742.92,12000.0,22000.0,65.21,0.1531,2.86,114.95,1.52,22.1,10.1,759.7,0.286,2.5,0.087,0,0,0,0.25,41041.59,5
2022-10,2022-10-01,US,Hyundai-Kia Group,128880,146.33,67742.92,12000.0,22000.0,65.21,0.1531,2.86,114.95,1.52,22.1,10.1,759.7,0.286,2.5,0.087,0,0,0,0.33,38038.52,6
2022-10,2022-10-01,US,BMW Group,70672,146.33,67742.92,12000.0,22000.0,65.21,0.1531,2.86,114.95,1.52,22.1,10.1,759.7,0.286,2.5,0.087,0,0,0,0.1,55983.6,4
2022-10,2022-10-01,US,Mercedes-Benz Group,53709,146.33,67742.92,12000.0,22000.0,65.21,0.1531,2.86,114.95,1.52,22.1,10.1,759.7,0.286,2.5,0.087,0,0,0,0.08,62139.03,4
2022-10,2022-10-01,US,Toyota,29605,146.33,67742.92,12000.0,22000.0,65.21,0.1531,2.86,114.95,1.52,22.1,10.1,759.7,0.286,2.5,0.087,0,0,0,0.05,39000.0,1
2022-10,2022-10-01,EU,Tesla,116072,146.33,67742.92,12000.0,22000.0,65.21,0.393,2.86,114.95,1.52,22.91,10.1,1150.0,0.263,10.0,0.091,0,0,0,0.5,43249.4,4
2022-10,2022-10-01,EU,BYD,104640,146.33,67742.92,12000.0,22000.0,65.21,0.393,2.86,114.95,1.52,22.91,10.1,1150.0,0.263,10.0,0.091,0,0,0,0.92,23505.08,12
2022-10,2022-10-01,EU,Volkswagen Group,96080,146.33,67742.92,12000.0,22000.0,65.21,0.393,2.86,114.95,1.52,22.91,10.1,1150.0,0.263,10.0,0.091,0,0,0,0.25,42004.89,5
2022-10,2022-10-01,EU,Hyundai-Kia Group,64605,146.33,67742.92,12000.0,22000.0,65.21,0.393,2.86,114.95,1.52,22.91,10.1,1150.0,0.263,10.0,0.091,0,0,0,0.33,37922.59,6
2022-10,2022-10-01,EU,BMW Group,49464,146.33,67742.92,12000.0,22000.0,65.21,0.393,2.86,114.95,1.52,22.91,10.1,1150.0,0.263,10.0,0.091,0,0,0,0.1,54728.91,4
2022-10,2022-10-01,EU,Mercedes-Benz Group,41512,146.33,67742.92,12000.0,22000.0,65.21,0.393,2.86,114.95,1.52,22.91,10.1,1150.0,0.263,10.0,0.091,0,0,0,0.08,63181.1,4
2022-10,2022-10-01,EU,Toyota,24700,146.33,67742.92,12000.0,22000.0,65.21,0.393,2.86,114.95,1.52,22.91,10.1,1150.0,0.263,10.0,0.091,0,0,0,0.05,39000.0,1
2022-10,2022-10-01,CN,Tesla,270464,146.33,67742.92,12000.0,22000.0,65.21,0.0966,2.86,114.95,1.52,22.03,10.1,2336.9,0.519,15.0,0.084,0,0,0,0.65,43715.0,4
2022-10,2022-10-01,CN,BYD,336779,146.33,67742.92,12000.0,22000.0,65.21,0.0966,2.86,114.95,1.52,22.03,10.1,2336.9,0.519,15.0,0.084,0,0,0,0.92,23782.58,12
2022-10,2022-10-01,CN,Volkswagen Group,153544,146.33,67742.92,12000.0,22000.0,65.21,0.0966,2.86,114.95,1.52,22.03,10.1,2336.9,0.519,15.0,0.084,0,0,0,0.25,41924.37,5
2022-10,2022-10-01,CN,Hyundai-Kia Group,199003,146.33,67742.92,12000.0,22000.0,65.21,0.0966,2.86,114.95,1.52,22.03,10.1,2336.9,0.519,15.0,0.084,0,0,0,0.33,38037.54,6
2022-10,2022-10-01,CN,BMW Group,153704,146.33,67742.92,12000.0,22000.0,65.21,0.0966,2.86,114.95,1.52,22.03,10.1,2336.9,0.519,15.0,0.084,0,0,0,0.1,56159.93,4
2022-10,2022-10-01,CN,Mercedes-Benz Group,110394,146.33,67742.92,12000.0,22000.0,65.21,0.0966,2.86,114.95,1.52,22.03,10.1,2336.9,0.519,15.0,0.084,0,0,0,0.08,63579.7,4
2022-10,2022-10-01,CN,Toyota,66622,146.33,67742.92,12000.0,22000.0,65.21,0.0966,2.86,114.95,1.52,22.03,10.1,2336.9,0.519,15.0,0.084,0,0,0,0.05,39000.0,1
2022-11,2022-11-01,US,Tesla,152467,148.08,67752.68,12000.0,22000.0,63.59,0.1538,2.87,115.14,1.42,23.82,12.2,762.7,0.288,2.5,0.086,0,0,0,0.5,43486.91,4
2022-11,2022-11-01,US,BYD,51334,148.08,67752.68,12000.0,22000.0,63.59,0.1538,2.87,115.14,1.42,23.82,12.2,762.7,0.288,27.5,0.086,0,0,0,0.92,23828.16,12
2022-11,2022-11-01,US,Volkswagen Group,68944,148.08,67752.68,12000.0,22000.0,63.59,0.1538,2.87,115.14,1.42,23.82,12.2,762.7,0.288,2.5,0.086,0,0,0,0.25,41990.12,5
2022-11,2022-11-01,US,Hyundai-Kia Group,105543,148.08,67752.68,12000.0,22000.0,63.59,0.1538,2.87,115.14,1.42,23.82,12.2,762.7,0.288,2.5,0.086,0,0,0,0.34,38307.66,6
2022-11,2022-11-01,US,BMW Group,82968,148.08,67752.68,12000.0,22000.0,63.59,0.1538,2.87,115.14,1.42,23.82,12.2,762.7,0.288,2.5,0.086,0,0,0,0.1,55557.63,4
2022-11,2022-11-01,US,Mercedes-Benz Group,62986,148.08,67752.68,12000.0,22000.0,63.59,0.1538,2.87,115.14,1.42,23.82,12.2,762.7,0.288,2.5,0.086,0,0,0,0.08,63099.96,4
2022-11,2022-11-01,US,Toyota,33993,148.08,67752.68,12000.0,22000.0,63.59,0.1538,2.87,115.14,1.42,23.82,12.2,762.7,0.288,2.5,0.086,0,0,0,0.05,39000.0,1
2022-11,2022-11-01,EU,Tesla,80067,148.08,67752.68,12000.0,22000.0,63.59,0.394,2.87,115.14,1.42,23.28,12.2,1166.0,0.265,10.0,0.089,0,0,0,0.5,44316.74,4
2022-11,2022-11-01,EU,BYD,80340,148.08,67752.68,12000.0,22000.0,63.59,0.394,2.87,115.14,1.42,23.28,12.2,1166.0,0.265,10.0,0.089,0,0,0,0.92,24091.3,12
2022-11,2022-11-01,EU,Volkswagen Group,93565,148.08,67752.68,12000.0,22000.0,63.59,0.394,2.87,115.14,1.42,23.28,12.2,1166.0,0.265,10.0,0.089,0,0,0,0.25,41693.02,5
2022-11,2022-11-01,EU,Hyundai-Kia Group,64834,148.08,67752.68,12000.0,22000.0,63.59,0.394,2.87,115.14,1.42,23.28,12.2,1166.0,0.265,10.0,0.089,0,0,0,0.34,37503.61,6
2022-11,2022-11-01,EU,BMW Group,49782,148.08,67752.68,12000.0,22000.0,63.59,0.394,2.87,115.14,1.42,23.28,12.2,1166.0,0.265,10.0,0.089,0,0,0,0.1,55296.58,4
2022-11,2022-11-01,EU,Mercedes-Benz Group,48613,148.08,67752.68,12000.0,22000.0,63.59,0.394,2.87,115.14,1.42,23.28,12.2,1166.0,0.265,10.0,0.089,0,0,0,0.08,63053.57,4
2022-11,2022-11-01,EU,Toyota,28057,148.08,67752.68,12000.0,22000.0,63.59,0.394,2.87,115.14,1.42,23.28,12.2,1166.0,0.265,10.0,0.089,0,0,0,0.05,39000.0,1
2022-11,2022-11-01,CN,Tesla,211478,148.08,67752.68,12000.0,22000.0,63.59,0.0968,2.87,115.14,1.42,21.63,12.2,2414.9,0.522,15.0,0.082,0,0,0,0.65,43815.39,4
2022-11,2022-11-01,CN,BYD,420856,148.08,67752.68,12000.0,22000.0,63.59,0.0968,2.87,115.14,1.42,21.63,12.2,2414.9,0.522,15.0,0.082,0,0,0,0.92,23458.24,12
2022-11,2022-11-01,CN,Volkswagen Group,130834,148.08,67752.68,12000.0,22000.0,63.59,0.0968,2.87,115.14,1.42,21.63,12.2,2414.9,0.522,15.0,0.082,0,0,0,0.25,41926.23,5
2022-11,2022-11-01,CN,Hyundai-Kia Group,177932,148.08,67752.68,12000.0,22000.0,63.59,0.0968,2.87,115.14,1.42,21.63,12.2,2414.9,0.522,15.0,0.082,0,0,0,0.34,37703.01,6
2022-11,2022-11-01,CN,BMW Group,121478,148.08,67752.68,12000.0,22000.0,63.59,0.0968,2.87,115.14,1.42,21.63,12.2,2414.9,0.522,15.0,0.082,0,0,0,0.1,56128.1,4
2022-11,2022-11-01,CN,Mercedes-Benz Group,109609,148.08,67752.68,12000.0,22000.0,63.59,0.0968,2.87,115.14,1.42,21.63,12.2,2414.9,0.522,15.0,0.082,0,0,0,0.08,63639.25,4
2022-11,2022-11-01,CN,Toyota,62722,148.08,67752.68,12000.0,22000.0,63.59,0.0968,2.87,115.14,1.42,21.63,12.2,2414.9,0.522,15.0,0.082,0,0,0,0.05,39000.0,1
2022-12,2022-12-01,US,Tesla,153533,147.53,68708.67,12000.0,22000.0,61.34,0.1545,3.13,115.67,1.9,23.53,12.6,784.5,0.29,2.5,0.085,0,0,0,0.5,43633.09,4
2022-12,2022-12-01,US,BYD,53815,147.53,68708.67,12000.0,22000.0,61.34,0.1545,3.13,115.67,1.9,23.53,12.6,784.5,0.29,27.5,0.085,0,0,0,0.92,23860.89,12
2022-12,2022-12-01,US,Volkswagen Group,64751,147.53,68708.67,12000.0,22000.0,61.34,0.1545,3.13,115.67,1.9,23.53,12.6,784.5,0.29,2.5,0.085,0,0,0,0.26,41379.09,5
2022-12,2022-12-01,US,Hyundai-Kia Group,79703,147.53,68708.67,12000.0,22000.0,61.34,0.1545,3.13,115.67,1.9,23.53,12.6,784.5,0.29,2.5,0.085,0,0,0,0.34,37399.29,6
2022-12,2022-12-01,US,BMW Group,84927,147.53,68708.67,12000.0,22000.0,61.34,0.1545,3.13,115.67,1.9,23.53,12.6,784.5,0.29,2.5,0.085,0,0,0,0.1,55985.77,4
2022-12,2022-12-01,US,Mercedes-Benz Group,64545,147.53,68708.67,12000.0,22000.0,61.34,0.1545,3.13,115.67,1.9,23.53,12.6,784.5,0.29,2.5,0.085,0,0,0,0.08,65035.04,4
2022-12,2022-12-01,US,Toyota,34675,147.53,68708.67,12000.0,22000.0,61.34,0.1545,3.13,115.67,1.9,23.53,12.6,784.5,0.29,2.5,0.085,0,0,0,0.05,39000.0,1
2022-12,2022-12-01,EU,Tesla,90543,147.53,68708.67,12000.0,22000.0,61.34,0.395,3.13,115.67,1.9,22.05,12.6,1163.0,0.268,10.0,0.088,0,0,0,0.5,43406.11,4
2022-12,2022-12-01,EU,BYD,92174,147.53,68708.67,12000.0,22000.0,61.34,0.395,3.13,115.67,1.9,22.05,12.6,1163.0,0.268,10.0,0.088,0,0,0,0.92,23699.56,12
2022-12,2022-12-01,EU,Volkswagen Group,88309,147.53,68708.67,12000.0,22000.0,61.34,0.395,3.13,115.67,1.9,22.05,12.6,1163.0,0.268,10.0,0.088,0,0,0,0.26,40408.28,5
2022-12,2022-12-01,EU,Hyundai-Kia Group,69233,147.53,68708.67,12000.0,22000.0,61.34,0.395,3.13,115.67,1.9,22.05,12.6,1163.0,0.268,10.0,0.088,0,0,0,0.34,37420.9,6
2022-12,2022-12-01,EU,BMW Group,45184,147.53,68708.67,12000.0,22000.0,61.34,0.395,3.13,115.67,1.9,22.05,12.6,1163.0,0.268,10.0,0.088,0,0,0,0.1,57144.45,4
2022-12,2022-12-01,EU,Mercedes-Benz Group,42252,147.53,68708.67,12000.0,22000.0,61.34,0.395,3.13,115.67,1.9,22.05,12.6,1163.0,0.268,10.0,0.088,0,0,0,0.08,61225.77,4
2022-12,2022-12-01,EU,Toyota,27255,147.53,68708.67,12000.0,22000.0,61.34,0.395,3.13,115.67,1.9,22.05,12.6,1163.0,0.268,10.0,0.088,0,0,0,0.05,39000.0,1
2022-12,2022-12-01,CN,Tesla,240509,147.53,68708.67,12000.0,22000.0,61.34,0.097,3.13,115.67,1.9,21.22,12.6,2474.0,0.525,15.0,0.08,0,0,0,0.65,44048.35,4
2022-12,2022-12-01,CN,BYD,505876,147.53,68708.67,12000.0,22000.0,61.34,0.097,3.13,115.67,1.9,21.22,12.6,2474.0,0.525,15.0,0.08,0,0,0,0.92,23718.22,12
2022-12,2022-12-01,CN,Volkswagen Group,153694,147.53,68708.67,12000.0,22000.0,61.34,0.097,3.13,115.67,1.9,21.22,12.6,2474.0,0.525,15.0,0.08,0,0,0,0.26,40598.81,5
2022-12,2022-12-01,CN,Hyundai-Kia Group,199802,147.53,68708.67,12000.0,22000.0,61.34,0.097,3.13,115.67,1.9,21.22,12.6,2474.0,0.525,15.0,0.08,0,0,0,0.34,38037.08,6
2022-12,2022-12-01,CN,BMW Group,136499,147.53,68708.67,12000.0,22000.0,61.34,0.097,3.13,115.67,1.9,21.22,12.6,2474.0,0.525,15.0,0.08,0,0,0,0.1,55958.79,4
2022-12,2022-12-01,CN,Mercedes-Benz Group,117748,147.53,68708.67,12000.0,22000.0,61.34,0.097,3.13,115.67,1.9,21.22,12.6,2474.0,0.525,15.0,0.08,0,0,0,0.08,62936.68,4
2022-12,2022-12-01,CN,Toyota,59752,147.53,68708.67,12000.0,22000.0,61.34,0.097,3.13,115.67,1.9,21.22,12.6,2474.0,0.525,15.0,0.08,0,0,0,0.05,39000.0,1
2023-01,2023-01-01,US,Tesla,110224,146.94,66243.25,12000.0,22000.0,63.74,0.1552,3.26,115.67,2.02,22.18,11.1,795.5,0.292,2.5,0.084,0,0,0,0.5,44367.22,4
2023-01,2023-01-01,US,BYD,66077,146.94,66243.25,12000.0,22000.0,63.74,0.1552,3.26,115.67,2.02,22.18,11.1,795.5,0.292,27.5,0.084,0,0,0,0.92,24741.32,12
2023-01,2023-01-01,US,Volkswagen Group,82941,146.94,66243.25,12000.0,22000.0,63.74,0.1552,3.26,115.67,2.02,22.18,11.1,795.5,0.292,2.5,0.084,0,0,0,0.26,41209.3,6
2023-01,2023-01-01,US,Hyundai-Kia Group,104561,146.94,66243.25,12000.0,22000.0,63.74,0.1552,3.26,115.67,2.02,22.18,11.1,795.5,0.292,2.5,0.084,0,0,0,0.34,37874.22,6
2023-01,2023-01-01,US,BMW Group,78746,146.94,66243.25,12000.0,22000.0,63.74,0.1552,3.26,115.67,2.02,22.18,11.1,795.5,0.292,2.5,0.084,0,0,0,0.1,56227.13,4
2023-01,2023-01-01,US,Mercedes-Benz Group,62350,146.94,66243.25,12000.0,22000.0,63.74,0.1552,3.26,115.67,2.02,22.18,11.1,795.5,0.292,2.5,0.084,0,0,0,0.08,63271.66,4
2023-01,2023-01-01,US,Toyota,34531,146.94,66243.25,12000.0,22000.0,63.74,0.1552,3.26,115.67,2.02,22.18,11.1,795.5,0.292,2.5,0.084,0,0,0,0.05,39000.0,1
2023-01,2023-01-01,EU,Tesla,67785,146.94,66243.25,12000.0,22000.0,63.74,0.396,3.26,115.67,2.02,24.26,11.1,1209.1,0.27,10.0,0.086,0,0,0,0.5,43976.78,4
2023-01,2023-01-01,EU,BYD,99428,146.94,66243.25,12000.0,22000.0,63.74,0.396,3.26,115.67,2.02,24.26,11.1,1209.1,0.27,10.0,0.086,0,0,0,0.92,23996.77,12
2023-01,2023-01-01,EU,Volkswagen Group,76197,146.94,66243.25,12000.0,22000.0,63.74,0.396,3.26,115.67,2.02,24.26,11.1,1209.1,0.27,10.0,0.086,0,0,0,0.26,41112.52,6
2023-01,2023-01-01,EU,Hyundai-Kia Group,74540,146.94,66243.25,12000.0,22000.0,63.74,0.396,3.26,115.67,2.02,24.26,11.1,1209.1,0.27,10.0,0.086,0,0,0,0.34,38209.65,6
2023-01,2023-01-01,EU,BMW Group,52394,146.94,66243.25,12000.0,22000.0,63.74,0.396,3.26,115.67,2.02,24.26,11.1,1209.1,0.27,10.0,0.086,0,0,0,0.1,55376.27,4
2023-01,2023-01-01,EU,Mercedes-Benz Group,36645,146.94,66243.25,12000.0,22000.0,63.74,0.396,3.26,115.67,2.02,24.26,11.1,1209.1,0.27,10.0,0.086,0,0,0,0.08,62422.67,4
2023-01,2023-01-01,EU,Toyota,22091,146.94,66243.25,12000.0,22000.0,63.74,0.396,3.26,115.67,2.02,24.26,11.1,1209.1,0.27,10.0,0.086,0,0,0,0.05,39000.0,1
2023-01,2023-01-01,CN,Tesla,265736,146.94,66243.25,12000.0,22000.0,63.74,0.0972,3.26,115.67,2.02,24.04,11.1,2491.6,0.528,15.0,0.078,0,0,0,0.65,43936.54,4
2023-01,2023-01-01,CN,BYD,326650,146.94,66243.25,12000.0,22000.0,63.74,0.0972,3.26,115.67,2.02,24.04,11.1,2491.6,0.528,15.0,0.078,0,0,0,0.92,23954.85,12
2023-01,2023-01-01,CN,Volkswagen Group,157191,146.94,66243.25,12000.0,22000.0,63.74,0.0972,3.26,115.67,2.02,24.04,11.1,2491.6,0.528,15.0,0.078,0,0,0,0.26,41292.77,6
2023-01,2023-01-01,CN,Hyundai-Kia Group,193756,146.94,66243.25,12000.0,22000.0,63.74,0.0972,3.26,115.67,2.02,24.04,11.1,2491.6,0.528,15.0,0.078,0,0,0,0.34,38061.72,6
2023-01,2023-01-01,CN,BMW Group,131423,146.94,66243.25,12000.0,22000.0,63.74,0.0972,3.26,115.67,2.02,24.04,11.1,2491.6,0.528,15.0,0.078,0,0,0,0.1,56264.98,4
2023-01,2023-01-01,CN,Mercedes-Benz Group,108849,146.94,66243.25,12000.0,22000.0,63.74,0.0972,3.26,115.67,2.02,24.04,11.1,2491.6,0.528,15.0,0.078,0,0,0,0.08,64056.12,4
2023-01,2023-01-01,CN,Toyota,54102,146.94,66243.25,12000.0,22000.0,63.74,0.0972,3.26,115.67,2.02,24.04,11.1,2491.6,0.528,15.0,0.078,0,0,0,0.05,39000.0,1
2023-02,2023-02-01,US,Tesla,105229,145.96,61566.96,12000.0,22000.0,53.58,0.1559,3.33,116.08,2.0,23.79,12.0,808.3,0.294,2.5,0.083,0,0,0,0.5,44028.79,4
2023-02,2023-02-01,US,BYD,47562,145.96,61566.96,12000.0,22000.0,53.58,0.1559,3.33,116.08,2.0,23.79,12.0,808.3,0.294,27.5,0.083,0,0,0,0.92,23621.18,12
2023-02,2023-02-01,US,Volkswagen Group,82641,145.96,61566.96,12000.0,22000.0,53.58,0.1559,3.33,116.08,2.0,23.79,12.0,808.3,0.294,2.5,0.083,0,0,0,0.26,40664.04,6
2023-02,2023-02-01,US,Hyundai-Kia Group,85263,145.96,61566.96,12000.0,22000.0,53.58,0.1559,3.33,116.08,2.0,23.79,12.0,808.3,0.294,2.5,0.083,0,0,0,0.35,37592.47,6
2023-02,2023-02-01,US,BMW Group,71240,145.96,61566.96,12000.0,22000.0,53.58,0.1559,3.33,116.08,2.0,23.79,12.0,808.3,0.294,2.5,0.083,0,0,0,0.1,54577.68,4
2023-02,2023-02-01,US,Mercedes-Benz Group,57621,145.96,61566.96,12000.0,22000.0,53.58,0.1559,3.33,116.08,2.0,23.79,12.0,808.3,0.294,2.5,0.083,0,0,0,0.08,62158.59,4
2023-02,2023-02-01,US,Toyota,32848,145.96,61566.96,12000.0,22000.0,53.58,0.1559,3.33,116.08,2.0,23.79,12.0,808.3,0.294,2.5,0.083,0,0,0,0.05,39000.0,1
2023-02,2023-02-01,EU,Tesla,99719,145.96,61566.96,12000.0,22000.0,53.58,0.397,3.33,116.08,2.0,21.43,12.0,1254.4,0.272,10.0,0.085,0,0,0,0.5,42050.24,4
2023-02,2023-02-01,EU,BYD,114739,145.96,61566.96,12000.0,22000.0,53.58,0.397,3.33,116.08,2.0,21.43,12.0,1254.4,0.272,10.0,0.085,0,0,0,0.92,24390.15,12
2023-02,2023-02-01,EU,Volkswagen Group,76100,145.96,61566.96,12000.0,22000.0,53.58,0.397,3.33,116.08,2.0,21.43,12.0,1254.4,0.272,10.0,0.085,0,0,0,0.26,41123.86,6
2023-02,2023-02-01,EU,Hyundai-Kia Group,59853,145.96,61566.96,12000.0,22000.0,53.58,0.397,3.33,116.08,2.0,21.43,12.0,1254.4,0.272,10.0,0.085,0,0,0,0.35,37992.85,6
2023-02,2023-02-01,EU,BMW Group,53608,145.96,61566.96,12000.0,22000.0,53.58,0.397,3.33,116.08,2.0,21.43,12.0,1254.4,0.272,10.0,0.085,0,0,0,0.1,56065.81,4
2023-02,2023-02-01,EU,Mercedes-Benz Group,60892,145.96,61566.96,12000.0,22000.0,53.58,0.397,3.33,116.08,2.0,21.43,12.0,1254.4,0.272,10.0,0.085,0,0,0,0.08,63998.17,4
2023-02,2023-02-01,EU,Toyota,25455,145.96,61566.96,12000.0,22000.0,53.58,0.397,3.33,116.08,2.0,21.43,12.0,1254.4,0.272,10.0,0.085,0,0,0,0.05,39000.0,1
2023-02,2023-02-01,CN,Tesla,213177,145.96,61566.96,12000.0,22000.0,53.58,0.0974,3.33,116.08,2.0,22.97,12.0,2502.3,0.531,15.0,0.076,0,0,0,0.65,42675.46,4
2023-02,2023-02-01,CN,BYD,315127,145.96,61566.96,12000.0,22000.0,53.58,0.0974,3.33,116.08,2.0,22.97,12.0,2502.3,0.531,15.0,0.076,0,0,0,0.92,23727.22,12
2023-02,2023-02-01,CN,Volkswagen Group,123065,145.96,61566.96,12000.0,22000.0,53.58,0.0974,3.33,116.08,2.0,22.97,12.0,2502.3,0.531,15.0,0.076,0,0,0,0.26,41100.94,6
2023-02,2023-02-01,CN,Hyundai-Kia Group,159804,145.96,61566.96,12000.0,22000.0,53.58,0.0974,3.33,116.08,2.0,22.97,12.0,2502.3,0.531,15.0,0.076,0,0,0,0.35,38118.41,6
2023-02,2023-02-01,CN,BMW Group,115226,145.96,61566.96,12000.0,22000.0,53.58,0.0974,3.33,116.08,2.0,22.97,12.0,2502.3,0.531,15.0,0.076,0,0,0,0.1,55774.42,4
2023-02,2023-02-01,CN,Mercedes-Benz Group,114681,145.96,61566.96,12000.0,22000.0,53.58,0.0974,3.33,116.08,2.0,22.97,12.0,2502.3,0.531,15.0,0.076,0,0,0,0.08,63274.15,4
2023-02,2023-02-01,CN,Toyota,51987,145.96,61566.96,12000.0,22000.0,53.58,0.0974,3.33,116.08,2.0,22.97,12.0,2502.3,0.531,15.0,0.076,0,0,0,0.05,39000.0,1
2023-03,2023-03-01,US,Tesla,129674,143.86,56510.39,12000.0,22000.0,52.34,0.1566,3.53,117.18,2.2,23.77,12.9,829.6,0.296,2.5,0.082,0,0,0,0.5,43388.39,4
2023-03,2023-03-01,US,BYD,38314,143.86,56510.39,12000.0,22000.0,52.34,0.1566,3.53,117.18,2.2,23.77,12.9,829.6,0.296,27.5,0.082,0,0,0,0.92,23725.17,12
2023-03,2023-03-01,US,Volkswagen Group,87342,143.86,56510.39,12000.0,22000.0,52.34,0.1566,3.53,117.18,2.2,23.77,12.9,829.6,0.296,2.5,0.082,0,0,0,0.26,40906.29,6
2023-03,2023-03-01,US,Hyundai-Kia Group,97268,143.86,56510.39,12000.0,22000.0,52.34,0.1566,3.53,117.18,2.2,23.77,12.9,829.6,0.296,2.5,0.082,0,0,0,0.35,37950.49,6
2023-03,2023-03-01,US,BMW Group,65665,143.86,56510.39,12000.0,22000.0,52.34,0.1566,3.53,117.18,2.2,23.77,12.9,829.6,0.296,2.5,0.082,0,0,0,0.1,56461.68,4
2023-03,2023-03-01,US,Mercedes-Benz Group,52285,143.86,56510.39,12000.0,22000.0,52.34,0.1566,3.53,117.18,2.2,23.77,12.9,829.6,0.296,2.5,0.082,0,0,0,0.08,63257.85,4
2023-03,2023-03-01,US,Toyota,30359,143.86,56510.39,12000.0,22000.0,52.34,0.1566,3.53,117.18,2.2,23.77,12.9,829.6,0.296,2.5,0.082,0,0,0,0.05,39000.0,1
2023-03,2023-03-01,EU,Tesla,82754,143.86,56510.39,12000.0,22000.0,52.34,0.398,3.53,117.18,2.2,24.74,12.9,1265.2,0.275,10.0,0.083,0,0,0,0.5,43370.28,4
2023-03,2023-03-01,EU,BYD,95825,143.86,56510.39,12000.0,22000.0,52.34,0.398,3.53,117.18,2.2,24.74,12.9,1265.2,0.275,10.0,0.083,0,0,0,0.92,23900.16,12
2023-03,2023-03-01,EU,Volkswagen Group,54878,143.86,56510.39,12000.0,22000.0,52.34,0.398,3.53,117.18,2.2,24.74,12.9,1265.2,0.275,10.0,0.083,0,0,0,0.26,40382.46,6
2023-03,2023-03-01,EU,Hyundai-Kia Group,52031,143.86,56510.39,12000.0,22000.0,52.34,0.398,3.53,117.18,2.2,24.74,12.9,1265.2,0.275,10.0,0.083,0,0,0,0.35,37359.79,6
2023-03,2023-03-01,EU,BMW Group,44386,143.86,56510.39,12000.0,22000.0,52.34,0.398,3.53,117.18,2.2,24.74,12.9,1265.2,0.275,10.0,0.083,0,0,0,0.1,55415.12,4
2023-03,2023-03-01,EU,Mercedes-Benz Group,46611,143.86,56510.39,12000.0,22000.0,52.34,0.398,3.53,117.18,2.2,24.74,12.9,1265.2,0.275,10.0,0.083,0,0,0,0.08,62737.4,4
2023-03,2023-03-01,EU,Toyota,22804,143.86,56510.39,12000.0,22000.0,52.34,0.398,3.53,117.18,2.2,24.74,12.9,1265.2,0.275,10.0,0.083,0,0,0,0.05,39000.0,1
2023-03,2023-03-01,CN,Tesla,251105,143.86,56510.39,12000.0,22000.0,52.34,0.0976,3.53,117.18,2.2,24.04,12.9,2567.5,0.534,15.0,0.074,0,0,0,0.65,42870.58,4
2023-03,2023-03-01,CN,BYD,347933,143.86,56510.39,12000.0,22000.0,52.34,0.0976,3.53,117.18,2.2,24.04,12.9,2567.5,0.534,15.0,0.074,0,0,0,0.92,23877.27,12
2023-03,2023-03-01,CN,Volkswagen Group,107839,143.86,56510.39,12000.0,22000.0,52.34,0.0976,3.53,117.18,2.2,24.04,12.9,2567.5,0.534,15.0,0.074,0,0,0,0.26,40531.26,6
2023-03,2023-03-01,CN,Hyundai-Kia Group,159937,143.86,56510.39,12000.0,22000.0,52.34,0.0976,3.53,117.18,2.2,24.04,12.9,2567.5,0.534,15.0,0.074,0,0,0,0.35,37907.16,6
2023-03,2023-03-01,CN,BMW Group,103293,143.86,56510.39,12000.0,22000.0,52.34,0.0976,3.53,117.18,2.2,24.04,12.9,2567.5,0.534,15.0,0.074,0,0,0,0.1,55178.77,4
2023-03,2023-03-01,CN,Mercedes-Benz Group,86151,143.86,56510.39,12000.0,22000.0,52.34,0.0976,3.53,117.18,2.2,24.04,12.9,2567.5,0.534,15.0,0.074,0,0,0,0.08,64000.35,4
2023-03,2023-03-01,CN,Toyota,67771,143.86,56510.39,12000.0,22000.0,52.34,0.0976,3.53,117.18,2.2,24.04,12.9,2567.5,0.534,15.0,0.074,0,0,0,0.05,39000.0,1
2023-04,2023-04-01,US,Tesla,92288,145.96,51149.07,12000.0,22795.88,49.58,0.1573,3.5,117.56,2.16,22.98,12.7,840.4,0.298,2.5,0.081,0,0,0,0.5,42822.83,4
2023-04,2023-04-01,US,BYD,68525,145.96,51149.07,12000.0,22795.88,49.58,0.1573,3.5,117.56,2.16,22.98,12.7,840.4,0.298,27.5,0.081,0,0,0,0.92,23892.69,12
2023-04,2023-04-01,US,Volkswagen Group,73406,145.96,51149.07,12000.0,22795.88,49.58,0.1573,3.5,117.56,2.16,22.98,12.7,840.4,0.298,2.5,0.081,0,0,0,0.27,41193.84,6
2023-04,2023-04-01,US,Hyundai-Kia Group,86793,145.96,51149.07,12000.0,22795.88,49.58,0.1573,3.5,117.56,2.16,22.98,12.7,840.4,0.298,2.5,0.081,0,0,0,0.36,37384.84,6
2023-04,2023-04-01,US,BMW Group,56343,145.96,51149.07,12000.0,22795.88,49.58,0.1573,3.5,117.56,2.16,22.98,12.7,840.4,0.298,2.5,0.081,0,0,0,0.1,55988.27,4
2023-04,2023-04-01,US,Mercedes-Benz Group,61307,145.96,51149.07,12000.0,22795.88,49.58,0.1573,3.5,117.56,2.16,22.98,12.7,840.4,0.298,2.5,0.081,0,0,0,0.08,63941.46,4
2023-04,2023-04-01,US,Toyota,34626,145.96,51149.07,12000.0,22795.88,49.58,0.1573,3.5,117.56,2.16,22.98,12.7,840.4,0.298,2.5,0.081,0,0,0,0.05,39000.0,1
2023-04,2023-04-01,EU,Tesla,95284,145.96,51149.07,12000.0,22795.88,49.58,0.399,3.5,117.56,2.16,23.28,12.7,1284.6,0.277,10.0,0.082,0,0,0,0.5,43656.43,4
2023-04,2023-04-01,EU,BYD,85133,145.96,51149.07,12000.0,22795.88,49.58,0.399,3.5,117.56,2.16,23.28,12.7,1284.6,0.277,10.0,0.082,0,0,0,0.92,23843.79,12
2023-04,2023-04-01,EU,Volkswagen Group,88454,145.96,51149.07,12000.0,22795.88,49.58,0.399,3.5,117.56,2.16,23.28,12.7,1284.6,0.277,10.0,0.082,0,0,0,0.27,40920.74,6
2023-04,2023-04-01,EU,Hyundai-Kia Group,51325,145.96,51149.07,12000.0,22795.88,49.58,0.399,3.5,117.56,2.16,23.28,12.7,1284.6,0.277,10.0,0.082,0,0,0,0.36,36994.36,6
2023-04,2023-04-01,EU,BMW Group,46187,145.96,51149.07,12000.0,22795.88,49.58,0.399,3.5,117.56,2.16,23.28,12.7,1284.6,0.277,10.0,0.082,0,0,0,0.1,55758.86,4
2023-04,2023-04-01,EU,Mercedes-Benz Group,40967,145.96,51149.07,12000.0,22795.88,49.58,0.399,3.5,117.56,2.16,23.28,12.7,1284.6,0.277,10.0,0.082,0,0,0,0.08,63188.67,4
2023-04,2023-04-01,EU,Toyota,21869,145.96,51149.07,12000.0,22795.88,49.58,0.399,3.5,117.56,2.16,23.28,12.7,1284.6,0.277,10.0,0.082,0,0,0,0.05,39000.0,1
2023-04,2023-04-01,CN,Tesla,231372,145.96,51149.07,12000.0,22795.88,49.58,0.0978,3.5,117.56,2.16,21.33,12.7,2642.2,0.537,15.0,0.072,0,0,0,0.65,42905.75,4
2023-04,2023-04-01,CN,BYD,332184,145.96,51149.07,12000.0,22795.88,49.58,0.0978,3.5,117.56,2.16,21.33,12.7,2642.2,0.537,15.0,0.072,0,0,0,0.92,23457.04,12
2023-04,2023-04-01,CN,Volkswagen Group,137667,145.96,51149.07,12000.0,22795.88,49.58,0.0978,3.5,117.56,2.16,21.33,12.7,2642.2,0.537,15.0,0.072,0,0,0,0.27,41544.59,6
2023-04,2023-04-01,CN,Hyundai-Kia Group,138883,145.96,51149.07,12000.0,22795.88,49.58,0.0978,3.5,117.56,2.16,21.33,12.7,2642.2,0.537,15.0,0.072,0,0,0,0.36,37582.28,6
2023-04,2023-04-01,CN,BMW Group,115833,145.96,51149.07,12000.0,22795.88,49.58,0.0978,3.5,117.56,2.16,21.33,12.7,2642.2,0.537,15.0,0.072,0,0,0,0.1,55290.18,4
2023-04,2023-04-01,CN,Mercedes-Benz Group,122470,145.96,51149.07,12000.0,22795.88,49.58,0.0978,3.5,117.56,2.16,21.33,12.7,2642.2,0.537,15.0,0.072,0,0,0,0.08,62795.83,4
2023-04,2023-04-01,CN,Toyota,63395,145.96,51149.07,12000.0,22795.88,49.58,0.0978,3.5,117.56,2.16,21.33,12.7,2642.2,0.537,15.0,0.072,0,0,0,0.05,39000.0,1
2023-05,2023-05-01,US,Tesla,124672,146.28,45303.52,12000.0,24903.61,55.61,0.158,3.48,117.76,2.3,24.41,11.8,864.7,0.3,2.5,0.08,0,0,0,0.5,43162.02,4
2023-05,2023-05-01,US,BYD,47901,146.28,45303.52,12000.0,24903.61,55.61,0.158,3.48,117.76,2.3,24.41,11.8,864.7,0.3,27.5,0.08,0,0,0,0.92,24045.53,13
2023-05,2023-05-01,US,Volkswagen Group,62618,146.28,45303.52,12000.0,24903.61,55.61,0.158,3.48,117.76,2.3,24.41,11.8,864.7,0.3,2.5,0.08,0,0,0,0.27,41635.82,6
2023-05,2023-05-01,US,Hyundai-Kia Group,113902,146.28,45303.52,12000.0,24903.61,55.61,0.158,3.48,117.76,2.3,24.41,11.8,864.7,0.3,2.5,0.08,0,0,0,0.36,37473.9,7
2023-05,2023-05-01,US,BMW Group,65498,146.28,45303.52,12000.0,24903.61,55.61,0.158,3.48,117.76,2.3,24.41,11.8,864.7,0.3,2.5,0.08,0,0,0,0.1,55604.08,4
2023-05,2023-05-01,US,Mercedes-Benz Group,56830,146.28,45303.52,12000.0,24903.61,55.61,0.158,3.48,117.76,2.3,24.41,11.8,864.7,0.3,2.5,0.08,0,0,0,0.08,62714.04,4
2023-05,2023-05-01,US,Toyota,38977,146.28,45303.52,12000.0,24903.61,55.61,0.158,3.48,117.76,2.3,24.41,11.8,864.7,0.3,2.5,0.08,0,0,0,0.05,39000.0,1
2023-05,2023-05-01,EU,Tesla,85776,146.28,45303.52,12000.0,24903.61,55.61,0.4,3.48,117.76,2.3,25.06,11.8,1266.8,0.28,10.0,0.08,0,0,0,0.5,42488.02,4
2023-05,2023-05-01,EU,BYD,98324,146.28,45303.52,12000.0,24903.61,55.61,0.4,3.48,117.76,2.3,25.06,11.8,1266.8,0.28,10.0,0.08,0,0,0,0.92,23871.23,13
2023-05,2023-05-01,EU,Volkswagen Group,77475,146.28,45303.52,12000.0,24903.61,55.61,0.4,3.48,117.76,2.3,25.06,11.8,1266.8,0.28,10.0,0.08,0,0,0,0.27,40160.75,6
2023-05,2023-05-01,EU,Hyundai-Kia Group,51862,146.28,45303.52,12000.0,24903.61,55.61,0.4,3.48,117.76,2.3,25.06,11.8,1266.8,0.28,10.0,0.08,0,0,0,0.36,38209.72,7
2023-05,2023-05-01,EU,BMW Group,42311,146.28,45303.52,12000.0,24903.61,55.61,0.4,3.48,117.76,2.3,25.06,11.8,1266.8,0.28,10.0,0.08,0,0,0,0.1,55713.82,4
2023-05,2023-05-01,EU,Mercedes-Benz Group,39793,146.28,45303.52,12000.0,24903.61,55.61,0.4,3.48,117.76,2.3,25.06,11.8,1266.8,0.28,10.0,0.08,0,0,0,0.08,63340.71,4
2023-05,2023-05-01,EU,Toyota,20925,146.28,45303.52,12000.0,24903.61,55.61,0.4,3.48,117.76,2.3,25.06,11.8,1266.8,0.28,10.0,0.08,0,0,0,0.05,39000.0,1
2023-05,2023-05-01,CN,Tesla,243822,146.28,45303.52,12000.0,24903.61,55.61,0.098,3.48,117.76,2.3,25.39,11.8,2662.2,0.54,15.0,0.07,0,0,0,0.65,43104.55,4
2023-05,2023-05-01,CN,BYD,288782,146.28,45303.52,12000.0,24903.61,55.61,0.098,3.48,117.76,2.3,25.39,11.8,2662.2,0.54,15.0,0.07,0,0,0,0.92,23612.02,13
2023-05,2023-05-01,CN,Volkswagen Group,156660,146.28,45303.52,12000.0,24903.61,55.61,0.098,3.48,117.76,2.3,25.39,11.8,2662.2,0.54,15.0,0.07,0,0,0,0.27,40988.96,6
2023-05,2023-05-01,CN,Hyundai-Kia Group,148552,146.28,45303.52,12000.0,24903.61,55.61,0.098,3.48,117.76,2.3,25.39,11.8,2662.2,0.54,15.0,0.07,0,0,0,0.36,37542.25,7
2023-05,2023-05-01,CN,BMW Group,99561,146.28,45303.52,12000.0,24903.61,55.61,0.098,3.48,117.76,2.3,25.39,11.8,2662.2,0.54,15.0,0.07,0,0,0,0.1,55599.57,4
2023-05,2023-05-01,CN,Mercedes-Benz Group,111453,146.28,45303.52,12000.0,24903.61,55.61,0.098,3.48,117.76,2.3,25.39,11.8,2662.2,0.54,15.0,0.07,0,0,0,0.08,63483.61,4
2023-05,2023-05-01,CN,Toyota,54055,146.28,45303.52,12000.0,24903.61,55.61,0.098,3.48,117.76,2.3,25.39,11.8,2662.2,0.54,15.0,0.07,0,0,0,0.05,39000.0,1
2023-06,2023-06-01,US,Tesla,158688,143.12,40372.62,12000.0,24447.03,55.25,0.1587,3.62,118.34,2.6,22.64,12.7,872.7,0.302,2.5,0.079,0,0,0,0.5,43740.65,4
2023-06,2023-06-01,US,BYD,43724,143.12,40372.62,12000.0,24447.03,55.25,0.1587,3.62,118.34,2.6,22.64,12.7,872.7,0.302,27.5,0.079,0,0,0,0.92,23869.87,13
2023-06,2023-06-01,US,Volkswagen Group,72266,143.12,40372.62,12000.0,24447.03,55.25,0.1587,3.62,118.34,2.6,22.64,12.7,872.7,0.302,2.5,0.079,0,0,0,0.27,41123.01,6
2023-06,2023-06-01,US,Hyundai-Kia Group,72865,143.12,40372.62,12000.0,24447.03,55.25,0.1587,3.62,118.34,2.6,22.64,12.7,872.7,0.302,2.5,0.079,0,0,0,0.36,37626.25,7
2023-06,2023-06-01,US,BMW Group,59859,143.12,40372.62,12000.0,24447.03,55.25,0.1587,3.62,118.34,2.6,22.64,12.7,872.7,0.302,2.5,0.079,0,0,0,0.1,56075.56,4
2023-06,2023-06-01,US,Mercedes-Benz Group,60096,143.12,40372.62,12000.0,24447.03,55.25,0.1587,3.62,118.34,2.6,22.64,12.7,872.7,0.302,2.5,0.079,0,0,0,0.08,63534.61,4
2023-06,2023-06-01,US,Toyota,30703,143.12,40372.62,12000.0,24447.03,55.25,0.1587,3.62,118.34,2.6,22.64,12.7,872.7,0.302,2.5,0.079,0,0,0,0.05,39000.0,2
2023-06,2023-06-01,EU,Tesla,97225,143.12,40372.62,12000.0,24447.03,55.25,0.401,3.62,118.34,2.6,24.25,12.7,1315.9,0.282,10.0,0.079,0,0,0,0.5,43132.95,4
2023-06,2023-06-01,EU,BYD,78236,143.12,40372.62,12000.0,24447.03,55.25,0.401,3.62,118.34,2.6,24.25,12.7,1315.9,0.282,10.0,0.079,0,0,0,0.92,24642.93,13
2023-06,2023-06-01,EU,Volkswagen Group,75958,143.12,40372.62,12000.0,24447.03,55.25,0.401,3.62,118.34,2.6,24.25,12.7,1315.9,0.282,10.0,0.079,0,0,0,0.27,41366.89,6
2023-06,2023-06-01,EU,Hyundai-Kia Group,53287,143.12,40372.62,12000.0,24447.03,55.25,0.401,3.62,118.34,2.6,24.25,12.7,1315.9,0.282,10.0,0.079,0,0,0,0.36,36950.49,7
2023-06,2023-06-01,EU,BMW Group,52365,143.12,40372.62,12000.0,24447.03,55.25,0.401,3.62,118.34,2.6,24.25,12.7,1315.9,0.282,10.0,0.079,0,0,0,0.1,55426.53,4
2023-06,2023-06-01,EU,Mercedes-Benz Group,48710,143.12,40372.62,12000.0,24447.03,55.25,0.401,3.62,118.34,2.6,24.25,12.7,1315.9,0.282,10.0,0.079,0,0,0,0.08,62847.96,4
2023-06,2023-06-01,EU,Toyota,19590,143.12,40372.62,12000.0,24447.03,55.25,0.401,3.62,118.34,2.6,24.25,12.7,1315.9,0.282,10.0,0.079,0,0,0,0.05,39000.0,2
2023-06,2023-06-01,CN,Tesla,268383,143.12,40372.62,12000.0,24447.03,55.25,0.0982,3.62,118.34,2.6,21.92,12.7,2694.7,0.543,15.0,0.068,0,0,0,0.65,43261.82,4
2023-06,2023-06-01,CN,BYD,255662,143.12,40372.62,12000.0,24447.03,55.25,0.0982,3.62,118.34,2.6,21.92,12.7,2694.7,0.543,15.0,0.068,0,0,0,0.92,23923.77,13
2023-06,2023-06-01,CN,Volkswagen Group,149054,143.12,40372.62,12000.0,24447.03,55.25,0.0982,3.62,118.34,2.6,21.92,12.7,2694.7,0.543,15.0,0.068,0,0,0,0.27,40799.58,6
2023-06,2023-06-01,CN,Hyundai-Kia Group,193005,143.12,40372.62,12000.0,24447.03,55.25,0.0982,3.62,118.34,2.6,21.92,12.7,2694.7,0.543,15.0,0.068,0,0,0,0.36,37471.72,7
2023-06,2023-06-01,CN,BMW Group,135418,143.12,40372.62,12000.0,24447.03,55.25,0.0982,3.62,118.34,2.6,21.92,12.7,2694.7,0.543,15.0,0.068,0,0,0,0.1,54897.37,4
2023-06,2023-06-01,CN,Mercedes-Benz Group,87375,143.12,40372.62,12000.0,24447.03,55.25,0.0982,3.62,118.34,2.6,21.92,12.7,2694.7,0.543,15.0,0.068,0,0,0,0.08,63904.01,4
2023-06,2023-06-01,CN,Toyota,64496,143.12,40372.62,12000.0,24447.03,55.25,0.0982,3.62,118.34,2.6,21.92,12.7,2694.7,0.543,15.0,0.068,0,0,0,0.05,39000.0,2
2023-07,2023-07-01,US,Tesla,94718,141.53,34243.73,12000.0,26638.38,41.77,0.1594,3.69,118.57,2.67,24.34,12.7,877.5,0.304,2.5,0.078,0,0,0,0.5,43191.3,4
2023-07,2023-07-01,US,BYD,54959,141.53,34243.73,12000.0,26638.38,41.77,0.1594,3.69,118.57,2.67,24.34,12.7,877.5,0.304,27.5,0.078,0,0,0,0.92,23896.73,13
2023-07,2023-07-01,US,Volkswagen Group,64598,141.53,34243.73,12000.0,26638.38,41.77,0.1594,3.69,118.57,2.67,24.34,12.7,877.5,0.304,2.5,0.078,0,0,0,0.28,40247.53,6
2023-07,2023-07-01,US,Hyundai-Kia Group,88274,141.53,34243.73,12000.0,26638.38,41.77,0.1594,3.69,118.57,2.67,24.34,12.7,877.5,0.304,2.5,0.078,0,0,0,0.37,37404.82,7
2023-07,2023-07-01,US,BMW Group,56095,141.53,34243.73,12000.0,26638.38,41.77,0.1594,3.69,118.57,2.67,24.34,12.7,877.5,0.304,2.5,0.078,0,0,0,0.1,55329.08,5
2023-07,2023-07-01,US,Mercedes-Benz Group,64349,141.53,34243.73,12000.0,26638.38,41.77,0.1594,3.69,118.57,2.67,24.34,12.7,877.5,0.304,2.5,0.078,0,0,0,0.08,64037.9,4
2023-07,2023-07-01,US,Toyota,33979,141.53,34243.73,12000.0,26638.38,41.77,0.1594,3.69,118.57,2.67,24.34,12.7,877.5,0.304,2.5,0.078,0,0,0,0.05,39000.0,2
2023-07,2023-07-01,EU,Tesla,92106,141.53,34243.73,12000.0,26638.38,41.77,0.402,3.69,118.57,2.67,22.57,12.7,1345.3,0.285,10.0,0.077,0,0,0,0.5,42544.78,4
2023-07,2023-07-01,EU,BYD,107295,141.53,34243.73,12000.0,26638.38,41.77,0.402,3.69,118.57,2.67,22.57,12.7,1345.3,0.285,10.0,0.077,0,0,0,0.92,24225.52,13
2023-07,2023-07-01,EU,Volkswagen Group,59777,141.53,34243.73,12000.0,26638.38,41.77,0.402,3.69,118.57,2.67,22.57,12.7,1345.3,0.285,10.0,0.077,0,0,0,0.28,40900.18,6
2023-07,2023-07-01,EU,Hyundai-Kia Group,52926,141.53,34243.73,12000.0,26638.38,41.77,0.402,3.69,118.57,2.67,22.57,12.7,1345.3,0.285,10.0,0.077,0,0,0,0.37,37640.78,7
2023-07,2023-07-01,EU,BMW Group,46109,141.53,34243.73,12000.0,26638.38,41.77,0.402,3.69,118.57,2.67,22.57,12.7,1345.3,0.285,10.0,0.077,0,0,0,0.1,55249.62,5
2023-07,2023-07-01,EU,Mercedes-Benz Group,56322,141.53,34243.73,12000.0,26638.38,41.77,0.402,3.69,118.57,2.67,22.57,12.7,1345.3,0.285,10.0,0.077,0,0,0,0.08,64496.53,4
2023-07,2023-07-01,EU,Toyota,24126,141.53,34243.73,12000.0,26638.38,41.77,0.402,3.69,118.57,2.67,22.57,12.7,1345.3,0.285,10.0,0.077,0,0,0,0.05,39000.0,2
2023-07,2023-07-01,CN,Tesla,200177,141.53,34243.73,12000.0,26638.38,41.77,0.0984,3.69,118.57,2.67,24.18,12.7,2735.4,0.546,15.0,0.066,0,0,0,0.65,43403.83,4
2023-07,2023-07-01,CN,BYD,309719,141.53,34243.73,12000.0,26638.38,41.77,0.0984,3.69,118.57,2.67,24.18,12.7,2735.4,0.546,15.0,0.066,0,0,0,0.92,24638.56,13
2023-07,2023-07-01,CN,Volkswagen Group,132094,141.53,34243.73,12000.0,26638.38,41.77,0.0984,3.69,118.57,2.67,24.18,12.7,2735.4,0.546,15.0,0.066,0,0,0,0.28,40839.1,6
2023-07,2023-07-01,CN,Hyundai-Kia Group,158665,141.53,34243.73,12000.0,26638.38,41.77,0.0984,3.69,118.57,2.67,24.18,12.7,2735.4,0.546,15.0,0.066,0,0,0,0.37,37388.63,7
2023-07,2023-07-01,CN,BMW Group,100629,141.53,34243.73,12000.0,26638.38,41.77,0.0984,3.69,118.57,2.67,24.18,12.7,2735.4,0.546,15.0,0.066,0,0,0,0.1,55109.65,5
2023-07,2023-07-01,CN,Mercedes-Benz Group,98305,141.53,34243.73,12000.0,26638.38,41.77,0.0984,3.69,118.57,2.67,24.18,12.7,2735.4,0.546,15.0,0.066,0,0,0,0.08,62019.88,4
2023-07,2023-07-01,CN,Toyota,59230,141.53,34243.73,12000.0,26638.38,41.77,0.0984,3.69,118.57,2.67,24.18,12.7,2735.4,0.546,15.0,0.066,0,0,0,0.05,39000.0,2
2023-08,2023-08-01,US,Tesla,136353,143.09,29608.97,12000.0,27182.02,37.81,0.1601,3.7,119.56,3.2,21.72,11.7,902.8,0.306,2.5,0.077,0,0,0,0.5,42661.49,4
2023-08,2023-08-01,US,BYD,53184,143.09,29608.97,12000.0,27182.02,37.81,0.1601,3.7,119.56,3.2,21.72,11.7,902.8,0.306,27.5,0.077,0,0,0,0.92,24322.56,13
2023-08,2023-08-01,US,Volkswagen Group,71892,143.09,29608.97,12000.0,27182.02,37.81,0.1601,3.7,119.56,3.2,21.72,11.7,902.8,0.306,2.5,0.077,0,0,0,0.28,40579.91,6
2023-08,2023-08-01,US,Hyundai-Kia Group,91899,143.09,29608.97,12000.0,27182.02,37.81,0.1601,3.7,119.56,3.2,21.72,11.7,902.8,0.306,2.5,0.077,0,0,0,0.37,36865.87,7
2023-08,2023-08-01,US,BMW Group,67235,143.09,29608.97,12000.0,27182.02,37.81,0.1601,3.7,119.56,3.2,21.72,11.7,902.8,0.306,2.5,0.077,0,0,0,0.1,55672.58,5
2023-08,2023-08-01,US,Mercedes-Benz Group,42421,143.09,29608.97,12000.0,27182.02,37.81,0.1601,3.7,119.56,3.2,21.72,11.7,902.8,0.306,2.5,0.077,0,0,0,0.08,62429.17,4
2023-08,2023-08-01,US,Toyota,36535,143.09,29608.97,12000.0,27182.02,37.81,0.1601,3.7,119.56,3.2,21.72,11.7,902.8,0.306,2.5,0.077,0,0,0,0.05,39000.0,2
2023-08,2023-08-01,EU,Tesla,80486,143.09,29608.97,12000.0,27182.02,37.81,0.403,3.7,119.56,3.2,22.51,11.7,1358.8,0.287,10.0,0.076,0,0,0,0.5,43186.74,4
2023-08,2023-08-01,EU,BYD,95859,143.09,29608.97,12000.0,27182.02,37.81,0.403,3.7,119.56,3.2,22.51,11.7,1358.8,0.287,10.0,0.076,0,0,0,0.92,24467.98,13
2023-08,2023-08-01,EU,Volkswagen Group,59262,143.09,29608.97,12000.0,27182.02,37.81,0.403,3.7,119.56,3.2,22.51,11.7,1358.8,0.287,10.0,0.076,0,0,0,0.28,40833.43,6
2023-08,2023-08-01,EU,Hyundai-Kia Group,60034,143.09,29608.97,12000.0,27182.02,37.81,0.403,3.7,119.56,3.2,22.51,11.7,1358.8,0.287,10.0,0.076,0,0,0,0.37,37614.78,7
2023-08,2023-08-01,EU,BMW Group,44393,143.09,29608.97,12000.0,27182.02,37.81,0.403,3.7,119.56,3.2,22.51,11.7,1358.8,0.287,10.0,0.076,0,0,0,0.1,55198.43,5
2023-08,2023-08-01,EU,Mercedes-Benz Group,39718,143.09,29608.97,12000.0,27182.02,37.81,0.403,3.7,119.56,3.2,22.51,11.7,1358.8,0.287,10.0,0.076,0,0,0,0.08,61429.01,4
2023-08,2023-08-01,EU,Toyota,19488,143.09,29608.97,12000.0,27182.02,37.81,0.403,3.7,119.56,3.2,22.51,11.7,1358.8,0.287,10.0,0.076,0,0,0,0.05,39000.0,2
2023-08,2023-08-01,CN,Tesla,199435,143.09,29608.97,12000.0,27182.02,37.81,0.0986,3.7,119.56,3.2,21.72,11.7,2751.2,0.549,15.0,0.064,0,0,0,0.65,43396.34,4
2023-08,2023-08-01,CN,BYD,292095,143.09,29608.97,12000.0,27182.02,37.81,0.0986,3.7,119.56,3.2,21.72,11.7,2751.2,0.549,15.0,0.064,0,0,0,0.92,24610.12,13
2023-08,2023-08-01,CN,Volkswagen Group,110270,143.09,29608.97,12000.0,27182.02,37.81,0.0986,3.7,119.56,3.2,21.72,11.7,2751.2,0.549,15.0,0.064,0,0,0,0.28,39877.06,6
2023-08,2023-08-01,CN,Hyundai-Kia Group,145580,143.09,29608.97,12000.0,27182.02,37.81,0.0986,3.7,119.56,3.2,21.72,11.7,2751.2,0.549,15.0,0.064,0,0,0,0.37,37624.32,7
2023-08,2023-08-01,CN,BMW Group,113404,143.09,29608.97,12000.0,27182.02,37.81,0.0986,3.7,119.56,3.2,21.72,11.7,2751.2,0.549,15.0,0.064,0,0,0,0.1,55091.03,5
2023-08,2023-08-01,CN,Mercedes-Benz Group,110249,143.09,29608.97,12000.0,27182.02,37.81,0.0986,3.7,119.56,3.2,21.72,11.7,2751.2,0.549,15.0,0.064,0,0,0,0.08,63251.43,4
2023-08,2023-08-01,CN,Toyota,66889,143.09,29608.97,12000.0,27182.02,37.81,0.0986,3.7,119.56,3.2,21.72,11.7,2751.2,0.549,15.0,0.064,0,0,0,0.05,39000.0,2
2023-09,2023-09-01,US,Tesla,129837,141.52,22489.64,12000.0,27691.81,36.11,0.1608,3.68,119.9,3.13,23.24,12.0,910.4,0.308,2.5,0.076,0,0,0,0.5,42257.88,4
2023-09,2023-09-01,US,BYD,38214,141.52,22489.64,12000.0,27691.81,36.11,0.1608,3.68,119.9,3.13,23.24,12.0,910.4,0.308,27.5,0.076,0,0,0,0.92,24510.57,13
2023-09,2023-09-01,US,Volkswagen Group,57156,141.52,22489.64,12000.0,27691.81,36.11,0.1608,3.68,119.9,3.13,23.24,12.0,910.4,0.308,2.5,0.076,0,0,0,0.28,40108.2,6
2023-09,2023-09-01,US,Hyundai-Kia Group,79669,141.52,22489.64,12000.0,27691.81,36.11,0.1608,3.68,119.9,3.13,23.24,12.0,910.4,0.308,2.5,0.076,0,0,0,0.38,36779.99,7
2023-09,2023-09-01,US,BMW Group,54032,141.52,22489.64,12000.0,27691.81,36.11,0.1608,3.68,119.9,3.13,23.24,12.0,910.4,0.308,2.5,0.076,0,0,0,0.1,54490.21,5
2023-09,2023-09-01,US,Mercedes-Benz Group,53623,141.52,22489.64,12000.0,27691.81,36.11,0.1608,3.68,119.9,3.13,23.24,12.0,910.4,0.308,2.5,0.076,0,0,0,0.08,61996.83,4
2023-09,2023-09-01,US,Toyota,30996,141.52,22489.64,12000.0,27691.81,36.11,0.1608,3.68,119.9,3.13,23.24,12.0,910.4,0.308,2.5,0.076,0,0,0,0.05,39000.0,2
2023-09,2023-09-01,EU,Tesla,78436,141.52,22489.64,12000.0,27691.81,36.11,0.404,3.68,119.9,3.13,23.73,12.0,1377.2,0.29,10.0,0.074,0,0,0,0.5,42446.66,4
2023-09,2023-09-01,EU,BYD,101084,141.52,22489.64,12000.0,27691.81,36.11,0.404,3.68,119.9,3.13,23.73,12.0,1377.2,0.29,10.0,0.074,0,0,0,0.92,24702.04,13
2023-09,2023-09-01,EU,Volkswagen Group,74084,141.52,22489.64,12000.0,27691.81,36.11,0.404,3.68,119.9,3.13,23.73,12.0,1377.2,0.29,10.0,0.074,0,0,0,0.28,39960.17,6
2023-09,2023-09-01,EU,Hyundai-Kia Group,48692,141.52,22489.64,12000.0,27691.81,36.11,0.404,3.68,119.9,3.13,23.73,12.0,1377.2,0.29,10.0,0.074,0,0,0,0.38,37364.56,7
2023-09,2023-09-01,EU,BMW Group,50410,141.52,22489.64,12000.0,27691.81,36.11,0.404,3.68,119.9,3.13,23.73,12.0,1377.2,0.29,10.0,0.074,0,0,0,0.1,55851.27,5
2023-09,2023-09-01,EU,Mercedes-Benz Group,32538,141.52,22489.64,12000.0,27691.81,36.11,0.404,3.68,119.9,3.13,23.73,12.0,1377.2,0.29,10.0,0.074,0,0,0,0.08,61901.96,4
2023-09,2023-09-01,EU,Toyota,24121,141.52,22489.64,12000.0,27691.81,36.11,0.404,3.68,119.9,3.13,23.73,12.0,1377.2,0.29,10.0,0.074,0,0,0,0.05,39000.0,2
2023-09,2023-09-01,CN,Tesla,212041,141.52,22489.64,12000.0,27691.81,36.11,0.0988,3.68,119.9,3.13,24.18,12.0,2836.8,0.552,15.0,0.062,0,0,0,0.65,42890.29,4
2023-09,2023-09-01,CN,BYD,332270,141.52,22489.64,12000.0,27691.81,36.11,0.0988,3.68,119.9,3.13,24.18,12.0,2836.8,0.552,15.0,0.062,0,0,0,0.92,23802.06,13
2023-09,2023-09-01,CN,Volkswagen Group,115386,141.52,22489.64,12000.0,27691.81,36.11,0.0988,3.68,119.9,3.13,24.18,12.0,2836.8,0.552,15.0,0.062,0,0,0,0.28,40947.84,6
2023-09,2023-09-01,CN,Hyundai-Kia Group,116117,141.52,22489.64,12000.0,27691.81,36.11,0.0988,3.68,119.9,3.13,24.18,12.0,2836.8,0.552,15.0,0.062,0,0,0,0.38,37022.61,7
2023-09,2023-09-01,CN,BMW Group,112089,141.52,22489.64,12000.0,27691.81,36.11,0.0988,3.68,119.9,3.13,24.18,12.0,2836.8,0.552,15.0,0.062,0,0,0,0.1,55668.55,5
2023-09,2023-09-01,CN,Mercedes-Benz Group,103800,141.52,22489.64,12000.0,27691.81,36.11,0.0988,3.68,119.9,3.13,24.18,12.0,2836.8,0.552,15.0,0.062,0,0,0,0.08,62750.25,4
2023-09,2023-09-01,CN,Toyota,51208,141.52,22489.64,12000.0,27691.81,36.11,0.0988,3.68,119.9,3.13,24.18,12.0,2836.8,0.552,15.0,0.062,0,0,0,0.05,39000.0,2
2023-10,2023-10-01,US,Tesla,96905,139.9,18346.91,12000.0,29435.12,38.75,0.1615,3.77,120.21,3.39,25.75,11.6,916.4,0.31,2.5,0.075,0,0,0,0.5,43290.73,4
2023-10,2023-10-01,US,BYD,43542,139.9,18346.91,12000.0,29435.12,38.75,0.1615,3.77,120.21,3.39,25.75,11.6,916.4,0.31,27.5,0.075,0,0,0,0.92,24456.91,13
2023-10,2023-10-01,US,Volkswagen Group,68719,139.9,18346.91,12000.0,29435.12,38.75,0.1615,3.77,120.21,3.39,25.75,11.6,916.4,0.31,2.5,0.075,0,0,0,0.29,40505.39,6
2023-10,2023-10-01,US,Hyundai-Kia Group,71036,139.9,18346.91,12000.0,29435.12,38.75,0.1615,3.77,120.21,3.39,25.75,11.6,916.4,0.31,2.5,0.075,0,0,0,0.38,36856.24,7
2023-10,2023-10-01,US,BMW Group,52437,139.9,18346.91,12000.0,29435.12,38.75,0.1615,3.77,120.21,3.39,25.75,11.6,916.4,0.31,2.5,0.075,0,0,0,0.1,54885.68,5
2023-10,2023-10-01,US,Mercedes-Benz Group,50319,139.9,18346.91,12000.0,29435.12,38.75,0.1615,3.77,120.21,3.39,25.75,11.6,916.4,0.31,2.5,0.075,0,0,0,0.08,62084.54,5
2023-10,2023-10-01,US,Toyota,27573,139.9,18346.91,12000.0,29435.12,38.75,0.1615,3.77,120.21,3.39,25.75,11.6,916.4,0.31,2.5,0.075,0,0,0,0.05,39000.0,2
2023-10,2023-10-01,EU,Tesla,83500,139.9,18346.91,12000.0,29435.12,38.75,0.405,3.77,120.21,3.39,25.44,11.6,1420.2,0.292,10.0,0.073,0,0,0,0.5,42309.97,4
2023-10,2023-10-01,EU,BYD,91785,139.9,18346.91,12000.0,29435.12,38.75,0.405,3.77,120.21,3.39,25.44,11.6,1420.2,0.292,10.0,0.073,0,0,0,0.92,24399.91,13
2023-10,2023-10-01,EU,Volkswagen Group,73405,139.9,18346.91,12000.0,29435.12,38.75,0.405,3.77,120.21,3.39,25.44,11.6,1420.2,0.292,10.0,0.073,0,0,0,0.29,40430.38,6
2023-10,2023-10-01,EU,Hyundai-Kia Group,48232,139.9,18346.91,12000.0,29435.12,38.75,0.405,3.77,120.21,3.39,25.44,11.6,1420.2,0.292,10.0,0.073,0,0,0,0.38,37142.9,7
2023-10,2023-10-01,EU,BMW Group,46681,139.9,18346.91,12000.0,29435.12,38.75,0.405,3.77,120.21,3.39,25.44,11.6,1420.2,0.292,10.0,0.073,0,0,0,0.1,55821.49,5
2023-10,2023-10-01,EU,Mercedes-Benz Group,36537,139.9,18346.91,12000.0,29435.12,38.75,0.405,3.77,120.21,3.39,25.44,11.6,1420.2,0.292,10.0,0.073,0,0,0,0.08,62139.37,5
2023-10,2023-10-01,EU,Toyota,23383,139.9,18346.91,12000.0,29435.12,38.75,0.405,3.77,120.21,3.39,25.44,11.6,1420.2,0.292,10.0,0.073,0,0,0,0.05,39000.0,2
2023-10,2023-10-01,CN,Tesla,186906,139.9,18346.91,12000.0,29435.12,38.75,0.099,3.77,120.21,3.39,24.94,11.6,2869.8,0.555,15.0,0.06,0,0,0,0.65,43781.94,4
2023-10,2023-10-01,CN,BYD,308512,139.9,18346.91,12000.0,29435.12,38.75,0.099,3.77,120.21,3.39,24.94,11.6,2869.8,0.555,15.0,0.06,0,0,0,0.92,23835.69,13
2023-10,2023-10-01,CN,Volkswagen Group,117113,139.9,18346.91,12000.0,29435.12,38.75,0.099,3.77,120.21,3.39,24.94,11.6,2869.8,0.555,15.0,0.06,0,0,0,0.29,40688.63,6
2023-10,2023-10-01,CN,Hyundai-Kia Group,120630,139.9,18346.91,12000.0,29435.12,38.75,0.099,3.77,120.21,3.39,24.94,11.6,2869.8,0.555,15.0,0.06,0,0,0,0.38,37531.3,7
2023-10,2023-10-01,CN,BMW Group,98788,139.9,18346.91,12000.0,29435.12,38.75,0.099,3.77,120.21,3.39,24.94,11.6,2869.8,0.555,15.0,0.06,0,0,0,0.1,55715.75,5
2023-10,2023-10-01,CN,Mercedes-Benz Group,116942,139.9,18346.91,12000.0,29435.12,38.75,0.099,3.77,120.21,3.39,24.94,11.6,2869.8,0.555,15.0,0.06,0,0,0,0.08,64125.5,5
2023-10,2023-10-01,CN,Toyota,49742,139.9,18346.91,12000.0,29435.12,38.75,0.099,3.77,120.21,3.39,24.94,11.6,2869.8,0.555,15.0,0.06,0,0,0,0.05,39000.0,2
2023-11,2023-11-01,US,Tesla,121567,139.41,11678.1,12793.36,30073.47,35.97,0.1622,3.64,120.7,3.14,21.96,11.5,961.4,0.312,2.5,0.074,0,0,0,0.5,42886.6,5
2023-11,2023-11-01,US,BYD,56491,139.41,11678.1,12793.36,30073.47,35.97,0.1622,3.64,120.7,3.14,21.96,11.5,961.4,0.312,27.5,0.074,0,0,0,0.92,24216.07,13
2023-11,2023-11-01,US,Volkswagen Group,78912,139.41,11678.1,12793.36,30073.47,35.97,0.1622,3.64,120.7,3.14,21.96,11.5,961.4,0.312,2.5,0.074,0,0,0,0.29,40456.02,6
2023-11,2023-11-01,US,Hyundai-Kia Group,83314,139.41,11678.1,12793.36,30073.47,35.97,0.1622,3.64,120.7,3.14,21.96,11.5,961.4,0.312,2.5,0.074,0,0,0,0.38,37247.27,7
2023-11,2023-11-01,US,BMW Group,57081,139.41,11678.1,12793.36,30073.47,35.97,0.1622,3.64,120.7,3.14,21.96,11.5,961.4,0.312,2.5,0.074,0,0,0,0.1,54872.66,5
2023-11,2023-11-01,US,Mercedes-Benz Group,80277,139.41,11678.1,12793.36,30073.47,35.97,0.1622,3.64,120.7,3.14,21.96,11.5,961.4,0.312,2.5,0.074,0,0,0,0.08,62039.67,5
2023-11,2023-11-01,US,Toyota,39055,139.41,11678.1,12793.36,30073.47,35.97,0.1622,3.64,120.7,3.14,21.96,11.5,961.4,0.312,2.5,0.074,0,0,0,0.05,39000.0,2
2023-11,2023-11-01,EU,Tesla,92747,139.41,11678.1,12793.36,30073.47,35.97,0.406,3.64,120.7,3.14,21.88,11.5,1411.7,0.295,10.0,0.071,0,0,0,0.5,42720.93,5
2023-11,2023-11-01,EU,BYD,90625,139.41,11678.1,12793.36,30073.47,35.97,0.406,3.64,120.7,3.14,21.88,11.5,1411.7,0.295,10.0,0.071,0,0,0,0.92,24464.67,13
2023-11,2023-11-01,EU,Volkswagen Group,74762,139.41,11678.1,12793.36,30073.47,35.97,0.406,3.64,120.7,3.14,21.88,11.5,1411.7,0.295,10.0,0.071,0,0,0,0.29,40269.82,6
2023-11,2023-11-01,EU,Hyundai-Kia Group,45893,139.41,11678.1,12793.36,30073.47,35.97,0.406,3.64,120.7,3.14,21.88,11.5,1411.7,0.295,10.0,0.071,0,0,0,0.38,36894.36,7
2023-11,2023-11-01,EU,BMW Group,40560,139.41,11678.1,12793.36,30073.47,35.97,0.406,3.64,120.7,3.14,21.88,11.5,1411.7,0.295,10.0,0.071,0,0,0,0.1,55102.12,5
2023-11,2023-11-01,EU,Mercedes-Benz Group,55706,139.41,11678.1,12793.36,30073.47,35.97,0.406,3.64,120.7,3.14,21.88,11.5,1411.7,0.295,10.0,0.071,0,0,0,0.08,62840.17,5
2023-11,2023-11-01,EU,Toyota,24288,139.41,11678.1,12793.36,30073.47,35.97,0.406,3.64,120.7,3.14,21.88,11.5,1411.7,0.295,10.0,0.071,0,0,0,0.05,39000.0,2
2023-11,2023-11-01,CN,Tesla,216098,139.41,11678.1,12793.36,30073.47,35.97,0.0992,3.64,120.7,3.14,24.57,11.5,2912.2,0.558,15.0,0.058,0,0,0,0.65,42721.34,5
2023-11,2023-11-01,CN,BYD,380878,139.41,11678.1,12793.36,30073.47,35.97,0.0992,3.64,120.7,3.14,24.57,11.5,2912.2,0.558,15.0,0.058,0,0,0,0.92,24482.06,13
2023-11,2023-11-01,CN,Volkswagen Group,127494,139.41,11678.1,12793.36,30073.47,35.97,0.0992,3.64,120.7,3.14,24.57,11.5,2912.2,0.558,15.0,0.058,0,0,0,0.29,39867.64,6
2023-11,2023-11-01,CN,Hyundai-Kia Group,151474,139.41,11678.1,12793.36,30073.47,35.97,0.0992,3.64,120.7,3.14,24.57,11.5,2912.2,0.558,15.0,0.058,0,0,0,0.38,36489.45,7
2023-11,2023-11-01,CN,BMW Group,101087,139.41,11678.1,12793.36,30073.47,35.97,0.0992,3.64,120.7,3.14,24.57,11.5,2912.2,0.558,15.0,0.058,0,0,0,0.1,54688.79,5
2023-11,2023-11-01,CN,Mercedes-Benz Group,103551,139.41,11678.1,12793.36,30073.47,35.97,0.0992,3.64,120.7,3.14,24.57,11.5,2912.2,0.558,15.0,0.058,0,0,0,0.08,62463.93,5
2023-11,2023-11-01,CN,Toyota,61388,139.41,11678.1,12793.36,30073.47,35.97,0.0992,3.64,120.7,3.14,24.57,11.5,2912.2,0.558,15.0,0.058,0,0,0,0.05,39000.0,2
2023-12,2023-12-01,US,Tesla,96074,136.23,8000.0,12879.38,30786.97,35.0,0.1629,3.83,121.88,3.39,24.97,10.6,955.9,0.314,2.5,0.073,0,0,0,0.5,43404.22,5
2023-12,2023-12-01,US,BYD,59456,136.23,8000.0,12879.38,30786.97,35.0,0.1629,3.83,121.88,3.39,24.97,10.6,955.9,0.314,27.5,0.073,0,0,0,0.92,23786.02,13
2023-12,2023-12-01,US,Volkswagen Group,61384,136.23,8000.0,12879.38,30786.97,35.0,0.1629,3.83,121.88,3.39,24.97,10.6,955.9,0.314,2.5,0.073,0,0,0,0.29,40395.85,6
2023-12,2023-12-01,US,Hyundai-Kia Group,58415,136.23,8000.0,12879.38,30786.97,35.0,0.1629,3.83,121.88,3.39,24.97,10.6,955.9,0.314,2.5,0.073,0,0,0,0.39,36983.85,7
2023-12,2023-12-01,US,BMW Group,62523,136.23,8000.0,12879.38,30786.97,35.0,0.1629,3.83,121.88,3.39,24.97,10.6,955.9,0.314,2.5,0.073,0,0,0,0.1,55182.03,5
2023-12,2023-12-01,US,Mercedes-Benz Group,46128,136.23,8000.0,12879.38,30786.97,35.0,0.1629,3.83,121.88,3.39,24.97,10.6,955.9,0.314,2.5,0.073,0,0,0,0.08,63389.42,5
2023-12,2023-12-01,US,Toyota,31661,136.23,8000.0,12879.38,30786.97,35.0,0.1629,3.83,121.88,3.39,24.97,10.6,955.9,0.314,2.5,0.073,0,0,0,0.05,39000.0,2
2023-12,2023-12-01,EU,Tesla,79073,136.23,8000.0,12879.38,30786.97,35.0,0.407,3.83,121.88,3.39,24.05,10.6,1440.1,0.297,10.0,0.07,0,0,0,0.5,41912.33,5
2023-12,2023-12-01,EU,BYD,97222,136.23,8000.0,12879.38,30786.97,35.0,0.407,3.83,121.88,3.39,24.05,10.6,1440.1,0.297,10.0,0.07,0,0,0,0.92,24051.26,13
2023-12,2023-12-01,EU,Volkswagen Group,66817,136.23,8000.0,12879.38,30786.97,35.0,0.407,3.83,121.88,3.39,24.05,10.6,1440.1,0.297,10.0,0.07,0,0,0,0.29,40583.38,6
2023-12,2023-12-01,EU,Hyundai-Kia Group,48132,136.23,8000.0,12879.38,30786.97,35.0,0.407,3.83,121.88,3.39,24.05,10.6,1440.1,0.297,10.0,0.07,0,0,0,0.39,36785.3,7
2023-12,2023-12-01,EU,BMW Group,42695,136.23,8000.0,12879.38,30786.97,35.0,0.407,3.83,121.88,3.39,24.05,10.6,1440.1,0.297,10.0,0.07,0,0,0,0.1,55000.19,5
2023-12,2023-12-01,EU,Mercedes-Benz Group,32575,136.23,8000.0,12879.38,30786.97,35.0,0.407,3.83,121.88,3.39,24.05,10.6,1440.1,0.297,10.0,0.07,0,0,0,0.08,64746.63,5
2023-12,2023-12-01,EU,Toyota,26694,136.23,8000.0,12879.38,30786.97,35.0,0.407,3.83,121.88,3.39,24.05,10.6,1440.1,0.297,10.0,0.07,0,0,0,0.05,39000.0,2
2023-12,2023-12-01,CN,Tesla,220508,136.23,8000.0,12879.38,30786.97,35.0,0.0994,3.83,121.88,3.39,24.08,10.6,2989.9,0.561,15.0,0.056,0,0,0,0.65,43239.31,5
2023-12,2023-12-01,CN,BYD,303470,136.23,8000.0,12879.38,30786.97,35.0,0.0994,3.83,121.88,3.39,24.08,10.6,2989.9,0.561,15.0,0.056,0,0,0,0.92,24466.75,13
2023-12,2023-12-01,CN,Volkswagen Group,141002,136.23,8000.0,12879.38,30786.97,35.0,0.0994,3.83,121.88,3.39,24.08,10.6,2989.9,0.561,15.0,0.056,0,0,0,0.29,40729.43,6
2023-12,2023-12-01,CN,Hyundai-Kia Group,124140,136.23,8000.0,12879.38,30786.97,35.0,0.0994,3.83,121.88,3.39,24.08,10.6,2989.9,0.561,15.0,0.056,0,0,0,0.39,36519.73,7
2023-12,2023-12-01,CN,BMW Group,99090,136.23,8000.0,12879.38,30786.97,35.0,0.0994,3.83,121.88,3.39,24.08,10.6,2989.9,0.561,15.0,0.056,0,0,0,0.1,55058.21,5
2023-12,2023-12-01,CN,Mercedes-Benz Group,109664,136.23,8000.0,12879.38,30786.97,35.0,0.0994,3.83,121.88,3.39,24.08,10.6,2989.9,0.561,15.0,0.056,0,0,0,0.08,62599.18,5
2023-12,2023-12-01,CN,Toyota,53828,136.23,8000.0,12879.38,30786.97,35.0,0.0994,3.83,121.88,3.39,24.08,10.6,2989.9,0.561,15.0,0.056,0,0,0,0.05,39000.0,2
2024-01,2024-01-01,US,Tesla,40454,118.79,14052.78,14613.11,29679.65,35.0,0.1636,4.0,121.45,2.91,31.07,12.6,969.6,0.316,100.0,0.072,1,0,0,0.5,41927.83,5
2024-01,2024-01-01,US,BYD,11680,118.79,14052.78,14613.11,29679.65,35.0,0.1636,4.0,121.45,2.91,31.07,12.6,969.6,0.316,102.5,0.072,1,0,0,0.92,24218.58,14
2024-01,2024-01-01,US,Volkswagen Group,19418,118.79,14052.78,14613.11,29679.65,35.0,0.1636,4.0,121.45,2.91,31.07,12.6,969.6,0.316,100.0,0.072,1,0,0,0.29,40518.83,7
2024-01,2024-01-01,US,Hyundai-Kia Group,24884,118.79,14052.78,14613.11,29679.65,35.0,0.1636,4.0,121.45,2.91,31.07,12.6,969.6,0.316,100.0,0.072,1,0,0,0.39,36940.61,7
2024-01,2024-01-01,US,BMW Group,14691,118.79,14052.78,14613.11,29679.65,35.0,0.1636,4.0,121.45,2.91,31.07,12.6,969.6,0.316,100.0,0.072,1,0,0,0.1,54999.11,5
2024-01,2024-01-01,US,Mercedes-Benz Group,13806,118.79,14052.78,14613.11,29679.65,35.0,0.1636,4.0,121.45,2.91,31.07,12.6,969.6,0.316,100.0,0.072,1,0,0,0.08,63079.04,5
2024-01,2024-01-01,US,Toyota,7072,118.79,14052.78,14613.11,29679.65,35.0,0.1636,4.0,121.45,2.91,31.07,12.6,969.6,0.316,100.0,0.072,1,0,0,0.05,39000.0,2
2024-01,2024-01-01,EU,Tesla,84014,118.79,14052.78,14613.11,29679.65,35.0,0.288,4.0,121.45,2.91,33.05,12.6,1477.2,0.3,21.0,0.068,0,0,0,0.5,42967.91,5
2024-01,2024-01-01,EU,BYD,79072,118.79,14052.78,14613.11,29679.65,35.0,0.288,4.0,121.45,2.91,33.05,12.6,1477.2,0.3,27.0,0.068,0,0,0,0.92,24636.72,14
2024-01,2024-01-01,EU,Volkswagen Group,67113,118.79,14052.78,14613.11,29679.65,35.0,0.288,4.0,121.45,2.91,33.05,12.6,1477.2,0.3,21.0,0.068,0,0,0,0.29,40724.18,7
2024-01,2024-01-01,EU,Hyundai-Kia Group,63009,118.79,14052.78,14613.11,29679.65,35.0,0.288,4.0,121.45,2.91,33.05,12.6,1477.2,0.3,21.0,0.068,0,0,0,0.39,36335.56,7
2024-01,2024-01-01,EU,BMW Group,37865,118.79,14052.78,14613.11,29679.65,35.0,0.288,4.0,121.45,2.91,33.05,12.6,1477.2,0.3,21.0,0.068,0,0,0,0.1,55538.74,5
2024-01,2024-01-01,EU,Mercedes-Benz Group,35862,118.79,14052.78,14613.11,29679.65,35.0,0.288,4.0,121.45,2.91,33.05,12.6,1477.2,0.3,21.0,0.068,0,0,0,0.08,62216.41,5
2024-01,2024-01-01,EU,Toyota,22177,118.79,14052.78,14613.11,29679.65,35.0,0.288,4.0,121.45,2.91,33.05,12.6,1477.2,0.3,21.0,0.068,0,0,0,0.05,39000.0,2
2024-01,2024-01-01,CN,Tesla,199415,118.79,14052.78,14613.11,29679.65,35.0,0.0996,4.0,121.45,2.91,32.87,12.6,3014.9,0.564,15.0,0.054,0,0,0,0.65,43089.98,5
2024-01,2024-01-01,CN,BYD,284329,118.79,14052.78,14613.11,29679.65,35.0,0.0996,4.0,121.45,2.91,32.87,12.6,3014.9,0.564,15.0,0.054,0,0,0,0.92,24457.19,14
2024-01,2024-01-01,CN,Volkswagen Group,107820,118.79,14052.78,14613.11,29679.65,35.0,0.0996,4.0,121.45,2.91,32.87,12.6,3014.9,0.564,15.0,0.054,0,0,0,0.29,39746.99,7
2024-01,2024-01-01,CN,Hyundai-Kia Group,117810,118.79,14052.78,14613.11,29679.65,35.0,0.0996,4.0,121.45,2.91,32.87,12.6,3014.9,0.564,15.0,0.054,0,0,0,0.39,37403.72,7
2024-01,2024-01-01,CN,BMW Group,83873,118.79,14052.78,14613.11,29679.65,35.0,0.0996,4.0,121.45,2.91,32.87,12.6,3014.9,0.564,15.0,0.054,0,0,0,0.1,54611.42,5
2024-01,2024-01-01,CN,Mercedes-Benz Group,71542,118.79,14052.78,14613.11,29679.65,35.0,0.0996,4.0,121.45,2.91,32.87,12.6,3014.9,0.564,15.0,0.054,0,0,0,0.08,61728.29,5
2024-01,2024-01-01,CN,Toyota,45575,118.79,14052.78,14613.11,29679.65,35.0,0.0996,4.0,121.45,2.91,32.87,12.6,3014.9,0.564,15.0,0.054,0,0,0,0.05,39000.0,2
2024-02,2024-02-01,US,Tesla,35290,122.29,12898.97,15642.07,32876.51,35.0,0.1643,4.0,121.85,3.41,32.71,10.9,999.4,0.318,100.0,0.071,1,0,0,0.5,42396.63,5
2024-02,2024-02-01,US,BYD,16065,122.29,12898.97,15642.07,32876.51,35.0,0.1643,4.0,121.85,3.41,32.71,10.9,999.4,0.318,102.5,0.071,1,0,0,0.92,24181.48,14
2024-02,2024-02-01,US,Volkswagen Group,17308,122.29,12898.97,15642.07,32876.51,35.0,0.1643,4.0,121.85,3.41,32.71,10.9,999.4,0.318,100.0,0.071,1,0,0,0.3,39700.66,7
2024-02,2024-02-01,US,Hyundai-Kia Group,31028,122.29,12898.97,15642.07,32876.51,35.0,0.1643,4.0,121.85,3.41,32.71,10.9,999.4,0.318,100.0,0.071,1,0,0,0.4,36043.14,7
2024-02,2024-02-01,US,BMW Group,15436,122.29,12898.97,15642.07,32876.51,35.0,0.1643,4.0,121.85,3.41,32.71,10.9,999.4,0.318,100.0,0.071,1,0,0,0.1,54320.49,5
2024-02,2024-02-01,US,Mercedes-Benz Group,11515,122.29,12898.97,15642.07,32876.51,35.0,0.1643,4.0,121.85,3.41,32.71,10.9,999.4,0.318,100.0,0.071,1,0,0,0.08,63050.5,5
2024-02,2024-02-01,US,Toyota,8200,122.29,12898.97,15642.07,32876.51,35.0,0.1643,4.0,121.85,3.41,32.71,10.9,999.4,0.318,100.0,0.071,1,0,0,0.05,39000.0,2
2024-02,2024-02-01,EU,Tesla,63753,122.29,12898.97,15642.07,32876.51,35.0,0.289,4.0,121.85,3.41,31.85,10.9,1501.9,0.302,21.0,0.067,0,0,0,0.5,41615.72,5
2024-02,2024-02-01,EU,BYD,68233,122.29,12898.97,15642.07,32876.51,35.0,0.289,4.0,121.85,3.41,31.85,10.9,1501.9,0.302,27.0,0.067,0,0,0,0.92,24554.9,14
2024-02,2024-02-01,EU,Volkswagen Group,64695,122.29,12898.97,15642.07,32876.51,35.0,0.289,4.0,121.85,3.41,31.85,10.9,1501.9,0.302,21.0,0.067,0,0,0,0.3,40118.14,7
2024-02,2024-02-01,EU,Hyundai-Kia Group,53663,122.29,12898.97,15642.07,32876.51,35.0,0.289,4.0,121.85,3.41,31.85,10.9,1501.9,0.302,21.0,0.067,0,0,0,0.4,36861.66,7
2024-02,2024-02-01,EU,BMW Group,45564,122.29,12898.97,15642.07,32876.51,35.0,0.289,4.0,121.85,3.41,31.85,10.9,1501.9,0.302,21.0,0.067,0,0,0,0.1,54862.33,5
2024-02,2024-02-01,EU,Mercedes-Benz Group,37567,122.29,12898.97,15642.07,32876.51,35.0,0.289,4.0,121.85,3.41,31.85,10.9,1501.9,0.302,21.0,0.067,0,0,0,0.08,62818.05,5
2024-02,2024-02-01,EU,Toyota,23370,122.29,12898.97,15642.07,32876.51,35.0,0.289,4.0,121.85,3.41,31.85,10.9,1501.9,0.302,21.0,0.067,0,0,0,0.05,39000.0,2
2024-02,2024-02-01,CN,Tesla,154090,122.29,12898.97,15642.07,32876.51,35.0,0.0998,4.0,121.85,3.41,33.41,10.9,3016.6,0.567,15.0,0.052,0,0,0,0.65,42426.23,5
2024-02,2024-02-01,CN,BYD,250936,122.29,12898.97,15642.07,32876.51,35.0,0.0998,4.0,121.85,3.41,33.41,10.9,3016.6,0.567,15.0,0.052,0,0,0,0.92,24376.78,14
2024-02,2024-02-01,CN,Volkswagen Group,106221,122.29,12898.97,15642.07,32876.51,35.0,0.0998,4.0,121.85,3.41,33.41,10.9,3016.6,0.567,15.0,0.052,0,0,0,0.3,40026.2,7
2024-02,2024-02-01,CN,Hyundai-Kia Group,136700,122.29,12898.97,15642.07,32876.51,35.0,0.0998,4.0,121.85,3.41,33.41,10.9,3016.6,0.567,15.0,0.052,0,0,0,0.4,37162.55,7
2024-02,2024-02-01,CN,BMW Group,97022,122.29,12898.97,15642.07,32876.51,35.0,0.0998,4.0,121.85,3.41,33.41,10.9,3016.6,0.567,15.0,0.052,0,0,0,0.1,54272.67,5
2024-02,2024-02-01,CN,Mercedes-Benz Group,81745,122.29,12898.97,15642.07,32876.51,35.0,0.0998,4.0,121.85,3.41,33.41,10.9,3016.6,0.567,15.0,0.052,0,0,0,0.08,63613.15,5
2024-02,2024-02-01,CN,Toyota,54329,122.29,12898.97,15642.07,32876.51,35.0,0.0998,4.0,121.85,3.41,33.41,10.9,3016.6,0.567,15.0,0.052,0,0,0,0.05,39000.0,2
2024-03,2024-03-01,US,Tesla,32892,118.79,17145.38,15983.87,36971.58,35.0,0.165,3.88,122.97,3.0,30.64,13.5,1010.0,0.32,100.0,0.07,1,0,0,0.5,42183.82,5
2024-03,2024-03-01,US,BYD,17318,118.79,17145.38,15983.87,36971.58,35.0,0.165,3.88,122.97,3.0,30.64,13.5,1010.0,0.32,102.5,0.07,1,0,0,0.92,24687.65,14
2024-03,2024-03-01,US,Volkswagen Group,17304,118.79,17145.38,15983.87,36971.58,35.0,0.165,3.88,122.97,3.0,30.64,13.5,1010.0,0.32,100.0,0.07,1,0,0,0.3,39763.06,7
2024-03,2024-03-01,US,Hyundai-Kia Group,27466,118.79,17145.38,15983.87,36971.58,35.0,0.165,3.88,122.97,3.0,30.64,13.5,1010.0,0.32,100.0,0.07,1,0,0,0.4,37281.66,8
2024-03,2024-03-01,US,BMW Group,17971,118.79,17145.38,15983.87,36971.58,35.0,0.165,3.88,122.97,3.0,30.64,13.5,1010.0,0.32,100.0,0.07,1,0,0,0.1,54364.66,5
2024-03,2024-03-01,US,Mercedes-Benz Group,13044,118.79,17145.38,15983.87,36971.58,35.0,0.165,3.88,122.97,3.0,30.64,13.5,1010.0,0.32,100.0,0.07,1,0,0,0.08,64070.07,5
2024-03,2024-03-01,US,Toyota,9058,118.79,17145.38,15983.87,36971.58,35.0,0.165,3.88,122.97,3.0,30.64,13.5,1010.0,0.32,100.0,0.07,1,0,0,0.05,39000.0,2
2024-03,2024-03-01,EU,Tesla,94093,118.79,17145.38,15983.87,36971.58,35.0,0.29,3.88,122.97,3.0,31.43,13.5,1540.1,0.305,21.0,0.065,0,0,0,0.5,41757.35,5
2024-03,2024-03-01,EU,BYD,89172,118.79,17145.38,15983.87,36971.58,35.0,0.29,3.88,122.97,3.0,31.43,13.5,1540.1,0.305,27.0,0.065,0,0,0,0.92,25005.5,14
2024-03,2024-03-01,EU,Volkswagen Group,85267,118.79,17145.38,15983.87,36971.58,35.0,0.29,3.88,122.97,3.0,31.43,13.5,1540.1,0.305,21.0,0.065,0,0,0,0.3,39648.07,7
2024-03,2024-03-01,EU,Hyundai-Kia Group,53774,118.79,17145.38,15983.87,36971.58,35.0,0.29,3.88,122.97,3.0,31.43,13.5,1540.1,0.305,21.0,0.065,0,0,0,0.4,36287.61,8
2024-03,2024-03-01,EU,BMW Group,50594,118.79,17145.38,15983.87,36971.58,35.0,0.29,3.88,122.97,3.0,31.43,13.5,1540.1,0.305,21.0,0.065,0,0,0,0.1,55205.4,5
2024-03,2024-03-01,EU,Mercedes-Benz Group,38245,118.79,17145.38,15983.87,36971.58,35.0,0.29,3.88,122.97,3.0,31.43,13.5,1540.1,0.305,21.0,0.065,0,0,0,0.08,63183.18,5
2024-03,2024-03-01,EU,Toyota,23672,118.79,17145.38,15983.87,36971.58,35.0,0.29,3.88,122.97,3.0,31.43,13.5,1540.1,0.305,21.0,0.065,0,0,0,0.05,39000.0,2
2024-03,2024-03-01,CN,Tesla,169340,118.79,17145.38,15983.87,36971.58,35.0,0.1,3.88,122.97,3.0,32.99,13.5,3101.1,0.57,15.0,0.05,0,0,0,0.65,40735.22,5
2024-03,2024-03-01,CN,BYD,221352,118.79,17145.38,15983.87,36971.58,35.0,0.1,3.88,122.97,3.0,32.99,13.5,3101.1,0.57,15.0,0.05,0,0,0,0.92,24572.4,14
2024-03,2024-03-01,CN,Volkswagen Group,100372,118.79,17145.38,15983.87,36971.58,35.0,0.1,3.88,122.97,3.0,32.99,13.5,3101.1,0.57,15.0,0.05,0,0,0,0.3,40154.53,7
2024-03,2024-03-01,CN,Hyundai-Kia Group,146160,118.79,17145.38,15983.87,36971.58,35.0,0.1,3.88,122.97,3.0,32.99,13.5,3101.1,0.57,15.0,0.05,0,0,0,0.4,37202.19,8
2024-03,2024-03-01,CN,BMW Group,89135,118.79,17145.38,15983.87,36971.58,35.0,0.1,3.88,122.97,3.0,32.99,13.5,3101.1,0.57,15.0,0.05,0,0,0,0.1,54720.52,5
2024-03,2024-03-01,CN,Mercedes-Benz Group,74511,118.79,17145.38,15983.87,36971.58,35.0,0.1,3.88,122.97,3.0,32.99,13.5,3101.1,0.57,15.0,0.05,0,0,0,0.08,62440.84,5
2024-03,2024-03-01,CN,Toyota,49553,118.79,17145.38,15983.87,36971.58,35.0,0.1,3.88,122.97,3.0,32.99,13.5,3101.1,0.57,15.0,0.05,0,0,0,0.05,39000.0,2
2024-04,2024-04-01,US,Tesla,41913,116.14,11697.45,17356.2,37480.03,35.0,0.1657,3.86,123.03,3.22,31.67,12.0,1024.0,0.322,100.0,0.069,1,0,0,0.5,41781.77,5
2024-04,2024-04-01,US,BYD,15477,116.14,11697.45,17356.2,37480.03,35.0,0.1657,3.86,123.03,3.22,31.67,12.0,1024.0,0.322,102.5,0.069,1,0,0,0.92,24326.03,14
2024-04,2024-04-01,US,Volkswagen Group,16318,116.14,11697.45,17356.2,37480.03,35.0,0.1657,3.86,123.03,3.22,31.67,12.0,1024.0,0.322,100.0,0.069,1,0,0,0.3,39300.55,7
2024-04,2024-04-01,US,Hyundai-Kia Group,28731,116.14,11697.45,17356.2,37480.03,35.0,0.1657,3.86,123.03,3.22,31.67,12.0,1024.0,0.322,100.0,0.069,1,0,0,0.4,36296.05,8
2024-04,2024-04-01,US,BMW Group,15159,116.14,11697.45,17356.2,37480.03,35.0,0.1657,3.86,123.03,3.22,31.67,12.0,1024.0,0.322,100.0,0.069,1,0,0,0.1,54795.1,5
2024-04,2024-04-01,US,Mercedes-Benz Group,14700,116.14,11697.45,17356.2,37480.03,35.0,0.1657,3.86,123.03,3.22,31.67,12.0,1024.0,0.322,100.0,0.069,1,0,0,0.08,62833.55,5
2024-04,2024-04-01,US,Toyota,7590,116.14,11697.45,17356.2,37480.03,35.0,0.1657,3.86,123.03,3.22,31.67,12.0,1024.0,0.322,100.0,0.069,1,0,0,0.05,39000.0,2
2024-04,2024-04-01,EU,Tesla,80639,116.14,11697.45,17356.2,37480.03,35.0,0.291,3.86,123.03,3.22,31.04,12.0,1524.0,0.307,21.0,0.064,0,0,0,0.5,41636.4,5
2024-04,2024-04-01,EU,BYD,74392,116.14,11697.45,17356.2,37480.03,35.0,0.291,3.86,123.03,3.22,31.04,12.0,1524.0,0.307,27.0,0.064,0,0,0,0.92,24319.0,14
2024-04,2024-04-01,EU,Volkswagen Group,71147,116.14,11697.45,17356.2,37480.03,35.0,0.291,3.86,123.03,3.22,31.04,12.0,1524.0,0.307,21.0,0.064,0,0,0,0.3,39737.55,7
2024-04,2024-04-01,EU,Hyundai-Kia Group,54259,116.14,11697.45,17356.2,37480.03,35.0,0.291,3.86,123.03,3.22,31.04,12.0,1524.0,0.307,21.0,0.064,0,0,0,0.4,36648.01,8
2024-04,2024-04-01,EU,BMW Group,38930,116.14,11697.45,17356.2,37480.03,35.0,0.291,3.86,123.03,3.22,31.04,12.0,1524.0,0.307,21.0,0.064,0,0,0,0.1,54692.2,5
2024-04,2024-04-01,EU,Mercedes-Benz Group,34058,116.14,11697.45,17356.2,37480.03,35.0,0.291,3.86,123.03,3.22,31.04,12.0,1524.0,0.307,21.0,0.064,0,0,0,0.08,62424.85,5
2024-04,2024-04-01,EU,Toyota,25043,116.14,11697.45,17356.2,37480.03,35.0,0.291,3.86,123.03,3.22,31.04,12.0,1524.0,0.307,21.0,0.064,0,0,0,0.05,39000.0,2
2024-04,2024-04-01,CN,Tesla,232787,116.14,11697.45,17356.2,37480.03,35.0,0.1002,3.86,123.03,3.22,31.86,12.0,3100.4,0.573,15.0,0.048,0,0,1,0.65,42030.55,5
2024-04,2024-04-01,CN,BYD,343922,116.14,11697.45,17356.2,37480.03,35.0,0.1002,3.86,123.03,3.22,31.86,12.0,3100.4,0.573,15.0,0.048,0,0,1,0.92,25357.91,14
2024-04,2024-04-01,CN,Volkswagen Group,131963,116.14,11697.45,17356.2,37480.03,35.0,0.1002,3.86,123.03,3.22,31.86,12.0,3100.4,0.573,15.0,0.048,0,0,1,0.3,39518.38,7
2024-04,2024-04-01,CN,Hyundai-Kia Group,155528,116.14,11697.45,17356.2,37480.03,35.0,0.1002,3.86,123.03,3.22,31.86,12.0,3100.4,0.573,15.0,0.048,0,0,1,0.4,35699.5,8
2024-04,2024-04-01,CN,BMW Group,131455,116.14,11697.45,17356.2,37480.03,35.0,0.1002,3.86,123.03,3.22,31.86,12.0,3100.4,0.573,15.0,0.048,0,0,1,0.1,54440.17,5
2024-04,2024-04-01,CN,Mercedes-Benz Group,100656,116.14,11697.45,17356.2,37480.03,35.0,0.1002,3.86,123.03,3.22,31.86,12.0,3100.4,0.573,15.0,0.048,0,0,1,0.08,62010.37,5
2024-04,2024-04-01,CN,Toyota,58640,116.14,11697.45,17356.2,37480.03,35.0,0.1002,3.86,123.03,3.22,31.86,12.0,3100.4,0.573,15.0,0.048,0,0,1,0.05,39000.0,2
2024-05,2024-05-01,US,Tesla,52382,117.96,14909.22,19553.52,38843.43,35.0,0.1664,3.98,122.82,2.87,30.78,12.8,1033.5,0.324,100.0,0.068,1,0,0,0.5,41733.8,5
2024-05,2024-05-01,US,BYD,15594,117.96,14909.22,19553.52,38843.43,35.0,0.1664,3.98,122.82,2.87,30.78,12.8,1033.5,0.324,102.5,0.068,1,0,0,0.92,24974.07,14
2024-05,2024-05-01,US,Volkswagen Group,16461,117.96,14909.22,19553.52,38843.43,35.0,0.1664,3.98,122.82,2.87,30.78,12.8,1033.5,0.324,100.0,0.068,1,0,0,0.31,40220.58,7
2024-05,2024-05-01,US,Hyundai-Kia Group,26353,117.96,14909.22,19553.52,38843.43,35.0,0.1664,3.98,122.82,2.87,30.78,12.8,1033.5,0.324,100.0,0.068,1,0,0,0.41,35638.45,8
2024-05,2024-05-01,US,BMW Group,14686,117.96,14909.22,19553.52,38843.43,35.0,0.1664,3.98,122.82,2.87,30.78,12.8,1033.5,0.324,100.0,0.068,1,0,0,0.1,55817.73,5
2024-05,2024-05-01,US,Mercedes-Benz Group,12689,117.96,14909.22,19553.52,38843.43,35.0,0.1664,3.98,122.82,2.87,30.78,12.8,1033.5,0.324,100.0,0.068,1,0,0,0.08,62205.29,5
2024-05,2024-05-01,US,Toyota,10325,117.96,14909.22,19553.52,38843.43,35.0,0.1664,3.98,122.82,2.87,30.78,12.8,1033.5,0.324,100.0,0.068,1,0,0,0.05,39000.0,2
2024-05,2024-05-01,EU,Tesla,77727,117.96,14909.22,19553.52,38843.43,35.0,0.292,3.98,122.82,2.87,35.13,12.8,1588.4,0.31,21.0,0.062,0,0,0,0.5,41680.48,5
2024-05,2024-05-01,EU,BYD,93114,117.96,14909.22,19553.52,38843.43,35.0,0.292,3.98,122.82,2.87,35.13,12.8,1588.4,0.31,27.0,0.062,0,0,0,0.92,24145.01,14
2024-05,2024-05-01,EU,Volkswagen Group,63720,117.96,14909.22,19553.52,38843.43,35.0,0.292,3.98,122.82,2.87,35.13,12.8,1588.4,0.31,21.0,0.062,0,0,0,0.31,39372.89,7
2024-05,2024-05-01,EU,Hyundai-Kia Group,48207,117.96,14909.22,19553.52,38843.43,35.0,0.292,3.98,122.82,2.87,35.13,12.8,1588.4,0.31,21.0,0.062,0,0,0,0.41,35881.08,8
2024-05,2024-05-01,EU,BMW Group,36072,117.96,14909.22,19553.52,38843.43,35.0,0.292,3.98,122.82,2.87,35.13,12.8,1588.4,0.31,21.0,0.062,0,0,0,0.1,54377.64,5
2024-05,2024-05-01,EU,Mercedes-Benz Group,31487,117.96,14909.22,19553.52,38843.43,35.0,0.292,3.98,122.82,2.87,35.13,12.8,1588.4,0.31,21.0,0.062,0,0,0,0.08,61968.7,5
2024-05,2024-05-01,EU,Toyota,23214,117.96,14909.22,19553.52,38843.43,35.0,0.292,3.98,122.82,2.87,35.13,12.8,1588.4,0.31,21.0,0.062,0,0,0,0.05,39000.0,2
2024-05,2024-05-01,CN,Tesla,204634,117.96,14909.22,19553.52,38843.43,35.0,0.1004,3.98,122.82,2.87,32.73,12.8,3162.4,0.576,15.0,0.046,0,0,1,0.65,42368.98,5
2024-05,2024-05-01,CN,BYD,306593,117.96,14909.22,19553.52,38843.43,35.0,0.1004,3.98,122.82,2.87,32.73,12.8,3162.4,0.576,15.0,0.046,0,0,1,0.92,24384.62,14
2024-05,2024-05-01,CN,Volkswagen Group,130584,117.96,14909.22,19553.52,38843.43,35.0,0.1004,3.98,122.82,2.87,32.73,12.8,3162.4,0.576,15.0,0.046,0,0,1,0.31,40311.89,7
2024-05,2024-05-01,CN,Hyundai-Kia Group,159065,117.96,14909.22,19553.52,38843.43,35.0,0.1004,3.98,122.82,2.87,32.73,12.8,3162.4,0.576,15.0,0.046,0,0,1,0.41,36107.51,8
2024-05,2024-05-01,CN,BMW Group,122159,117.96,14909.22,19553.52,38843.43,35.0,0.1004,3.98,122.82,2.87,32.73,12.8,3162.4,0.576,15.0,0.046,0,0,1,0.1,54218.62,5
2024-05,2024-05-01,CN,Mercedes-Benz Group,94021,117.96,14909.22,19553.52,38843.43,35.0,0.1004,3.98,122.82,2.87,32.73,12.8,3162.4,0.576,15.0,0.046,0,0,1,0.08,62726.89,5
2024-05,2024-05-01,CN,Toyota,55103,117.96,14909.22,19553.52,38843.43,35.0,0.1004,3.98,122.82,2.87,32.73,12.8,3162.4,0.576,15.0,0.046,0,0,1,0.05,39000.0,2
2024-06,2024-06-01,US,Tesla,32345,117.17,14092.88,19910.56,37696.53,35.0,0.1671,3.89,123.84,2.59,32.68,11.1,1041.8,0.326,100.0,0.067,1,0,0,0.5,41546.34,5
2024-06,2024-06-01,US,BYD,14476,117.17,14092.88,19910.56,37696.53,35.0,0.1671,3.89,123.84,2.59,32.68,11.1,1041.8,0.326,102.5,0.067,1,0,0,0.92,24013.79,14
2024-06,2024-06-01,US,Volkswagen Group,12259,117.17,14092.88,19910.56,37696.53,35.0,0.1671,3.89,123.84,2.59,32.68,11.1,1041.8,0.326,100.0,0.067,1,0,0,0.31,39943.07,7
2024-06,2024-06-01,US,Hyundai-Kia Group,27394,117.17,14092.88,19910.56,37696.53,35.0,0.1671,3.89,123.84,2.59,32.68,11.1,1041.8,0.326,100.0,0.067,1,0,0,0.41,36030.11,8
2024-06,2024-06-01,US,BMW Group,14362,117.17,14092.88,19910.56,37696.53,35.0,0.1671,3.89,123.84,2.59,32.68,11.1,1041.8,0.326,100.0,0.067,1,0,0,0.1,55653.0,5
2024-06,2024-06-01,US,Mercedes-Benz Group,13258,117.17,14092.88,19910.56,37696.53,35.0,0.1671,3.89,123.84,2.59,32.68,11.1,1041.8,0.326,100.0,0.067,1,0,0,0.08,62656.39,5
2024-06,2024-06-01,US,Toyota,6352,117.17,14092.88,19910.56,37696.53,35.0,0.1671,3.89,123.84,2.59,32.68,11.1,1041.8,0.326,100.0,0.067,1,0,0,0.05,39000.0,2
2024-06,2024-06-01,EU,Tesla,132704,117.17,14092.88,19910.56,37696.53,35.0,0.293,3.89,123.84,2.59,32.59,11.1,1597.5,0.312,21.0,0.061,0,0,0,0.5,41894.13,5
2024-06,2024-06-01,EU,BYD,106586,117.17,14092.88,19910.56,37696.53,35.0,0.293,3.89,123.84,2.59,32.59,11.1,1597.5,0.312,27.0,0.061,0,0,0,0.92,24024.77,14
2024-06,2024-06-01,EU,Volkswagen Group,70967,117.17,14092.88,19910.56,37696.53,35.0,0.293,3.89,123.84,2.59,32.59,11.1,1597.5,0.312,21.0,0.061,0,0,0,0.31,39645.02,7
2024-06,2024-06-01,EU,Hyundai-Kia Group,54299,117.17,14092.88,19910.56,37696.53,35.0,0.293,3.89,123.84,2.59,32.59,11.1,1597.5,0.312,21.0,0.061,0,0,0,0.41,36211.8,8
2024-06,2024-06-01,EU,BMW Group,44579,117.17,14092.88,19910.56,37696.53,35.0,0.293,3.89,123.84,2.59,32.59,11.1,1597.5,0.312,21.0,0.061,0,0,0,0.1,54478.1,5
2024-06,2024-06-01,EU,Mercedes-Benz Group,40637,117.17,14092.88,19910.56,37696.53,35.0,0.293,3.89,123.84,2.59,32.59,11.1,1597.5,0.312,21.0,0.061,0,0,0,0.08,61136.26,5
2024-06,2024-06-01,EU,Toyota,22229,117.17,14092.88,19910.56,37696.53,35.0,0.293,3.89,123.84,2.59,32.59,11.1,1597.5,0.312,21.0,0.061,0,0,0,0.05,39000.0,2
2024-06,2024-06-01,CN,Tesla,217683,117.17,14092.88,19910.56,37696.53,35.0,0.1006,3.89,123.84,2.59,31.79,11.1,3206.7,0.579,15.0,0.044,0,0,1,0.65,42268.57,5
2024-06,2024-06-01,CN,BYD,307951,117.17,14092.88,19910.56,37696.53,35.0,0.1006,3.89,123.84,2.59,31.79,11.1,3206.7,0.579,15.0,0.044,0,0,1,0.92,24757.54,14
2024-06,2024-06-01,CN,Volkswagen Group,147741,117.17,14092.88,19910.56,37696.53,35.0,0.1006,3.89,123.84,2.59,31.79,11.1,3206.7,0.579,15.0,0.044,0,0,1,0.31,40063.17,7
2024-06,2024-06-01,CN,Hyundai-Kia Group,156749,117.17,14092.88,19910.56,37696.53,35.0,0.1006,3.89,123.84,2.59,31.79,11.1,3206.7,0.579,15.0,0.044,0,0,1,0.41,36969.44,8
2024-06,2024-06-01,CN,BMW Group,121486,117.17,14092.88,19910.56,37696.53,35.0,0.1006,3.89,123.84,2.59,31.79,11.1,3206.7,0.579,15.0,0.044,0,0,1,0.1,55221.19,5
2024-06,2024-06-01,CN,Mercedes-Benz Group,95457,117.17,14092.88,19910.56,37696.53,35.0,0.1006,3.89,123.84,2.59,31.79,11.1,3206.7,0.579,15.0,0.044,0,0,1,0.08,63386.7,5
2024-06,2024-06-01,CN,Toyota,71598,117.17,14092.88,19910.56,37696.53,35.0,0.1006,3.89,123.84,2.59,31.79,11.1,3206.7,0.579,15.0,0.044,0,0,1,0.05,39000.0,2
2024-07,2024-07-01,US,Tesla,48429,115.27,13747.96,19692.11,39994.68,35.0,0.1678,4.11,124.6,2.77,33.82,11.5,1054.1,0.328,100.0,0.066,1,0,0,0.5,41958.02,5
2024-07,2024-07-01,US,BYD,14528,115.27,13747.96,19692.11,39994.68,35.0,0.1678,4.11,124.6,2.77,33.82,11.5,1054.1,0.328,102.5,0.066,1,0,0,0.92,24518.81,14
2024-07,2024-07-01,US,Volkswagen Group,15598,115.27,13747.96,19692.11,39994.68,35.0,0.1678,4.11,124.6,2.77,33.82,11.5,1054.1,0.328,100.0,0.066,1,0,0,0.31,39024.21,7
2024-07,2024-07-01,US,Hyundai-Kia Group,26465,115.27,13747.96,19692.11,39994.68,35.0,0.1678,4.11,124.6,2.77,33.82,11.5,1054.1,0.328,100.0,0.066,1,0,0,0.42,36538.63,8
2024-07,2024-07-01,US,BMW Group,14101,115.27,13747.96,19692.11,39994.68,35.0,0.1678,4.11,124.6,2.77,33.82,11.5,1054.1,0.328,100.0,0.066,1,0,0,0.1,55144.29,5
2024-07,2024-07-01,US,Mercedes-Benz Group,10895,115.27,13747.96,19692.11,39994.68,35.0,0.1678,4.11,124.6,2.77,33.82,11.5,1054.1,0.328,100.0,0.066,1,0,0,0.08,62559.25,5
2024-07,2024-07-01,US,Toyota,8006,115.27,13747.96,19692.11,39994.68,35.0,0.1678,4.11,124.6,2.77,33.82,11.5,1054.1,0.328,100.0,0.066,1,0,0,0.05,39000.0,2
2024-07,2024-07-01,EU,Tesla,92950,115.27,13747.96,19692.11,39994.68,35.0,0.294,4.11,124.6,2.77,32.44,11.5,1563.1,0.315,21.0,0.059,0,0,0,0.5,40704.76,5
2024-07,2024-07-01,EU,BYD,89521,115.27,13747.96,19692.11,39994.68,35.0,0.294,4.11,124.6,2.77,32.44,11.5,1563.1,0.315,27.0,0.059,0,0,0,0.92,24933.22,14
2024-07,2024-07-01,EU,Volkswagen Group,59396,115.27,13747.96,19692.11,39994.68,35.0,0.294,4.11,124.6,2.77,32.44,11.5,1563.1,0.315,21.0,0.059,0,0,0,0.31,40288.4,7
2024-07,2024-07-01,EU,Hyundai-Kia Group,62031,115.27,13747.96,19692.11,39994.68,35.0,0.294,4.11,124.6,2.77,32.44,11.5,1563.1,0.315,21.0,0.059,0,0,0,0.42,36838.95,8
2024-07,2024-07-01,EU,BMW Group,47673,115.27,13747.96,19692.11,39994.68,35.0,0.294,4.11,124.6,2.77,32.44,11.5,1563.1,0.315,21.0,0.059,0,0,0,0.1,54618.07,5
2024-07,2024-07-01,EU,Mercedes-Benz Group,32656,115.27,13747.96,19692.11,39994.68,35.0,0.294,4.11,124.6,2.77,32.44,11.5,1563.1,0.315,21.0,0.059,0,0,0,0.08,61414.97,5
2024-07,2024-07-01,EU,Toyota,21242,115.27,13747.96,19692.11,39994.68,35.0,0.294,4.11,124.6,2.77,32.44,11.5,1563.1,0.315,21.0,0.059,0,0,0,0.05,39000.0,2
2024-07,2024-07-01,CN,Tesla,224884,115.27,13747.96,19692.11,39994.68,35.0,0.1008,4.11,124.6,2.77,31.4,11.5,3266.8,0.582,15.0,0.042,0,0,1,0.65,42131.54,5
2024-07,2024-07-01,CN,BYD,313744,115.27,13747.96,19692.11,39994.68,35.0,0.1008,4.11,124.6,2.77,31.4,11.5,3266.8,0.582,15.0,0.042,0,0,1,0.92,24805.75,14
2024-07,2024-07-01,CN,Volkswagen Group,140466,115.27,13747.96,19692.11,39994.68,35.0,0.1008,4.11,124.6,2.77,31.4,11.5,3266.8,0.582,15.0,0.042,0,0,1,0.31,38951.76,7
2024-07,2024-07-01,CN,Hyundai-Kia Group,158673,115.27,13747.96,19692.11,39994.68,35.0,0.1008,4.11,124.6,2.77,31.4,11.5,3266.8,0.582,15.0,0.042,0,0,1,0.42,35375.1,8
2024-07,2024-07-01,CN,BMW Group,152303,115.27,13747.96,19692.11,39994.68,35.0,0.1008,4.11,124.6,2.77,31.4,11.5,3266.8,0.582,15.0,0.042,0,0,1,0.1,53939.01,5
2024-07,2024-07-01,CN,Mercedes-Benz Group,105318,115.27,13747.96,19692.11,39994.68,35.0,0.1008,4.11,124.6,2.77,31.4,11.5,3266.8,0.582,15.0,0.042,0,0,1,0.08,63029.09,5
2024-07,2024-07-01,CN,Toyota,76707,115.27,13747.96,19692.11,39994.68,35.0,0.1008,4.11,124.6,2.77,31.4,11.5,3266.8,0.582,15.0,0.042,0,0,1,0.05,39000.0,2
2024-08,2024-08-01,US,Tesla,52325,117.29,14138.17,20662.75,40900.07,35.0,0.1685,3.99,124.25,2.21,31.13,11.9,1078.4,0.33,100.0,0.065,1,0,0,0.5,42605.84,5
2024-08,2024-08-01,US,BYD,16191,117.29,14138.17,20662.75,40900.07,35.0,0.1685,3.99,124.25,2.21,31.13,11.9,1078.4,0.33,102.5,0.065,1,0,0,0.92,24930.64,14
2024-08,2024-08-01,US,Volkswagen Group,15677,117.29,14138.17,20662.75,40900.07,35.0,0.1685,3.99,124.25,2.21,31.13,11.9,1078.4,0.33,100.0,0.065,1,0,0,0.32,39515.12,7
2024-08,2024-08-01,US,Hyundai-Kia Group,31027,117.29,14138.17,20662.75,40900.07,35.0,0.1685,3.99,124.25,2.21,31.13,11.9,1078.4,0.33,100.0,0.065,1,0,0,0.42,36080.99,8
2024-08,2024-08-01,US,BMW Group,16141,117.29,14138.17,20662.75,40900.07,35.0,0.1685,3.99,124.25,2.21,31.13,11.9,1078.4,0.33,100.0,0.065,1,0,0,0.1,53954.94,5
2024-08,2024-08-01,US,Mercedes-Benz Group,10689,117.29,14138.17,20662.75,40900.07,35.0,0.1685,3.99,124.25,2.21,31.13,11.9,1078.4,0.33,100.0,0.065,1,0,0,0.08,62125.79,5
2024-08,2024-08-01,US,Toyota,7738,117.29,14138.17,20662.75,40900.07,35.0,0.1685,3.99,124.25,2.21,31.13,11.9,1078.4,0.33,100.0,0.065,1,0,0,0.05,39000.0,2
2024-08,2024-08-01,EU,Tesla,65452,117.29,14138.17,20662.75,40900.07,35.0,0.295,3.99,124.25,2.21,34.75,11.9,1623.8,0.318,21.0,0.058,0,0,0,0.5,41678.28,5
2024-08,2024-08-01,EU,BYD,67566,117.29,14138.17,20662.75,40900.07,35.0,0.295,3.99,124.25,2.21,34.75,11.9,1623.8,0.318,27.0,0.058,0,0,0,0.92,24895.81,14
2024-08,2024-08-01,EU,Volkswagen Group,60087,117.29,14138.17,20662.75,40900.07,35.0,0.295,3.99,124.25,2.21,34.75,11.9,1623.8,0.318,21.0,0.058,0,0,0,0.32,40033.08,7
2024-08,2024-08-01,EU,Hyundai-Kia Group,62122,117.29,14138.17,20662.75,40900.07,35.0,0.295,3.99,124.25,2.21,34.75,11.9,1623.8,0.318,21.0,0.058,0,0,0,0.42,36012.55,8
2024-08,2024-08-01,EU,BMW Group,33605,117.29,14138.17,20662.75,40900.07,35.0,0.295,3.99,124.25,2.21,34.75,11.9,1623.8,0.318,21.0,0.058,0,0,0,0.1,53927.7,5
2024-08,2024-08-01,EU,Mercedes-Benz Group,39010,117.29,14138.17,20662.75,40900.07,35.0,0.295,3.99,124.25,2.21,34.75,11.9,1623.8,0.318,21.0,0.058,0,0,0,0.08,61783.12,5
2024-08,2024-08-01,EU,Toyota,18324,117.29,14138.17,20662.75,40900.07,35.0,0.295,3.99,124.25,2.21,34.75,11.9,1623.8,0.318,21.0,0.058,0,0,0,0.05,39000.0,2
2024-08,2024-08-01,CN,Tesla,261549,117.29,14138.17,20662.75,40900.07,35.0,0.101,3.99,124.25,2.21,31.94,11.9,3254.2,0.585,15.0,0.04,0,0,1,0.65,41675.87,5
2024-08,2024-08-01,CN,BYD,312184,117.29,14138.17,20662.75,40900.07,35.0,0.101,3.99,124.25,2.21,31.94,11.9,3254.2,0.585,15.0,0.04,0,0,1,0.92,24611.05,14
2024-08,2024-08-01,CN,Volkswagen Group,106074,117.29,14138.17,20662.75,40900.07,35.0,0.101,3.99,124.25,2.21,31.94,11.9,3254.2,0.585,15.0,0.04,0,0,1,0.32,40061.56,7
2024-08,2024-08-01,CN,Hyundai-Kia Group,159792,117.29,14138.17,20662.75,40900.07,35.0,0.101,3.99,124.25,2.21,31.94,11.9,3254.2,0.585,15.0,0.04,0,0,1,0.42,35894.59,8
2024-08,2024-08-01,CN,BMW Group,110185,117.29,14138.17,20662.75,40900.07,35.0,0.101,3.99,124.25,2.21,31.94,11.9,3254.2,0.585,15.0,0.04,0,0,1,0.1,54969.53,5
2024-08,2024-08-01,CN,Mercedes-Benz Group,75312,117.29,14138.17,20662.75,40900.07,35.0,0.101,3.99,124.25,2.21,31.94,11.9,3254.2,0.585,15.0,0.04,0,0,1,0.08,62277.55,5
2024-08,2024-08-01,CN,Toyota,59893,117.29,14138.17,20662.75,40900.07,35.0,0.101,3.99,124.25,2.21,31.94,11.9,3254.2,0.585,15.0,0.04,0,0,1,0.05,39000.0,2
2024-09,2024-09-01,US,Tesla,41672,113.31,12889.37,21314.88,41977.1,35.0,0.1692,3.87,125.14,2.33,24.08,12.2,1086.1,0.332,100.0,0.064,1,0,0,0.5,41637.3,5
2024-09,2024-09-01,US,BYD,18836,113.31,12889.37,21314.88,41977.1,35.0,0.1692,3.87,125.14,2.33,24.08,12.2,1086.1,0.332,102.5,0.064,1,0,0,0.92,25147.72,15
2024-09,2024-09-01,US,Volkswagen Group,24789,113.31,12889.37,21314.88,41977.1,35.0,0.1692,3.87,125.14,2.33,24.08,12.2,1086.1,0.332,100.0,0.064,1,0,0,0.32,39690.2,7
2024-09,2024-09-01,US,Hyundai-Kia Group,33755,113.31,12889.37,21314.88,41977.1,35.0,0.1692,3.87,125.14,2.33,24.08,12.2,1086.1,0.332,100.0,0.064,1,0,0,0.42,35411.33,8
2024-09,2024-09-01,US,BMW Group,17245,113.31,12889.37,21314.88,41977.1,35.0,0.1692,3.87,125.14,2.33,24.08,12.2,1086.1,0.332,100.0,0.064,1,0,0,0.1,54466.87,6
2024-09,2024-09-01,US,Mercedes-Benz Group,14815,113.31,12889.37,21314.88,41977.1,35.0,0.1692,3.87,125.14,2.33,24.08,12.2,1086.1,0.332,100.0,0.064,1,0,0,0.08,63587.95,5
2024-09,2024-09-01,US,Toyota,9878,113.31,12889.37,21314.88,41977.1,35.0,0.1692,3.87,125.14,2.33,24.08,12.2,1086.1,0.332,100.0,0.064,1,0,0,0.05,39000.0,2
2024-09,2024-09-01,EU,Tesla,94328,113.31,12889.37,21314.88,41977.1,35.0,0.296,3.87,125.14,2.33,22.36,12.2,1655.1,0.32,35.3,0.056,0,0,0,0.5,41082.16,5
2024-09,2024-09-01,EU,BYD,113561,113.31,12889.37,21314.88,41977.1,35.0,0.296,3.87,125.14,2.33,22.36,12.2,1655.1,0.32,27.0,0.056,0,0,0,0.92,24700.14,15
2024-09,2024-09-01,EU,Volkswagen Group,62659,113.31,12889.37,21314.88,41977.1,35.0,0.296,3.87,125.14,2.33,22.36,12.2,1655.1,0.32,35.3,0.056,0,0,0,0.32,39308.27,7
2024-09,2024-09-01,EU,Hyundai-Kia Group,77302,113.31,12889.37,21314.88,41977.1,35.0,0.296,3.87,125.14,2.33,22.36,12.2,1655.1,0.32,35.3,0.056,0,0,0,0.42,36088.64,8
2024-09,2024-09-01,EU,BMW Group,48254,113.31,12889.37,21314.88,41977.1,35.0,0.296,3.87,125.14,2.33,22.36,12.2,1655.1,0.32,35.3,0.056,0,0,0,0.1,54651.04,6
2024-09,2024-09-01,EU,Mercedes-Benz Group,34953,113.31,12889.37,21314.88,41977.1,35.0,0.296,3.87,125.14,2.33,22.36,12.2,1655.1,0.32,35.3,0.056,0,0,0,0.08,62754.18,5
2024-09,2024-09-01,EU,Toyota,32109,113.31,12889.37,21314.88,41977.1,35.0,0.296,3.87,125.14,2.33,22.36,12.2,1655.1,0.32,35.3,0.056,0,0,0,0.05,39000.0,2
2024-09,2024-09-01,CN,Tesla,341912,113.31,12889.37,21314.88,41977.1,35.0,0.1012,3.87,125.14,2.33,25.76,12.2,3375.1,0.588,15.0,0.038,0,0,1,0.65,40913.48,5
2024-09,2024-09-01,CN,BYD,425441,113.31,12889.37,21314.88,41977.1,35.0,0.1012,3.87,125.14,2.33,25.76,12.2,3375.1,0.588,15.0,0.038,0,0,1,0.92,25032.55,15
2024-09,2024-09-01,CN,Volkswagen Group,156410,113.31,12889.37,21314.88,41977.1,35.0,0.1012,3.87,125.14,2.33,25.76,12.2,3375.1,0.588,15.0,0.038,0,0,1,0.32,39613.61,7
2024-09,2024-09-01,CN,Hyundai-Kia Group,192802,113.31,12889.37,21314.88,41977.1,35.0,0.1012,3.87,125.14,2.33,25.76,12.2,3375.1,0.588,15.0,0.038,0,0,1,0.42,36440.21,8
2024-09,2024-09-01,CN,BMW Group,124347,113.31,12889.37,21314.88,41977.1,35.0,0.1012,3.87,125.14,2.33,25.76,12.2,3375.1,0.588,15.0,0.038,0,0,1,0.1,53459.76,6
2024-09,2024-09-01,CN,Mercedes-Benz Group,127899,113.31,12889.37,21314.88,41977.1,35.0,0.1012,3.87,125.14,2.33,25.76,12.2,3375.1,0.588,15.0,0.038,0,0,1,0.08,62051.32,5
2024-09,2024-09-01,CN,Toyota,78709,113.31,12889.37,21314.88,41977.1,35.0,0.1012,3.87,125.14,2.33,25.76,12.2,3375.1,0.588,15.0,0.038,0,0,1,0.05,39000.0,2
2024-10,2024-10-01,US,Tesla,48177,114.77,12048.52,22110.41,39289.58,35.0,0.1699,4.01,125.39,2.27,23.87,13.0,1112.3,0.334,100.0,0.063,1,0,0,0.5,41449.93,5
2024-10,2024-10-01,US,BYD,23522,114.77,12048.52,22110.41,39289.58,35.0,0.1699,4.01,125.39,2.27,23.87,13.0,1112.3,0.334,102.5,0.063,1,0,0,0.92,25106.67,15
2024-10,2024-10-01,US,Volkswagen Group,19357,114.77,12048.52,22110.41,39289.58,35.0,0.1699,4.01,125.39,2.27,23.87,13.0,1112.3,0.334,100.0,0.063,1,0,0,0.32,39868.24,7
2024-10,2024-10-01,US,Hyundai-Kia Group,30968,114.77,12048.52,22110.41,39289.58,35.0,0.1699,4.01,125.39,2.27,23.87,13.0,1112.3,0.334,100.0,0.063,1,0,0,0.43,36014.57,8
2024-10,2024-10-01,US,BMW Group,19678,114.77,12048.52,22110.41,39289.58,35.0,0.1699,4.01,125.39,2.27,23.87,13.0,1112.3,0.334,100.0,0.063,1,0,0,0.1,54923.43,6
2024-10,2024-10-01,US,Mercedes-Benz Group,14054,114.77,12048.52,22110.41,39289.58,35.0,0.1699,4.01,125.39,2.27,23.87,13.0,1112.3,0.334,100.0,0.063,1,0,0,0.08,60654.15,5
2024-10,2024-10-01,US,Toyota,10115,114.77,12048.52,22110.41,39289.58,35.0,0.1699,4.01,125.39,2.27,23.87,13.0,1112.3,0.334,100.0,0.063,1,0,0,0.05,39000.0,2
2024-10,2024-10-01,EU,Tesla,90244,114.77,12048.52,22110.41,39289.58,35.0,0.297,4.01,125.39,2.27,22.57,13.0,1669.5,0.323,35.3,0.055,0,0,0,0.5,41354.49,5
2024-10,2024-10-01,EU,BYD,101748,114.77,12048.52,22110.41,39289.58,35.0,0.297,4.01,125.39,2.27,22.57,13.0,1669.5,0.323,27.0,0.055,0,0,0,0.92,24791.72,15
2024-10,2024-10-01,EU,Volkswagen Group,88389,114.77,12048.52,22110.41,39289.58,35.0,0.297,4.01,125.39,2.27,22.57,13.0,1669.5,0.323,35.3,0.055,0,0,0,0.32,39859.48,7
2024-10,2024-10-01,EU,Hyundai-Kia Group,56110,114.77,12048.52,22110.41,39289.58,35.0,0.297,4.01,125.39,2.27,22.57,13.0,1669.5,0.323,35.3,0.055,0,0,0,0.43,35676.58,8
2024-10,2024-10-01,EU,BMW Group,43385,114.77,12048.52,22110.41,39289.58,35.0,0.297,4.01,125.39,2.27,22.57,13.0,1669.5,0.323,35.3,0.055,0,0,0,0.1,54874.72,6
2024-10,2024-10-01,EU,Mercedes-Benz Group,42894,114.77,12048.52,22110.41,39289.58,35.0,0.297,4.01,125.39,2.27,22.57,13.0,1669.5,0.323,35.3,0.055,0,0,0,0.08,62038.48,5
2024-10,2024-10-01,EU,Toyota,20217,114.77,12048.52,22110.41,39289.58,35.0,0.297,4.01,125.39,2.27,22.57,13.0,1669.5,0.323,35.3,0.055,0,0,0,0.05,39000.0,2
2024-10,2024-10-01,CN,Tesla,276874,114.77,12048.52,22110.41,39289.58,35.0,0.1014,4.01,125.39,2.27,24.11,13.0,3448.0,0.591,15.0,0.036,0,0,1,0.65,40954.25,5
2024-10,2024-10-01,CN,BYD,329278,114.77,12048.52,22110.41,39289.58,35.0,0.1014,4.01,125.39,2.27,24.11,13.0,3448.0,0.591,15.0,0.036,0,0,1,0.92,24838.73,15
2024-10,2024-10-01,CN,Volkswagen Group,164868,114.77,12048.52,22110.41,39289.58,35.0,0.1014,4.01,125.39,2.27,24.11,13.0,3448.0,0.591,15.0,0.036,0,0,1,0.32,40037.98,7
2024-10,2024-10-01,CN,Hyundai-Kia Group,216349,114.77,12048.52,22110.41,39289.58,35.0,0.1014,4.01,125.39,2.27,24.11,13.0,3448.0,0.591,15.0,0.036,0,0,1,0.43,36047.2,8
2024-10,2024-10-01,CN,BMW Group,153215,114.77,12048.52,22110.41,39289.58,35.0,0.1014,4.01,125.39,2.27,24.11,13.0,3448.0,0.591,15.0,0.036,0,0,1,0.1,53967.3,6
2024-10,2024-10-01,CN,Mercedes-Benz Group,138870,114.77,12048.52,22110.41,39289.58,35.0,0.1014,4.01,125.39,2.27,24.11,13.0,3448.0,0.591,15.0,0.036,0,0,1,0.08,61935.89,5
2024-10,2024-10-01,CN,Toyota,62948,114.77,12048.52,22110.41,39289.58,35.0,0.1014,4.01,125.39,2.27,24.11,13.0,3448.0,0.591,15.0,0.036,0,0,1,0.05,39000.0,2
2024-11,2024-11-01,US,Tesla,44764,111.08,13016.49,23016.91,43331.3,35.0,0.1706,3.97,125.83,1.98,23.5,11.6,1091.9,0.336,100.0,0.062,1,0,0,0.5,40520.73,5
2024-11,2024-11-01,US,BYD,20299,111.08,13016.49,23016.91,43331.3,35.0,0.1706,3.97,125.83,1.98,23.5,11.6,1091.9,0.336,102.5,0.062,1,0,0,0.92,24528.77,15
2024-11,2024-11-01,US,Volkswagen Group,22775,111.08,13016.49,23016.91,43331.3,35.0,0.1706,3.97,125.83,1.98,23.5,11.6,1091.9,0.336,100.0,0.062,1,0,0,0.32,39891.46,7
2024-11,2024-11-01,US,Hyundai-Kia Group,39658,111.08,13016.49,23016.91,43331.3,35.0,0.1706,3.97,125.83,1.98,23.5,11.6,1091.9,0.336,100.0,0.062,1,0,0,0.43,35537.4,8
2024-11,2024-11-01,US,BMW Group,17806,111.08,13016.49,23016.91,43331.3,35.0,0.1706,3.97,125.83,1.98,23.5,11.6,1091.9,0.336,100.0,0.062,1,0,0,0.1,54244.55,6
2024-11,2024-11-01,US,Mercedes-Benz Group,13593,111.08,13016.49,23016.91,43331.3,35.0,0.1706,3.97,125.83,1.98,23.5,11.6,1091.9,0.336,100.0,0.062,1,0,0,0.08,61176.51,5
2024-11,2024-11-01,US,Toyota,10441,111.08,13016.49,23016.91,43331.3,35.0,0.1706,3.97,125.83,1.98,23.5,11.6,1091.9,0.336,100.0,0.062,1,0,0,0.05,39000.0,2
2024-11,2024-11-01,EU,Tesla,79335,111.08,13016.49,23016.91,43331.3,35.0,0.298,3.97,125.83,1.98,23.83,11.6,1698.4,0.325,35.3,0.053,0,0,0,0.5,40832.02,5
2024-11,2024-11-01,EU,BYD,97119,111.08,13016.49,23016.91,43331.3,35.0,0.298,3.97,125.83,1.98,23.83,11.6,1698.4,0.325,27.0,0.053,0,0,0,0.92,25082.47,15
2024-11,2024-11-01,EU,Volkswagen Group,65213,111.08,13016.49,23016.91,43331.3,35.0,0.298,3.97,125.83,1.98,23.83,11.6,1698.4,0.325,35.3,0.053,0,0,0,0.32,39670.41,7
2024-11,2024-11-01,EU,Hyundai-Kia Group,51397,111.08,13016.49,23016.91,43331.3,35.0,0.298,3.97,125.83,1.98,23.83,11.6,1698.4,0.325,35.3,0.053,0,0,0,0.43,35479.03,8
2024-11,2024-11-01,EU,BMW Group,51674,111.08,13016.49,23016.91,43331.3,35.0,0.298,3.97,125.83,1.98,23.83,11.6,1698.4,0.325,35.3,0.053,0,0,0,0.1,54219.16,6
2024-11,2024-11-01,EU,Mercedes-Benz Group,44801,111.08,13016.49,23016.91,43331.3,35.0,0.298,3.97,125.83,1.98,23.83,11.6,1698.4,0.325,35.3,0.053,0,0,0,0.08,62512.5,5
2024-11,2024-11-01,EU,Toyota,27667,111.08,13016.49,23016.91,43331.3,35.0,0.298,3.97,125.83,1.98,23.83,11.6,1698.4,0.325,35.3,0.053,0,0,0,0.05,39000.0,2
2024-11,2024-11-01,CN,Tesla,344826,111.08,13016.49,23016.91,43331.3,35.0,0.1016,3.97,125.83,1.98,23.55,11.6,3432.4,0.594,15.0,0.034,0,0,1,0.65,40649.9,5
2024-11,2024-11-01,CN,BYD,473897,111.08,13016.49,23016.91,43331.3,35.0,0.1016,3.97,125.83,1.98,23.55,11.6,3432.4,0.594,15.0,0.034,0,0,1,0.92,24540.96,15
2024-11,2024-11-01,CN,Volkswagen Group,214614,111.08,13016.49,23016.91,43331.3,35.0,0.1016,3.97,125.83,1.98,23.55,11.6,3432.4,0.594,15.0,0.034,0,0,1,0.32,39717.18,7
2024-11,2024-11-01,CN,Hyundai-Kia Group,220806,111.08,13016.49,23016.91,43331.3,35.0,0.1016,3.97,125.83,1.98,23.55,11.6,3432.4,0.594,15.0,0.034,0,0,1,0.43,35616.13,8
2024-11,2024-11-01,CN,BMW Group,141176,111.08,13016.49,23016.91,43331.3,35.0,0.1016,3.97,125.83,1.98,23.55,11.6,3432.4,0.594,15.0,0.034,0,0,1,0.1,55888.99,6
2024-11,2024-11-01,CN,Mercedes-Benz Group,105153,111.08,13016.49,23016.91,43331.3,35.0,0.1016,3.97,125.83,1.98,23.55,11.6,3432.4,0.594,15.0,0.034,0,0,1,0.08,60871.97,5
2024-11,2024-11-01,CN,Toyota,93626,111.08,13016.49,23016.91,43331.3,35.0,0.1016,3.97,125.83,1.98,23.55,11.6,3432.4,0.594,15.0,0.034,0,0,1,0.05,39000.0,2
2024-12,2024-12-01,US,Tesla,60687,112.6,11935.0,23537.03,43407.5,35.0,0.1713,4.11,126.26,1.49,25.24,11.2,1143.8,0.338,100.0,0.061,1,0,0,0.5,41145.61,5
2024-12,2024-12-01,US,BYD,23666,112.6,11935.0,23537.03,43407.5,35.0,0.1713,4.11,126.26,1.49,25.24,11.2,1143.8,0.338,102.5,0.061,1,0,0,0.92,24596.59,15
2024-12,2024-12-01,US,Volkswagen Group,23171,112.6,11935.0,23537.03,43407.5,35.0,0.1713,4.11,126.26,1.49,25.24,11.2,1143.8,0.338,100.0,0.061,1,0,0,0.33,39889.3,7
2024-12,2024-12-01,US,Hyundai-Kia Group,29765,112.6,11935.0,23537.03,43407.5,35.0,0.1713,4.11,126.26,1.49,25.24,11.2,1143.8,0.338,100.0,0.061,1,0,0,0.44,36402.72,8
2024-12,2024-12-01,US,BMW Group,17136,112.6,11935.0,23537.03,43407.5,35.0,0.1713,4.11,126.26,1.49,25.24,11.2,1143.8,0.338,100.0,0.061,1,0,0,0.1,54145.33,6
2024-12,2024-12-01,US,Mercedes-Benz Group,14301,112.6,11935.0,23537.03,43407.5,35.0,0.1713,4.11,126.26,1.49,25.24,11.2,1143.8,0.338,100.0,0.061,1,0,0,0.08,62627.18,5
2024-12,2024-12-01,US,Toyota,11670,112.6,11935.0,23537.03,43407.5,35.0,0.1713,4.11,126.26,1.49,25.24,11.2,1143.8,0.338,100.0,0.061,1,0,0,0.05,39000.0,2
2024-12,2024-12-01,EU,Tesla,76364,112.6,11935.0,23537.03,43407.5,35.0,0.299,4.11,126.26,1.49,25.0,11.2,1738.6,0.328,35.3,0.052,0,0,0,0.5,41061.88,5
2024-12,2024-12-01,EU,BYD,128609,112.6,11935.0,23537.03,43407.5,35.0,0.299,4.11,126.26,1.49,25.0,11.2,1738.6,0.328,27.0,0.052,0,0,0,0.92,24695.94,15
2024-12,2024-12-01,EU,Volkswagen Group,70819,112.6,11935.0,23537.03,43407.5,35.0,0.299,4.11,126.26,1.49,25.0,11.2,1738.6,0.328,35.3,0.052,0,0,0,0.33,39591.74,7
2024-12,2024-12-01,EU,Hyundai-Kia Group,46497,112.6,11935.0,23537.03,43407.5,35.0,0.299,4.11,126.26,1.49,25.0,11.2,1738.6,0.328,35.3,0.052,0,0,0,0.44,35522.84,8
2024-12,2024-12-01,EU,BMW Group,55934,112.6,11935.0,23537.03,43407.5,35.0,0.299,4.11,126.26,1.49,25.0,11.2,1738.6,0.328,35.3,0.052,0,0,0,0.1,53817.49,6
2024-12,2024-12-01,EU,Mercedes-Benz Group,39427,112.6,11935.0,23537.03,43407.5,35.0,0.299,4.11,126.26,1.49,25.0,11.2,1738.6,0.328,35.3,0.052,0,0,0,0.08,61025.64,5
2024-12,2024-12-01,EU,Toyota,28571,112.6,11935.0,23537.03,43407.5,35.0,0.299,4.11,126.26,1.49,25.0,11.2,1738.6,0.328,35.3,0.052,0,0,0,0.05,39000.0,2
2024-12,2024-12-01,CN,Tesla,285560,112.6,11935.0,23537.03,43407.5,35.0,0.1018,4.11,126.26,1.49,24.38,11.2,3473.6,0.597,15.0,0.032,0,0,1,0.65,41388.96,5
2024-12,2024-12-01,CN,BYD,338017,112.6,11935.0,23537.03,43407.5,35.0,0.1018,4.11,126.26,1.49,24.38,11.2,3473.6,0.597,15.0,0.032,0,0,1,0.92,25810.52,15
2024-12,2024-12-01,CN,Volkswagen Group,163716,112.6,11935.0,23537.03,43407.5,35.0,0.1018,4.11,126.26,1.49,24.38,11.2,3473.6,0.597,15.0,0.032,0,0,1,0.33,39703.49,7
2024-12,2024-12-01,CN,Hyundai-Kia Group,207337,112.6,11935.0,23537.03,43407.5,35.0,0.1018,4.11,126.26,1.49,24.38,11.2,3473.6,0.597,15.0,0.032,0,0,1,0.44,35998.77,8
2024-12,2024-12-01,CN,BMW Group,151591,112.6,11935.0,23537.03,43407.5,35.0,0.1018,4.11,126.26,1.49,24.38,11.2,3473.6,0.597,15.0,0.032,0,0,1,0.1,54020.11,6
2024-12,2024-12-01,CN,Mercedes-Benz Group,137414,112.6,11935.0,23537.03,43407.5,35.0,0.1018,4.11,126.26,1.49,24.38,11.2,3473.6,0.597,15.0,0.032,0,0,1,0.08,60563.68,5
2024-12,2024-12-01,CN,Toyota,87025,112.6,11935.0,23537.03,43407.5,35.0,0.1018,4.11,126.26,1.49,24.38,11.2,3473.6,0.597,15.0,0.032,0,0,1,0.05,39000.0,2
2025-01,2025-01-01,US,Tesla,65858,109.24,16098.11,23871.62,43744.18,35.0,0.172,4.1,127.43,1.4,25.56,12.0,1141.0,0.34,100.0,0.06,1,0,0,0.5,41132.71,5
2025-01,2025-01-01,US,BYD,18347,109.24,16098.11,23871.62,43744.18,35.0,0.172,4.1,127.43,1.4,25.56,12.0,1141.0,0.34,102.5,0.06,1,0,0,0.92,24736.5,15
2025-01,2025-01-01,US,Volkswagen Group,22715,109.24,16098.11,23871.62,43744.18,35.0,0.172,4.1,127.43,1.4,25.56,12.0,1141.0,0.34,100.0,0.06,1,0,0,0.33,39292.58,8
2025-01,2025-01-01,US,Hyundai-Kia Group,32402,109.24,16098.11,23871.62,43744.18,35.0,0.172,4.1,127.43,1.4,25.56,12.0,1141.0,0.34,100.0,0.06,1,0,0,0.44,35513.73,9
2025-01,2025-01-01,US,BMW Group,20223,109.24,16098.11,23871.62,43744.18,35.0,0.172,4.1,127.43,1.4,25.56,12.0,1141.0,0.34,100.0,0.06,1,0,0,0.1,54928.84,6
2025-01,2025-01-01,US,Mercedes-Benz Group,18913,109.24,16098.11,23871.62,43744.18,35.0,0.172,4.1,127.43,1.4,25.56,12.0,1141.0,0.34,100.0,0.06,1,0,0,0.08,61266.98,6
2025-01,2025-01-01,US,Toyota,12236,109.24,16098.11,23871.62,43744.18,35.0,0.172,4.1,127.43,1.4,25.56,12.0,1141.0,0.34,100.0,0.06,1,0,0,0.05,39000.0,2
2025-01,2025-01-01,EU,Tesla,91752,109.24,16098.11,23871.62,43744.18,35.0,0.3,4.1,127.43,1.4,24.25,12.0,1742.0,0.33,35.3,0.05,0,1,0,0.5,41077.03,5
2025-01,2025-01-01,EU,BYD,101786,109.24,16098.11,23871.62,43744.18,35.0,0.3,4.1,127.43,1.4,24.25,12.0,1742.0,0.33,27.0,0.05,0,1,0,0.92,25009.01,15
2025-01,2025-01-01,EU,Volkswagen Group,69817,109.24,16098.11,23871.62,43744.18,35.0,0.3,4.1,127.43,1.4,24.25,12.0,1742.0,0.33,35.3,0.05,0,1,0,0.33,39550.58,8
2025-01,2025-01-01,EU,Hyundai-Kia Group,67445,109.24,16098.11,23871.62,43744.18,35.0,0.3,4.1,127.43,1.4,24.25,12.0,1742.0,0.33,35.3,0.05,0,1,0,0.44,36201.37,9
2025-01,2025-01-01,EU,BMW Group,48809,109.24,16098.11,23871.62,43744.18,35.0,0.3,4.1,127.43,1.4,24.25,12.0,1742.0,0.33,35.3,0.05,0,1,0,0.1,54273.0,6
2025-01,2025-01-01,EU,Mercedes-Benz Group,54075,109.24,16098.11,23871.62,43744.18,35.0,0.3,4.1,127.43,1.4,24.25,12.0,1742.0,0.33,35.3,0.05,0,1,0,0.08,61769.57,6
2025-01,2025-01-01,EU,Toyota,22385,109.24,16098.11,23871.62,43744.18,35.0,0.3,4.1,127.43,1.4,24.25,12.0,1742.0,0.33,35.3,0.05,0,1,0,0.05,39000.0,2
2025-01,2025-01-01,CN,Tesla,207635,109.24,16098.11,23871.62,43744.18,35.0,0.102,4.1,127.43,1.4,24.56,12.0,3581.9,0.6,15.0,0.03,0,0,0,0.65,40196.49,5
2025-01,2025-01-01,CN,BYD,305434,109.24,16098.11,23871.62,43744.18,35.0,0.102,4.1,127.43,1.4,24.56,12.0,3581.9,0.6,15.0,0.03,0,0,0,0.92,25502.92,15
2025-01,2025-01-01,CN,Volkswagen Group,158731,109.24,16098.11,23871.62,43744.18,35.0,0.102,4.1,127.43,1.4,24.56,12.0,3581.9,0.6,15.0,0.03,0,0,0,0.33,38738.66,8
2025-01,2025-01-01,CN,Hyundai-Kia Group,145577,109.24,16098.11,23871.62,43744.18,35.0,0.102,4.1,127.43,1.4,24.56,12.0,3581.9,0.6,15.0,0.03,0,0,0,0.44,35735.42,9
2025-01,2025-01-01,CN,BMW Group,108038,109.24,16098.11,23871.62,43744.18,35.0,0.102,4.1,127.43,1.4,24.56,12.0,3581.9,0.6,15.0,0.03,0,0,0,0.1,54529.97,6
2025-01,2025-01-01,CN,Mercedes-Benz Group,120282,109.24,16098.11,23871.62,43744.18,35.0,0.102,4.1,127.43,1.4,24.56,12.0,3581.9,0.6,15.0,0.03,0,0,0,0.08,62880.66,6
2025-01,2025-01-01,CN,Toyota,74673,109.24,16098.11,23871.62,43744.18,35.0,0.102,4.1,127.43,1.4,24.56,12.0,3581.9,0.6,15.0,0.03,0,0,0,0.05,39000.0,2
2025-02,2025-02-01,US,Tesla,54887,111.15,16931.11,23790.87,42026.41,35.38,0.1727,3.88,127.34,1.37,25.17,11.9,1154.7,0.342,100.0,0.059,1,0,0,0.5,41840.02,5
2025-02,2025-02-01,US,BYD,16381,111.15,16931.11,23790.87,42026.41,35.38,0.1727,3.88,127.34,1.37,25.17,11.9,1154.7,0.342,102.5,0.059,1,0,0,0.92,24778.78,15
2025-02,2025-02-01,US,Volkswagen Group,24658,111.15,16931.11,23790.87,42026.41,35.38,0.1727,3.88,127.34,1.37,25.17,11.9,1154.7,0.342,100.0,0.059,1,0,0,0.33,39223.19,8
2025-02,2025-02-01,US,Hyundai-Kia Group,36962,111.15,16931.11,23790.87,42026.41,35.38,0.1727,3.88,127.34,1.37,25.17,11.9,1154.7,0.342,100.0,0.059,1,0,0,0.44,35700.07,9
2025-02,2025-02-01,US,BMW Group,16717,111.15,16931.11,23790.87,42026.41,35.38,0.1727,3.88,127.34,1.37,25.17,11.9,1154.7,0.342,100.0,0.059,1,0,0,0.1,53986.44,6
2025-02,2025-02-01,US,Mercedes-Benz Group,18431,111.15,16931.11,23790.87,42026.41,35.38,0.1727,3.88,127.34,1.37,25.17,11.9,1154.7,0.342,100.0,0.059,1,0,0,0.08,62617.8,6
2025-02,2025-02-01,US,Toyota,9140,111.15,16931.11,23790.87,42026.41,35.38,0.1727,3.88,127.34,1.37,25.17,11.9,1154.7,0.342,100.0,0.059,1,0,0,0.05,39000.0,2
2025-02,2025-02-01,EU,Tesla,88046,111.15,16931.11,23790.87,42026.41,35.38,0.301,3.88,127.34,1.37,24.52,11.9,1785.8,0.333,35.3,0.049,0,1,0,0.5,41379.8,5
2025-02,2025-02-01,EU,BYD,132367,111.15,16931.11,23790.87,42026.41,35.38,0.301,3.88,127.34,1.37,24.52,11.9,1785.8,0.333,27.0,0.049,0,1,0,0.92,24640.25,15
2025-02,2025-02-01,EU,Volkswagen Group,106191,111.15,16931.11,23790.87,42026.41,35.38,0.301,3.88,127.34,1.37,24.52,11.9,1785.8,0.333,35.3,0.049,0,1,0,0.33,39321.11,8
2025-02,2025-02-01,EU,Hyundai-Kia Group,69285,111.15,16931.11,23790.87,42026.41,35.38,0.301,3.88,127.34,1.37,24.52,11.9,1785.8,0.333,35.3,0.049,0,1,0,0.44,35792.43,9
2025-02,2025-02-01,EU,BMW Group,62009,111.15,16931.11,23790.87,42026.41,35.38,0.301,3.88,127.34,1.37,24.52,11.9,1785.8,0.333,35.3,0.049,0,1,0,0.1,53724.18,6
2025-02,2025-02-01,EU,Mercedes-Benz Group,56373,111.15,16931.11,23790.87,42026.41,35.38,0.301,3.88,127.34,1.37,24.52,11.9,1785.8,0.333,35.3,0.049,0,1,0,0.08,61178.24,6
2025-02,2025-02-01,EU,Toyota,29850,111.15,16931.11,23790.87,42026.41,35.38,0.301,3.88,127.34,1.37,24.52,11.9,1785.8,0.333,35.3,0.049,0,1,0,0.05,39000.0,2
2025-02,2025-02-01,CN,Tesla,226378,111.15,16931.11,23790.87,42026.41,35.38,0.1022,3.88,127.34,1.37,24.64,11.9,3634.8,0.603,15.0,0.03,0,0,0,0.65,40611.5,5
2025-02,2025-02-01,CN,BYD,367347,111.15,16931.11,23790.87,42026.41,35.38,0.1022,3.88,127.34,1.37,24.64,11.9,3634.8,0.603,15.0,0.03,0,0,0,0.92,24947.73,15
2025-02,2025-02-01,CN,Volkswagen Group,131525,111.15,16931.11,23790.87,42026.41,35.38,0.1022,3.88,127.34,1.37,24.64,11.9,3634.8,0.603,15.0,0.03,0,0,0,0.33,39150.86,8
2025-02,2025-02-01,CN,Hyundai-Kia Group,167738,111.15,16931.11,23790.87,42026.41,35.38,0.1022,3.88,127.34,1.37,24.64,11.9,3634.8,0.603,15.0,0.03,0,0,0,0.44,35443.75,9
2025-02,2025-02-01,CN,BMW Group,131666,111.15,16931.11,23790.87,42026.41,35.38,0.1022,3.88,127.34,1.37,24.64,11.9,3634.8,0.603,15.0,0.03,0,0,0,0.1,53062.76,6
2025-02,2025-02-01,CN,Mercedes-Benz Group,94046,111.15,16931.11,23790.87,42026.41,35.38,0.1022,3.88,127.34,1.37,24.64,11.9,3634.8,0.603,15.0,0.03,0,0,0,0.08,61166.22,6
2025-02,2025-02-01,CN,Toyota,58760,111.15,16931.11,23790.87,42026.41,35.38,0.1022,3.88,127.34,1.37,24.64,11.9,3634.8,0.603,15.0,0.03,0,0,0,0.05,39000.0,2
2025-03,2025-03-01,US,Tesla,47553,108.45,10531.71,23247.77,46888.39,35.0,0.1734,4.03,127.94,1.14,26.21,10.8,1193.5,0.344,100.0,0.058,1,0,0,0.5,39718.67,5
2025-03,2025-03-01,US,BYD,17624,108.45,10531.71,23247.77,46888.39,35.0,0.1734,4.03,127.94,1.14,26.21,10.8,1193.5,0.344,102.5,0.058,1,0,0,0.92,25016.06,15
2025-03,2025-03-01,US,Volkswagen Group,19851,108.45,10531.71,23247.77,46888.39,35.0,0.1734,4.03,127.94,1.14,26.21,10.8,1193.5,0.344,100.0,0.058,1,0,0,0.34,39242.39,8
2025-03,2025-03-01,US,Hyundai-Kia Group,42779,108.45,10531.71,23247.77,46888.39,35.0,0.1734,4.03,127.94,1.14,26.21,10.8,1193.5,0.344,100.0,0.058,1,0,0,0.45,36286.02,9
2025-03,2025-03-01,US,BMW Group,21622,108.45,10531.71,23247.77,46888.39,35.0,0.1734,4.03,127.94,1.14,26.21,10.8,1193.5,0.344,100.0,0.058,1,0,0,0.1,54407.54,6
2025-03,2025-03-01,US,Mercedes-Benz Group,15482,108.45,10531.71,23247.77,46888.39,35.0,0.1734,4.03,127.94,1.14,26.21,10.8,1193.5,0.344,100.0,0.058,1,0,0,0.08,62784.72,6
2025-03,2025-03-01,US,Toyota,10075,108.45,10531.71,23247.77,46888.39,35.0,0.1734,4.03,127.94,1.14,26.21,10.8,1193.5,0.344,100.0,0.058,1,0,0,0.05,39000.0,2
2025-03,2025-03-01,EU,Tesla,85175,108.45,10531.71,23247.77,46888.39,35.0,0.302,4.03,127.94,1.14,25.08,10.8,1785.2,0.335,35.3,0.047,0,1,0,0.5,40629.53,5
2025-03,2025-03-01,EU,BYD,133678,108.45,10531.71,23247.77,46888.39,35.0,0.302,4.03,127.94,1.14,25.08,10.8,1785.2,0.335,27.0,0.047,0,1,0,0.92,24859.15,15
2025-03,2025-03-01,EU,Volkswagen Group,107922,108.45,10531.71,23247.77,46888.39,35.0,0.302,4.03,127.94,1.14,25.08,10.8,1785.2,0.335,35.3,0.047,0,1,0,0.34,39009.73,8
2025-03,2025-03-01,EU,Hyundai-Kia Group,75419,108.45,10531.71,23247.77,46888.39,35.0,0.302,4.03,127.94,1.14,25.08,10.8,1785.2,0.335,35.3,0.047,0,1,0,0.45,34865.6,9
2025-03,2025-03-01,EU,BMW Group,69915,108.45,10531.71,23247.77,46888.39,35.0,0.302,4.03,127.94,1.14,25.08,10.8,1785.2,0.335,35.3,0.047,0,1,0,0.1,55173.47,6
2025-03,2025-03-01,EU,Mercedes-Benz Group,48939,108.45,10531.71,23247.77,46888.39,35.0,0.302,4.03,127.94,1.14,25.08,10.8,1785.2,0.335,35.3,0.047,0,1,0,0.08,61576.48,6
2025-03,2025-03-01,EU,Toyota,33136,108.45,10531.71,23247.77,46888.39,35.0,0.302,4.03,127.94,1.14,25.08,10.8,1785.2,0.335,35.3,0.047,0,1,0,0.05,39000.0,2
2025-03,2025-03-01,CN,Tesla,183771,108.45,10531.71,23247.77,46888.39,35.0,0.1024,4.03,127.94,1.14,23.92,10.8,3644.9,0.606,15.0,0.03,0,0,0,0.65,40777.99,5
2025-03,2025-03-01,CN,BYD,366163,108.45,10531.71,23247.77,46888.39,35.0,0.1024,4.03,127.94,1.14,23.92,10.8,3644.9,0.606,15.0,0.03,0,0,0,0.92,25304.62,15
2025-03,2025-03-01,CN,Volkswagen Group,186625,108.45,10531.71,23247.77,46888.39,35.0,0.1024,4.03,127.94,1.14,23.92,10.8,3644.9,0.606,15.0,0.03,0,0,0,0.34,38951.01,8
2025-03,2025-03-01,CN,Hyundai-Kia Group,163633,108.45,10531.71,23247.77,46888.39,35.0,0.1024,4.03,127.94,1.14,23.92,10.8,3644.9,0.606,15.0,0.03,0,0,0,0.45,35150.03,9
2025-03,2025-03-01,CN,BMW Group,116567,108.45,10531.71,23247.77,46888.39,35.0,0.1024,4.03,127.94,1.14,23.92,10.8,3644.9,0.606,15.0,0.03,0,0,0,0.1,55474.93,6
2025-03,2025-03-01,CN,Mercedes-Benz Group,109680,108.45,10531.71,23247.77,46888.39,35.0,0.1024,4.03,127.94,1.14,23.92,10.8,3644.9,0.606,15.0,0.03,0,0,0,0.08,61459.91,6
2025-03,2025-03-01,CN,Toyota,82828,108.45,10531.71,23247.77,46888.39,35.0,0.1024,4.03,127.94,1.14,23.92,10.8,3644.9,0.606,15.0,0.03,0,0,0,0.05,39000.0,2
2025-04,2025-04-01,US,Tesla,58087,108.6,12227.3,23466.06,43087.27,35.0,0.1741,4.03,127.82,1.26,24.58,12.3,1207.3,0.346,100.0,0.057,1,0,0,0.5,40990.66,5
2025-04,2025-04-01,US,BYD,21518,108.6,12227.3,23466.06,43087.27,35.0,0.1741,4.03,127.82,1.26,24.58,12.3,1207.3,0.346,102.5,0.057,1,0,0,0.92,25553.87,15
2025-04,2025-04-01,US,Volkswagen Group,29066,108.6,12227.3,23466.06,43087.27,35.0,0.1741,4.03,127.82,1.26,24.58,12.3,1207.3,0.346,100.0,0.057,1,0,0,0.34,38920.83,8
2025-04,2025-04-01,US,Hyundai-Kia Group,40579,108.6,12227.3,23466.06,43087.27,35.0,0.1741,4.03,127.82,1.26,24.58,12.3,1207.3,0.346,100.0,0.057,1,0,0,0.45,35685.61,9
2025-04,2025-04-01,US,BMW Group,16728,108.6,12227.3,23466.06,43087.27,35.0,0.1741,4.03,127.82,1.26,24.58,12.3,1207.3,0.346,100.0,0.057,1,0,0,0.1,53454.22,6
2025-04,2025-04-01,US,Mercedes-Benz Group,17220,108.6,12227.3,23466.06,43087.27,35.0,0.1741,4.03,127.82,1.26,24.58,12.3,1207.3,0.346,100.0,0.057,1,0,0,0.08,62084.17,6
2025-04,2025-04-01,US,Toyota,10617,108.6,12227.3,23466.06,43087.27,35.0,0.1741,4.03,127.82,1.26,24.58,12.3,1207.3,0.346,100.0,0.057,1,0,0,0.05,39000.0,2
2025-04,2025-04-01,EU,Tesla,86033,108.6,12227.3,23466.06,43087.27,35.0,0.303,4.03,127.82,1.26,25.95,12.3,1808.1,0.338,35.3,0.046,0,1,0,0.5,40787.7,5
2025-04,2025-04-01,EU,BYD,118063,108.6,12227.3,23466.06,43087.27,35.0,0.303,4.03,127.82,1.26,25.95,12.3,1808.1,0.338,27.0,0.046,0,1,0,0.92,25116.55,15
2025-04,2025-04-01,EU,Volkswagen Group,77694,108.6,12227.3,23466.06,43087.27,35.0,0.303,4.03,127.82,1.26,25.95,12.3,1808.1,0.338,35.3,0.046,0,1,0,0.34,38804.92,8
2025-04,2025-04-01,EU,Hyundai-Kia Group,58526,108.6,12227.3,23466.06,43087.27,35.0,0.303,4.03,127.82,1.26,25.95,12.3,1808.1,0.338,35.3,0.046,0,1,0,0.45,35138.94,9
2025-04,2025-04-01,EU,BMW Group,47710,108.6,12227.3,23466.06,43087.27,35.0,0.303,4.03,127.82,1.26,25.95,12.3,1808.1,0.338,35.3,0.046,0,1,0,0.1,54143.41,6
2025-04,2025-04-01,EU,Mercedes-Benz Group,56580,108.6,12227.3,23466.06,43087.27,35.0,0.303,4.03,127.82,1.26,25.95,12.3,1808.1,0.338,35.3,0.046,0,1,0,0.08,59506.44,6
2025-04,2025-04-01,EU,Toyota,34038,108.6,12227.3,23466.06,43087.27,35.0,0.303,4.03,127.82,1.26,25.95,12.3,1808.1,0.338,35.3,0.046,0,1,0,0.05,39000.0,2
2025-04,2025-04-01,CN,Tesla,364646,108.6,12227.3,23466.06,43087.27,35.0,0.1026,4.03,127.82,1.26,24.07,12.3,3675.6,0.609,15.0,0.03,0,0,1,0.65,39854.17,5
2025-04,2025-04-01,CN,BYD,439052,108.6,12227.3,23466.06,43087.27,35.0,0.1026,4.03,127.82,1.26,24.07,12.3,3675.6,0.609,15.0,0.03,0,0,1,0.92,25719.19,15
2025-04,2025-04-01,CN,Volkswagen Group,178108,108.6,12227.3,23466.06,43087.27,35.0,0.1026,4.03,127.82,1.26,24.07,12.3,3675.6,0.609,15.0,0.03,0,0,1,0.34,39369.41,8
2025-04,2025-04-01,CN,Hyundai-Kia Group,195284,108.6,12227.3,23466.06,43087.27,35.0,0.1026,4.03,127.82,1.26,24.07,12.3,3675.6,0.609,15.0,0.03,0,0,1,0.45,34795.31,9
2025-04,2025-04-01,CN,BMW Group,145714,108.6,12227.3,23466.06,43087.27,35.0,0.1026,4.03,127.82,1.26,24.07,12.3,3675.6,0.609,15.0,0.03,0,0,1,0.1,54299.16,6
2025-04,2025-04-01,CN,Mercedes-Benz Group,131911,108.6,12227.3,23466.06,43087.27,35.0,0.1026,4.03,127.82,1.26,24.07,12.3,3675.6,0.609,15.0,0.03,0,0,1,0.08,61675.08,6
2025-04,2025-04-01,CN,Toyota,89203,108.6,12227.3,23466.06,43087.27,35.0,0.1026,4.03,127.82,1.26,24.07,12.3,3675.6,0.609,15.0,0.03,0,0,1,0.05,39000.0,2
2025-05,2025-05-01,US,Tesla,53663,109.96,12450.9,23197.85,41991.34,35.0,0.1748,4.11,129.22,0.9,24.08,9.4,1204.4,0.348,100.0,0.056,1,0,0,0.5,39814.7,5
2025-05,2025-05-01,US,BYD,22751,109.96,12450.9,23197.85,41991.34,35.0,0.1748,4.11,129.22,0.9,24.08,9.4,1204.4,0.348,102.5,0.056,1,0,0,0.92,25659.06,16
2025-05,2025-05-01,US,Volkswagen Group,18987,109.96,12450.9,23197.85,41991.34,35.0,0.1748,4.11,129.22,0.9,24.08,9.4,1204.4,0.348,100.0,0.056,1,0,0,0.34,38510.17,8
2025-05,2025-05-01,US,Hyundai-Kia Group,38374,109.96,12450.9,23197.85,41991.34,35.0,0.1748,4.11,129.22,0.9,24.08,9.4,1204.4,0.348,100.0,0.056,1,0,0,0.46,35109.19,9
2025-05,2025-05-01,US,BMW Group,19031,109.96,12450.9,23197.85,41991.34,35.0,0.1748,4.11,129.22,0.9,24.08,9.4,1204.4,0.348,100.0,0.056,1,0,0,0.1,54457.72,6
2025-05,2025-05-01,US,Mercedes-Benz Group,22185,109.96,12450.9,23197.85,41991.34,35.0,0.1748,4.11,129.22,0.9,24.08,9.4,1204.4,0.348,100.0,0.056,1,0,0,0.08,62209.2,6
2025-05,2025-05-01,US,Toyota,13189,109.96,12450.9,23197.85,41991.34,35.0,0.1748,4.11,129.22,0.9,24.08,9.4,1204.4,0.348,100.0,0.056,1,0,0,0.05,39000.0,2
2025-05,2025-05-01,EU,Tesla,123406,109.96,12450.9,23197.85,41991.34,35.0,0.304,4.11,129.22,0.9,23.94,9.4,1827.3,0.34,35.3,0.044,0,1,0,0.5,40141.66,5
2025-05,2025-05-01,EU,BYD,142758,109.96,12450.9,23197.85,41991.34,35.0,0.304,4.11,129.22,0.9,23.94,9.4,1827.3,0.34,27.0,0.044,0,1,0,0.92,25011.81,16
2025-05,2025-05-01,EU,Volkswagen Group,83458,109.96,12450.9,23197.85,41991.34,35.0,0.304,4.11,129.22,0.9,23.94,9.4,1827.3,0.34,35.3,0.044,0,1,0,0.34,38900.48,8
2025-05,2025-05-01,EU,Hyundai-Kia Group,76784,109.96,12450.9,23197.85,41991.34,35.0,0.304,4.11,129.22,0.9,23.94,9.4,1827.3,0.34,35.3,0.044,0,1,0,0.46,34691.01,9
2025-05,2025-05-01,EU,BMW Group,58826,109.96,12450.9,23197.85,41991.34,35.0,0.304,4.11,129.22,0.9,23.94,9.4,1827.3,0.34,35.3,0.044,0,1,0,0.1,54123.4,6
2025-05,2025-05-01,EU,Mercedes-Benz Group,55587,109.96,12450.9,23197.85,41991.34,35.0,0.304,4.11,129.22,0.9,23.94,9.4,1827.3,0.34,35.3,0.044,0,1,0,0.08,61373.12,6
2025-05,2025-05-01,EU,Toyota,29387,109.96,12450.9,23197.85,41991.34,35.0,0.304,4.11,129.22,0.9,23.94,9.4,1827.3,0.34,35.3,0.044,0,1,0,0.05,39000.0,2
2025-05,2025-05-01,CN,Tesla,346310,109.96,12450.9,23197.85,41991.34,35.0,0.1028,4.11,129.22,0.9,22.06,9.4,3772.8,0.612,15.0,0.03,0,0,1,0.65,40537.39,5
2025-05,2025-05-01,CN,BYD,498490,109.96,12450.9,23197.85,41991.34,35.0,0.1028,4.11,129.22,0.9,22.06,9.4,3772.8,0.612,15.0,0.03,0,0,1,0.92,24961.33,16
2025-05,2025-05-01,CN,Volkswagen Group,146963,109.96,12450.9,23197.85,41991.34,35.0,0.1028,4.11,129.22,0.9,22.06,9.4,3772.8,0.612,15.0,0.03,0,0,1,0.34,39391.81,8
2025-05,2025-05-01,CN,Hyundai-Kia Group,167256,109.96,12450.9,23197.85,41991.34,35.0,0.1028,4.11,129.22,0.9,22.06,9.4,3772.8,0.612,15.0,0.03,0,0,1,0.46,35441.1,9
2025-05,2025-05-01,CN,BMW Group,205724,109.96,12450.9,23197.85,41991.34,35.0,0.1028,4.11,129.22,0.9,22.06,9.4,3772.8,0.612,15.0,0.03,0,0,1,0.1,53580.6,6
2025-05,2025-05-01,CN,Mercedes-Benz Group,127366,109.96,12450.9,23197.85,41991.34,35.0,0.1028,4.11,129.22,0.9,22.06,9.4,3772.8,0.612,15.0,0.03,0,0,1,0.08,61334.57,6
2025-05,2025-05-01,CN,Toyota,97370,109.96,12450.9,23197.85,41991.34,35.0,0.1028,4.11,129.22,0.9,22.06,9.4,3772.8,0.612,15.0,0.03,0,0,1,0.05,39000.0,2
2025-06,2025-06-01,US,Tesla,57935,110.97,12906.8,22656.68,45965.2,35.0,0.1755,3.87,129.88,1.23,23.74,12.7,1214.4,0.35,100.0,0.055,1,0,0,0.5,40119.82,5
2025-06,2025-06-01,US,BYD,22770,110.97,12906.8,22656.68,45965.2,35.0,0.1755,3.87,129.88,1.23,23.74,12.7,1214.4,0.35,102.5,0.055,1,0,0,0.92,25685.3,16
2025-06,2025-06-01,US,Volkswagen Group,26462,110.97,12906.8,22656.68,45965.2,35.0,0.1755,3.87,129.88,1.23,23.74,12.7,1214.4,0.35,100.0,0.055,1,0,0,0.34,38369.05,8
2025-06,2025-06-01,US,Hyundai-Kia Group,41700,110.97,12906.8,22656.68,45965.2,35.0,0.1755,3.87,129.88,1.23,23.74,12.7,1214.4,0.35,100.0,0.055,1,0,0,0.46,35275.25,9
2025-06,2025-06-01,US,BMW Group,17322,110.97,12906.8,22656.68,45965.2,35.0,0.1755,3.87,129.88,1.23,23.74,12.7,1214.4,0.35,100.0,0.055,1,0,0,0.1,54979.92,6
2025-06,2025-06-01,US,Mercedes-Benz Group,16095,110.97,12906.8,22656.68,45965.2,35.0,0.1755,3.87,129.88,1.23,23.74,12.7,1214.4,0.35,100.0,0.055,1,0,0,0.08,61721.34,6
2025-06,2025-06-01,US,Toyota,9730,110.97,12906.8,22656.68,45965.2,35.0,0.1755,3.87,129.88,1.23,23.74,12.7,1214.4,0.35,100.0,0.055,1,0,0,0.05,39000.0,2
2025-06,2025-06-01,EU,Tesla,96246,110.97,12906.8,22656.68,45965.2,35.0,0.305,3.87,129.88,1.23,26.82,12.7,1855.2,0.343,35.3,0.043,0,1,0,0.5,39279.96,5
2025-06,2025-06-01,EU,BYD,130739,110.97,12906.8,22656.68,45965.2,35.0,0.305,3.87,129.88,1.23,26.82,12.7,1855.2,0.343,27.0,0.043,0,1,0,0.92,25442.16,16
2025-06,2025-06-01,EU,Volkswagen Group,68418,110.97,12906.8,22656.68,45965.2,35.0,0.305,3.87,129.88,1.23,26.82,12.7,1855.2,0.343,35.3,0.043,0,1,0,0.34,38754.75,8
2025-06,2025-06-01,EU,Hyundai-Kia Group,60849,110.97,12906.8,22656.68,45965.2,35.0,0.305,3.87,129.88,1.23,26.82,12.7,1855.2,0.343,35.3,0.043,0,1,0,0.46,35243.11,9
2025-06,2025-06-01,EU,BMW Group,57678,110.97,12906.8,22656.68,45965.2,35.0,0.305,3.87,129.88,1.23,26.82,12.7,1855.2,0.343,35.3,0.043,0,1,0,0.1,52786.05,6
2025-06,2025-06-01,EU,Mercedes-Benz Group,43581,110.97,12906.8,22656.68,45965.2,35.0,0.305,3.87,129.88,1.23,26.82,12.7,1855.2,0.343,35.3,0.043,0,1,0,0.08,62516.71,6
2025-06,2025-06-01,EU,Toyota,30478,110.97,12906.8,22656.68,45965.2,35.0,0.305,3.87,129.88,1.23,26.82,12.7,1855.2,0.343,35.3,0.043,0,1,0,0.05,39000.0,2
2025-06,2025-06-01,CN,Tesla,291030,110.97,12906.8,22656.68,45965.2,35.0,0.103,3.87,129.88,1.23,24.07,12.7,3801.9,0.615,15.0,0.03,0,0,1,0.65,40652.01,5
2025-06,2025-06-01,CN,BYD,453953,110.97,12906.8,22656.68,45965.2,35.0,0.103,3.87,129.88,1.23,24.07,12.7,3801.9,0.615,15.0,0.03,0,0,1,0.92,25643.6,16
2025-06,2025-06-01,CN,Volkswagen Group,151811,110.97,12906.8,22656.68,45965.2,35.0,0.103,3.87,129.88,1.23,24.07,12.7,3801.9,0.615,15.0,0.03,0,0,1,0.34,38877.62,8
2025-06,2025-06-01,CN,Hyundai-Kia Group,188241,110.97,12906.8,22656.68,45965.2,35.0,0.103,3.87,129.88,1.23,24.07,12.7,3801.9,0.615,15.0,0.03,0,0,1,0.46,35264.78,9
2025-06,2025-06-01,CN,BMW Group,141462,110.97,12906.8,22656.68,45965.2,35.0,0.103,3.87,129.88,1.23,24.07,12.7,3801.9,0.615,15.0,0.03,0,0,1,0.1,53717.03,6
2025-06,2025-06-01,CN,Mercedes-Benz Group,174469,110.97,12906.8,22656.68,45965.2,35.0,0.103,3.87,129.88,1.23,24.07,12.7,3801.9,0.615,15.0,0.03,0,0,1,0.08,60897.01,6
2025-06,2025-06-01,CN,Toyota,108596,110.97,12906.8,22656.68,45965.2,35.0,0.103,3.87,129.88,1.23,24.07,12.7,3801.9,0.615,15.0,0.03,0,0,1,0.05,39000.0,2
2025-07,2025-07-01,US,Tesla,67724,105.11,13701.95,23452.09,41462.53,35.0,0.1762,4.12,129.58,1.11,22.4,12.6,1260.0,0.352,100.0,0.054,1,0,0,0.5,40709.62,5
2025-07,2025-07-01,US,BYD,24508,105.11,13701.95,23452.09,41462.53,35.0,0.1762,4.12,129.58,1.11,22.4,12.6,1260.0,0.352,102.5,0.054,1,0,0,0.92,25007.99,16
2025-07,2025-07-01,US,Volkswagen Group,23138,105.11,13701.95,23452.09,41462.53,35.0,0.1762,4.12,129.58,1.11,22.4,12.6,1260.0,0.352,100.0,0.054,1,0,0,0.35,38854.46,8
2025-07,2025-07-01,US,Hyundai-Kia Group,37338,105.11,13701.95,23452.09,41462.53,35.0,0.1762,4.12,129.58,1.11,22.4,12.6,1260.0,0.352,100.0,0.054,1,0,0,0.46,34730.43,9
2025-07,2025-07-01,US,BMW Group,20982,105.11,13701.95,23452.09,41462.53,35.0,0.1762,4.12,129.58,1.11,22.4,12.6,1260.0,0.352,100.0,0.054,1,0,0,0.1,55269.89,6
2025-07,2025-07-01,US,Mercedes-Benz Group,16537,105.11,13701.95,23452.09,41462.53,35.0,0.1762,4.12,129.58,1.11,22.4,12.6,1260.0,0.352,100.0,0.054,1,0,0,0.08,62325.7,6
2025-07,2025-07-01,US,Toyota,11413,105.11,13701.95,23452.09,41462.53,35.0,0.1762,4.12,129.58,1.11,22.4,12.6,1260.0,0.352,100.0,0.054,1,0,0,0.05,39000.0,2
2025-07,2025-07-01,EU,Tesla,109281,105.11,13701.95,23452.09,41462.53,35.0,0.306,4.12,129.58,1.11,22.56,12.6,1888.2,0.345,35.3,0.041,0,1,0,0.5,39872.39,5
2025-07,2025-07-01,EU,BYD,142837,105.11,13701.95,23452.09,41462.53,35.0,0.306,4.12,129.58,1.11,22.56,12.6,1888.2,0.345,27.0,0.041,0,1,0,0.92,25333.41,16
2025-07,2025-07-01,EU,Volkswagen Group,97880,105.11,13701.95,23452.09,41462.53,35.0,0.306,4.12,129.58,1.11,22.56,12.6,1888.2,0.345,35.3,0.041,0,1,0,0.35,38878.33,8
2025-07,2025-07-01,EU,Hyundai-Kia Group,66685,105.11,13701.95,23452.09,41462.53,35.0,0.306,4.12,129.58,1.11,22.56,12.6,1888.2,0.345,35.3,0.041,0,1,0,0.46,35353.86,9
2025-07,2025-07-01,EU,BMW Group,64973,105.11,13701.95,23452.09,41462.53,35.0,0.306,4.12,129.58,1.11,22.56,12.6,1888.2,0.345,35.3,0.041,0,1,0,0.1,53869.51,6
2025-07,2025-07-01,EU,Mercedes-Benz Group,41378,105.11,13701.95,23452.09,41462.53,35.0,0.306,4.12,129.58,1.11,22.56,12.6,1888.2,0.345,35.3,0.041,0,1,0,0.08,62415.72,6
2025-07,2025-07-01,EU,Toyota,35075,105.11,13701.95,23452.09,41462.53,35.0,0.306,4.12,129.58,1.11,22.56,12.6,1888.2,0.345,35.3,0.041,0,1,0,0.05,39000.0,2
2025-07,2025-07-01,CN,Tesla,268801,105.11,13701.95,23452.09,41462.53,35.0,0.1032,4.12,129.58,1.11,24.23,12.6,3770.5,0.618,15.0,0.03,0,0,1,0.65,41028.88,5
2025-07,2025-07-01,CN,BYD,478080,105.11,13701.95,23452.09,41462.53,35.0,0.1032,4.12,129.58,1.11,24.23,12.6,3770.5,0.618,15.0,0.03,0,0,1,0.92,25049.7,16
2025-07,2025-07-01,CN,Volkswagen Group,163646,105.11,13701.95,23452.09,41462.53,35.0,0.1032,4.12,129.58,1.11,24.23,12.6,3770.5,0.618,15.0,0.03,0,0,1,0.35,38102.88,8
2025-07,2025-07-01,CN,Hyundai-Kia Group,192489,105.11,13701.95,23452.09,41462.53,35.0,0.1032,4.12,129.58,1.11,24.23,12.6,3770.5,0.618,15.0,0.03,0,0,1,0.46,35298.58,9
2025-07,2025-07-01,CN,BMW Group,170336,105.11,13701.95,23452.09,41462.53,35.0,0.1032,4.12,129.58,1.11,24.23,12.6,3770.5,0.618,15.0,0.03,0,0,1,0.1,53898.42,6
2025-07,2025-07-01,CN,Mercedes-Benz Group,139406,105.11,13701.95,23452.09,41462.53,35.0,0.1032,4.12,129.58,1.11,24.23,12.6,3770.5,0.618,15.0,0.03,0,0,1,0.08,62037.24,6
2025-07,2025-07-01,CN,Toyota,89344,105.11,13701.95,23452.09,41462.53,35.0,0.1032,4.12,129.58,1.11,24.23,12.6,3770.5,0.618,15.0,0.03,0,0,1,0.05,39000.0,2
2025-08,2025-08-01,US,Tesla,58660,105.38,14110.45,23396.31,42227.2,35.0,0.1769,3.99,129.91,0.69,24.93,12.3,1253.6,0.354,100.0,0.053,1,0,0,0.5,39744.44,5
2025-08,2025-08-01,US,BYD,21681,105.38,14110.45,23396.31,42227.2,35.0,0.1769,3.99,129.91,0.69,24.93,12.3,1253.6,0.354,102.5,0.053,1,0,0,0.92,25515.24,16
2025-08,2025-08-01,US,Volkswagen Group,22911,105.38,14110.45,23396.31,42227.2,35.0,0.1769,3.99,129.91,0.69,24.93,12.3,1253.6,0.354,100.0,0.053,1,0,0,0.35,38309.74,8
2025-08,2025-08-01,US,Hyundai-Kia Group,38555,105.38,14110.45,23396.31,42227.2,35.0,0.1769,3.99,129.91,0.69,24.93,12.3,1253.6,0.354,100.0,0.053,1,0,0,0.47,35115.66,9
2025-08,2025-08-01,US,BMW Group,20243,105.38,14110.45,23396.31,42227.2,35.0,0.1769,3.99,129.91,0.69,24.93,12.3,1253.6,0.354,100.0,0.053,1,0,0,0.1,52728.11,6
2025-08,2025-08-01,US,Mercedes-Benz Group,16481,105.38,14110.45,23396.31,42227.2,35.0,0.1769,3.99,129.91,0.69,24.93,12.3,1253.6,0.354,100.0,0.053,1,0,0,0.08,63420.02,6
2025-08,2025-08-01,US,Toyota,10941,105.38,14110.45,23396.31,42227.2,35.0,0.1769,3.99,129.91,0.69,24.93,12.3,1253.6,0.354,100.0,0.053,1,0,0,0.05,39000.0,2
2025-08,2025-08-01,EU,Tesla,90599,105.38,14110.45,23396.31,42227.2,35.0,0.307,3.99,129.91,0.69,24.36,12.3,1899.6,0.348,35.3,0.04,0,1,0,0.5,40556.37,5
2025-08,2025-08-01,EU,BYD,152514,105.38,14110.45,23396.31,42227.2,35.0,0.307,3.99,129.91,0.69,24.36,12.3,1899.6,0.348,27.0,0.04,0,1,0,0.92,25569.41,16
2025-08,2025-08-01,EU,Volkswagen Group,90812,105.38,14110.45,23396.31,42227.2,35.0,0.307,3.99,129.91,0.69,24.36,12.3,1899.6,0.348,35.3,0.04,0,1,0,0.35,38583.14,8
2025-08,2025-08-01,EU,Hyundai-Kia Group,80681,105.38,14110.45,23396.31,42227.2,35.0,0.307,3.99,129.91,0.69,24.36,12.3,1899.6,0.348,35.3,0.04,0,1,0,0.47,35381.78,9
2025-08,2025-08-01,EU,BMW Group,60133,105.38,14110.45,23396.31,42227.2,35.0,0.307,3.99,129.91,0.69,24.36,12.3,1899.6,0.348,35.3,0.04,0,1,0,0.1,53294.19,6
2025-08,2025-08-01,EU,Mercedes-Benz Group,47645,105.38,14110.45,23396.31,42227.2,35.0,0.307,3.99,129.91,0.69,24.36,12.3,1899.6,0.348,35.3,0.04,0,1,0,0.08,61598.25,6
2025-08,2025-08-01,EU,Toyota,33060,105.38,14110.45,23396.31,42227.2,35.0,0.307,3.99,129.91,0.69,24.36,12.3,1899.6,0.348,35.3,0.04,0,1,0,0.05,39000.0,2
2025-08,2025-08-01,CN,Tesla,262567,105.38,14110.45,23396.31,42227.2,35.0,0.1034,3.99,129.91,0.69,25.42,12.3,3861.2,0.621,15.0,0.03,0,0,1,0.65,39918.14,5
2025-08,2025-08-01,CN,BYD,444376,105.38,14110.45,23396.31,42227.2,35.0,0.1034,3.99,129.91,0.69,25.42,12.3,3861.2,0.621,15.0,0.03,0,0,1,0.92,25231.94,16
2025-08,2025-08-01,CN,Volkswagen Group,189264,105.38,14110.45,23396.31,42227.2,35.0,0.1034,3.99,129.91,0.69,25.42,12.3,3861.2,0.621,15.0,0.03,0,0,1,0.35,39131.69,8
2025-08,2025-08-01,CN,Hyundai-Kia Group,279084,105.38,14110.45,23396.31,42227.2,35.0,0.1034,3.99,129.91,0.69,25.42,12.3,3861.2,0.621,15.0,0.03,0,0,1,0.47,34629.79,9
2025-08,2025-08-01,CN,BMW Group,181028,105.38,14110.45,23396.31,42227.2,35.0,0.1034,3.99,129.91,0.69,25.42,12.3,3861.2,0.621,15.0,0.03,0,0,1,0.1,54138.87,6
2025-08,2025-08-01,CN,Mercedes-Benz Group,143525,105.38,14110.45,23396.31,42227.2,35.0,0.1034,3.99,129.91,0.69,25.42,12.3,3861.2,0.621,15.0,0.03,0,0,1,0.08,61528.63,6
2025-08,2025-08-01,CN,Toyota,103310,105.38,14110.45,23396.31,42227.2,35.0,0.1034,3.99,129.91,0.69,25.42,12.3,3861.2,0.621,15.0,0.03,0,0,1,0.05,39000.0,2
2025-09,2025-09-01,US,Tesla,61666,103.86,16560.61,23260.09,41960.14,38.98,0.1776,4.09,130.53,1.18,23.13,13.5,1256.8,0.356,100.0,0.052,1,0,0,0.5,39769.81,5
2025-09,2025-09-01,US,BYD,25723,103.86,16560.61,23260.09,41960.14,38.98,0.1776,4.09,130.53,1.18,23.13,13.5,1256.8,0.356,102.5,0.052,1,0,0,0.92,25242.63,16
2025-09,2025-09-01,US,Volkswagen Group,24058,103.86,16560.61,23260.09,41960.14,38.98,0.1776,4.09,130.53,1.18,23.13,13.5,1256.8,0.356,100.0,0.052,1,0,0,0.35,38729.63,8
2025-09,2025-09-01,US,Hyundai-Kia Group,35000,103.86,16560.61,23260.09,41960.14,38.98,0.1776,4.09,130.53,1.18,23.13,13.5,1256.8,0.356,100.0,0.052,1,0,0,0.47,34305.64,9
2025-09,2025-09-01,US,BMW Group,16357,103.86,16560.61,23260.09,41960.14,38.98,0.1776,4.09,130.53,1.18,23.13,13.5,1256.8,0.356,100.0,0.052,1,0,0,0.1,54088.61,6
2025-09,2025-09-01,US,Mercedes-Benz Group,17966,103.86,16560.61,23260.09,41960.14,38.98,0.1776,4.09,130.53,1.18,23.13,13.5,1256.8,0.356,100.0,0.052,1,0,0,0.08,62410.11,6
2025-09,2025-09-01,US,Toyota,18873,103.86,16560.61,23260.09,41960.14,38.98,0.1776,4.09,130.53,1.18,23.13,13.5,1256.8,0.356,100.0,0.052,1,0,0,0.05,39000.0,2
2025-09,2025-09-01,EU,Tesla,123567,103.86,16560.61,23260.09,41960.14,38.98,0.308,4.09,130.53,1.18,23.92,13.5,1950.6,0.35,35.3,0.038,0,1,0,0.5,39786.83,5
2025-09,2025-09-01,EU,BYD,122169,103.86,16560.61,23260.09,41960.14,38.98,0.308,4.09,130.53,1.18,23.92,13.5,1950.6,0.35,27.0,0.038,0,1,0,0.92,25910.95,16
2025-09,2025-09-01,EU,Volkswagen Group,84220,103.86,16560.61,23260.09,41960.14,38.98,0.308,4.09,130.53,1.18,23.92,13.5,1950.6,0.35,35.3,0.038,0,1,0,0.35,37845.45,8
2025-09,2025-09-01,EU,Hyundai-Kia Group,80268,103.86,16560.61,23260.09,41960.14,38.98,0.308,4.09,130.53,1.18,23.92,13.5,1950.6,0.35,35.3,0.038,0,1,0,0.47,35113.1,9
2025-09,2025-09-01,EU,BMW Group,49112,103.86,16560.61,23260.09,41960.14,38.98,0.308,4.09,130.53,1.18,23.92,13.5,1950.6,0.35,35.3,0.038,0,1,0,0.1,54561.86,6
2025-09,2025-09-01,EU,Mercedes-Benz Group,54485,103.86,16560.61,23260.09,41960.14,38.98,0.308,4.09,130.53,1.18,23.92,13.5,1950.6,0.35,35.3,0.038,0,1,0,0.08,59747.08,6
2025-09,2025-09-01,EU,Toyota,31084,103.86,16560.61,23260.09,41960.14,38.98,0.308,4.09,130.53,1.18,23.92,13.5,1950.6,0.35,35.3,0.038,0,1,0,0.05,39000.0,2
2025-09,2025-09-01,CN,Tesla,309884,103.86,16560.61,23260.09,41960.14,38.98,0.1036,4.09,130.53,1.18,24.31,13.5,3859.5,0.624,15.0,0.03,0,0,1,0.65,40236.59,5
2025-09,2025-09-01,CN,BYD,446792,103.86,16560.61,23260.09,41960.14,38.98,0.1036,4.09,130.53,1.18,24.31,13.5,3859.5,0.624,15.0,0.03,0,0,1,0.92,25262.65,16
2025-09,2025-09-01,CN,Volkswagen Group,156804,103.86,16560.61,23260.09,41960.14,38.98,0.1036,4.09,130.53,1.18,24.31,13.5,3859.5,0.624,15.0,0.03,0,0,1,0.35,38411.77,8
2025-09,2025-09-01,CN,Hyundai-Kia Group,230865,103.86,16560.61,23260.09,41960.14,38.98,0.1036,4.09,130.53,1.18,24.31,13.5,3859.5,0.624,15.0,0.03,0,0,1,0.47,34594.13,9
2025-09,2025-09-01,CN,BMW Group,165963,103.86,16560.61,23260.09,41960.14,38.98,0.1036,4.09,130.53,1.18,24.31,13.5,3859.5,0.624,15.0,0.03,0,0,1,0.1,54113.01,6
2025-09,2025-09-01,CN,Mercedes-Benz Group,137926,103.86,16560.61,23260.09,41960.14,38.98,0.1036,4.09,130.53,1.18,24.31,13.5,3859.5,0.624,15.0,0.03,0,0,1,0.08,60803.88,6
2025-09,2025-09-01,CN,Toyota,75821,103.86,16560.61,23260.09,41960.14,38.98,0.1036,4.09,130.53,1.18,24.31,13.5,3859.5,0.624,15.0,0.03,0,0,1,0.05,39000.0,2
2025-10,2025-10-01,US,Tesla,65749,104.91,16286.07,20263.48,40909.81,44.76,0.1783,3.95,130.84,0.66,24.26,12.1,1300.9,0.358,100.0,0.051,1,0,0,0.5,39708.86,5
2025-10,2025-10-01,US,BYD,21113,104.91,16286.07,20263.48,40909.81,44.76,0.1783,3.95,130.84,0.66,24.26,12.1,1300.9,0.358,102.5,0.051,1,0,0,0.92,25446.67,16
2025-10,2025-10-01,US,Volkswagen Group,26185,104.91,16286.07,20263.48,40909.81,44.76,0.1783,3.95,130.84,0.66,24.26,12.1,1300.9,0.358,100.0,0.051,1,0,0,0.36,38809.31,8
2025-10,2025-10-01,US,Hyundai-Kia Group,38806,104.91,16286.07,20263.48,40909.81,44.76,0.1783,3.95,130.84,0.66,24.26,12.1,1300.9,0.358,100.0,0.051,1,0,0,0.48,34797.05,9
2025-10,2025-10-01,US,BMW Group,24354,104.91,16286.07,20263.48,40909.81,44.76,0.1783,3.95,130.84,0.66,24.26,12.1,1300.9,0.358,100.0,0.051,1,0,0,0.1,54642.1,6
2025-10,2025-10-01,US,Mercedes-Benz Group,21978,104.91,16286.07,20263.48,40909.81,44.76,0.1783,3.95,130.84,0.66,24.26,12.1,1300.9,0.358,100.0,0.051,1,0,0,0.08,61107.66,6
2025-10,2025-10-01,US,Toyota,12908,104.91,16286.07,20263.48,40909.81,44.76,0.1783,3.95,130.84,0.66,24.26,12.1,1300.9,0.358,100.0,0.051,1,0,0,0.05,39000.0,2
2025-10,2025-10-01,EU,Tesla,126428,104.91,16286.07,20263.48,40909.81,44.76,0.309,3.95,130.84,0.66,23.02,12.1,1926.3,0.353,35.3,0.037,0,1,0,0.5,38834.47,5
2025-10,2025-10-01,EU,BYD,140601,104.91,16286.07,20263.48,40909.81,44.76,0.309,3.95,130.84,0.66,23.02,12.1,1926.3,0.353,27.0,0.037,0,1,0,0.92,24900.66,16
2025-10,2025-10-01,EU,Volkswagen Group,97858,104.91,16286.07,20263.48,40909.81,44.76,0.309,3.95,130.84,0.66,23.02,12.1,1926.3,0.353,35.3,0.037,0,1,0,0.36,37649.76,8
2025-10,2025-10-01,EU,Hyundai-Kia Group,79227,104.91,16286.07,20263.48,40909.81,44.76,0.309,3.95,130.84,0.66,23.02,12.1,1926.3,0.353,35.3,0.037,0,1,0,0.48,34729.87,9
2025-10,2025-10-01,EU,BMW Group,53687,104.91,16286.07,20263.48,40909.81,44.76,0.309,3.95,130.84,0.66,23.02,12.1,1926.3,0.353,35.3,0.037,0,1,0,0.1,53234.45,6
2025-10,2025-10-01,EU,Mercedes-Benz Group,50132,104.91,16286.07,20263.48,40909.81,44.76,0.309,3.95,130.84,0.66,23.02,12.1,1926.3,0.353,35.3,0.037,0,1,0,0.08,61921.5,6
2025-10,2025-10-01,EU,Toyota,39111,104.91,16286.07,20263.48,40909.81,44.76,0.309,3.95,130.84,0.66,23.02,12.1,1926.3,0.353,35.3,0.037,0,1,0,0.05,39000.0,2
2025-10,2025-10-01,CN,Tesla,368738,104.91,16286.07,20263.48,40909.81,44.76,0.1038,3.95,130.84,0.66,24.14,12.1,3932.9,0.627,15.0,0.03,0,0,1,0.65,40371.64,5
2025-10,2025-10-01,CN,BYD,513364,104.91,16286.07,20263.48,40909.81,44.76,0.1038,3.95,130.84,0.66,24.14,12.1,3932.9,0.627,15.0,0.03,0,0,1,0.92,25326.28,16
2025-10,2025-10-01,CN,Volkswagen Group,201665,104.91,16286.07,20263.48,40909.81,44.76,0.1038,3.95,130.84,0.66,24.14,12.1,3932.9,0.627,15.0,0.03,0,0,1,0.36,38383.73,8
2025-10,2025-10-01,CN,Hyundai-Kia Group,232401,104.91,16286.07,20263.48,40909.81,44.76,0.1038,3.95,130.84,0.66,24.14,12.1,3932.9,0.627,15.0,0.03,0,0,1,0.48,34659.76,9
2025-10,2025-10-01,CN,BMW Group,157795,104.91,16286.07,20263.48,40909.81,44.76,0.1038,3.95,130.84,0.66,24.14,12.1,3932.9,0.627,15.0,0.03,0,0,1,0.1,53987.26,6
2025-10,2025-10-01,CN,Mercedes-Benz Group,130422,104.91,16286.07,20263.48,40909.81,44.76,0.1038,3.95,130.84,0.66,24.14,12.1,3932.9,0.627,15.0,0.03,0,0,1,0.08,60737.3,6
2025-10,2025-10-01,CN,Toyota,89396,104.91,16286.07,20263.48,40909.81,44.76,0.1038,3.95,130.84,0.66,24.14,12.1,3932.9,0.627,15.0,0.03,0,0,1,0.05,39000.0,2
2025-11,2025-11-01,US,Tesla,46071,103.57,13265.37,20105.0,41817.25,35.0,0.179,4.06,131.74,0.96,24.21,12.4,1286.4,0.36,100.0,0.05,1,0,0,0.5,38967.75,5
2025-11,2025-11-01,US,BYD,20713,103.57,13265.37,20105.0,41817.25,35.0,0.179,4.06,131.74,0.96,24.21,12.4,1286.4,0.36,102.5,0.05,1,0,0,0.92,25385.15,16
2025-11,2025-11-01,US,Volkswagen Group,19969,103.57,13265.37,20105.0,41817.25,35.0,0.179,4.06,131.74,0.96,24.21,12.4,1286.4,0.36,100.0,0.05,1,0,0,0.36,38240.93,8
2025-11,2025-11-01,US,Hyundai-Kia Group,40695,103.57,13265.37,20105.0,41817.25,35.0,0.179,4.06,131.74,0.96,24.21,12.4,1286.4,0.36,100.0,0.05,1,0,0,0.48,34540.04,10
2025-11,2025-11-01,US,BMW Group,20759,103.57,13265.37,20105.0,41817.25,35.0,0.179,4.06,131.74,0.96,24.21,12.4,1286.4,0.36,100.0,0.05,1,0,0,0.1,53773.06,7
2025-11,2025-11-01,US,Mercedes-Benz Group,20259,103.57,13265.37,20105.0,41817.25,35.0,0.179,4.06,131.74,0.96,24.21,12.4,1286.4,0.36,100.0,0.05,1,0,0,0.08,60963.91,6
2025-11,2025-11-01,US,Toyota,10817,103.57,13265.37,20105.0,41817.25,35.0,0.179,4.06,131.74,0.96,24.21,12.4,1286.4,0.36,100.0,0.05,1,0,0,0.05,39000.0,2
2025-11,2025-11-01,EU,Tesla,100440,103.57,13265.37,20105.0,41817.25,35.0,0.31,4.06,131.74,0.96,25.51,12.4,1967.3,0.355,35.3,0.035,0,1,0,0.5,39840.45,5
2025-11,2025-11-01,EU,BYD,159816,103.57,13265.37,20105.0,41817.25,35.0,0.31,4.06,131.74,0.96,25.51,12.4,1967.3,0.355,27.0,0.035,0,1,0,0.92,25341.51,16
2025-11,2025-11-01,EU,Volkswagen Group,75808,103.57,13265.37,20105.0,41817.25,35.0,0.31,4.06,131.74,0.96,25.51,12.4,1967.3,0.355,35.3,0.035,0,1,0,0.36,37830.81,8
2025-11,2025-11-01,EU,Hyundai-Kia Group,82337,103.57,13265.37,20105.0,41817.25,35.0,0.31,4.06,131.74,0.96,25.51,12.4,1967.3,0.355,35.3,0.035,0,1,0,0.48,34540.98,10
2025-11,2025-11-01,EU,BMW Group,47392,103.57,13265.37,20105.0,41817.25,35.0,0.31,4.06,131.74,0.96,25.51,12.4,1967.3,0.355,35.3,0.035,0,1,0,0.1,54027.86,7
2025-11,2025-11-01,EU,Mercedes-Benz Group,42854,103.57,13265.37,20105.0,41817.25,35.0,0.31,4.06,131.74,0.96,25.51,12.4,1967.3,0.355,35.3,0.035,0,1,0,0.08,61251.75,6
2025-11,2025-11-01,EU,Toyota,29982,103.57,13265.37,20105.0,41817.25,35.0,0.31,4.06,131.74,0.96,25.51,12.4,1967.3,0.355,35.3,0.035,0,1,0,0.05,39000.0,2
2025-11,2025-11-01,CN,Tesla,365079,103.57,13265.37,20105.0,41817.25,35.0,0.104,4.06,131.74,0.96,22.45,12.4,4024.5,0.63,15.0,0.03,0,0,1,0.65,40404.39,5
2025-11,2025-11-01,CN,BYD,452844,103.57,13265.37,20105.0,41817.25,35.0,0.104,4.06,131.74,0.96,22.45,12.4,4024.5,0.63,15.0,0.03,0,0,1,0.92,25827.26,16
2025-11,2025-11-01,CN,Volkswagen Group,163149,103.57,13265.37,20105.0,41817.25,35.0,0.104,4.06,131.74,0.96,22.45,12.4,4024.5,0.63,15.0,0.03,0,0,1,0.36,38340.02,8
2025-11,2025-11-01,CN,Hyundai-Kia Group,241870,103.57,13265.37,20105.0,41817.25,35.0,0.104,4.06,131.74,0.96,22.45,12.4,4024.5,0.63,15.0,0.03,0,0,1,0.48,34490.14,10
2025-11,2025-11-01,CN,BMW Group,149698,103.57,13265.37,20105.0,41817.25,35.0,0.104,4.06,131.74,0.96,22.45,12.4,4024.5,0.63,15.0,0.03,0,0,1,0.1,54577.64,7
2025-11,2025-11-01,CN,Mercedes-Benz Group,145507,103.57,13265.37,20105.0,41817.25,35.0,0.104,4.06,131.74,0.96,22.45,12.4,4024.5,0.63,15.0,0.03,0,0,1,0.08,61207.6,6
2025-11,2025-11-01,CN,Toyota,88689,103.57,13265.37,20105.0,41817.25,35.0,0.104,4.06,131.74,0.96,22.45,12.4,4024.5,0.63,15.0,0.03,0,0,1,0.05,39000.0,2
2025-12,2025-12-01,US,Tesla,54329,101.17,13387.09,19984.59,39536.64,44.22,0.1797,3.98,131.84,1.15,24.13,12.3,1326.0,0.362,100.0,0.049,1,0,0,0.5,39978.06,5
2025-12,2025-12-01,US,BYD,20707,101.17,13387.09,19984.59,39536.64,44.22,0.1797,3.98,131.84,1.15,24.13,12.3,1326.0,0.362,102.5,0.049,1,0,0,0.92,25597.33,16
2025-12,2025-12-01,US,Volkswagen Group,23667,101.17,13387.09,19984.59,39536.64,44.22,0.1797,3.98,131.84,1.15,24.13,12.3,1326.0,0.362,100.0,0.049,1,0,0,0.36,37729.23,8
2025-12,2025-12-01,US,Hyundai-Kia Group,49616,101.17,13387.09,19984.59,39536.64,44.22,0.1797,3.98,131.84,1.15,24.13,12.3,1326.0,0.362,100.0,0.049,1,0,0,0.48,35086.76,10
2025-12,2025-12-01,US,BMW Group,18986,101.17,13387.09,19984.59,39536.64,44.22,0.1797,3.98,131.84,1.15,24.13,12.3,1326.0,0.362,100.0,0.049,1,0,0,0.1,53885.8,7
2025-12,2025-12-01,US,Mercedes-Benz Group,20506,101.17,13387.09,19984.59,39536.64,44.22,0.1797,3.98,131.84,1.15,24.13,12.3,1326.0,0.362,100.0,0.049,1,0,0,0.08,61292.98,6
2025-12,2025-12-01,US,Toyota,14387,101.17,13387.09,19984.59,39536.64,44.22,0.1797,3.98,131.84,1.15,24.13,12.3,1326.0,0.362,100.0,0.049,1,0,0,0.05,39000.0,2
2025-12,2025-12-01,EU,Tesla,128557,101.17,13387.09,19984.59,39536.64,44.22,0.311,3.98,131.84,1.15,22.9,12.3,1954.3,0.357,35.3,0.034,0,1,0,0.5,39447.96,5
2025-12,2025-12-01,EU,BYD,163028,101.17,13387.09,19984.59,39536.64,44.22,0.311,3.98,131.84,1.15,22.9,12.3,1954.3,0.357,27.0,0.034,0,1,0,0.92,24891.16,16
2025-12,2025-12-01,EU,Volkswagen Group,110468,101.17,13387.09,19984.59,39536.64,44.22,0.311,3.98,131.84,1.15,22.9,12.3,1954.3,0.357,35.3,0.034,0,1,0,0.36,38377.22,8
2025-12,2025-12-01,EU,Hyundai-Kia Group,89153,101.17,13387.09,19984.59,39536.64,44.22,0.311,3.98,131.84,1.15,22.9,12.3,1954.3,0.357,35.3,0.034,0,1,0,0.48,34887.14,10
2025-12,2025-12-01,EU,BMW Group,49591,101.17,13387.09,19984.59,39536.64,44.22,0.311,3.98,131.84,1.15,22.9,12.3,1954.3,0.357,35.3,0.034,0,1,0,0.1,53260.04,7
2025-12,2025-12-01,EU,Mercedes-Benz Group,60938,101.17,13387.09,19984.59,39536.64,44.22,0.311,3.98,131.84,1.15,22.9,12.3,1954.3,0.357,35.3,0.034,0,1,0,0.08,61135.56,6
2025-12,2025-12-01,EU,Toyota,45496,101.17,13387.09,19984.59,39536.64,44.22,0.311,3.98,131.84,1.15,22.9,12.3,1954.3,0.357,35.3,0.034,0,1,0,0.05,39000.0,2
2025-12,2025-12-01,CN,Tesla,326715,101.17,13387.09,19984.59,39536.64,44.22,0.1042,3.98,131.84,1.15,24.48,12.3,4062.8,0.633,15.0,0.03,0,0,1,0.65,39669.82,5
2025-12,2025-12-01,CN,BYD,617998,101.17,13387.09,19984.59,39536.64,44.22,0.1042,3.98,131.84,1.15,24.48,12.3,4062.8,0.633,15.0,0.03,0,0,1,0.92,25510.98,16
2025-12,2025-12-01,CN,Volkswagen Group,248517,101.17,13387.09,19984.59,39536.64,44.22,0.1042,3.98,131.84,1.15,24.48,12.3,4062.8,0.633,15.0,0.03,0,0,1,0.36,37942.98,8
2025-12,2025-12-01,CN,Hyundai-Kia Group,282396,101.17,13387.09,19984.59,39536.64,44.22,0.1042,3.98,131.84,1.15,24.48,12.3,4062.8,0.633,15.0,0.03,0,0,1,0.48,34481.19,10
2025-12,2025-12-01,CN,BMW Group,193811,101.17,13387.09,19984.59,39536.64,44.22,0.1042,3.98,131.84,1.15,24.48,12.3,4062.8,0.633,15.0,0.03,0,0,1,0.1,52895.91,7
2025-12,2025-12-01,CN,Mercedes-Benz Group,132111,101.17,13387.09,19984.59,39536.64,44.22,0.1042,3.98,131.84,1.15,24.48,12.3,4062.8,0.633,15.0,0.03,0,0,1,0.08,60860.58,6
2025-12,2025-12-01,CN,Toyota,114486,101.17,13387.09,19984.59,39536.64,44.22,0.1042,3.98,131.84,1.15,24.48,12.3,4062.8,0.633,15.0,0.03,0,0,1,0.05,39000.0,2
